elapsed_s,gpu_memory_mib,wsl_rss_kib,wsl_rss_source,wsl_swap_kib,minor_faults,major_faults,fault_processes,pcie_rx_mib_s,pcie_tx_mib_s
2.091,30488.0,73641212,WSL MemTotal-MemAvailable fallback,0,18917517,1158,4,,
3.126,30488.0,73876288,WSL MemTotal-MemAvailable fallback,0,18988486,1160,4,,
4.177,30488.0,73880896,WSL MemTotal-MemAvailable fallback,0,18988486,1160,4,,
5.246,30488.0,73893820,WSL MemTotal-MemAvailable fallback,0,18988486,1160,4,,
6.279,30488.0,73857984,WSL MemTotal-MemAvailable fallback,0,18988486,1160,4,,
7.341,30488.0,73878548,WSL MemTotal-MemAvailable fallback,0,18988486,1160,4,,
8.402,30488.0,73878896,WSL MemTotal-MemAvailable fallback,0,18988486,1160,4,,
9.462,30488.0,73878828,WSL MemTotal-MemAvailable fallback,0,18988486,1160,4,,
10.517,30488.0,73875504,WSL MemTotal-MemAvailable fallback,0,18988486,1160,4,,
11.577,30488.0,73877388,WSL MemTotal-MemAvailable fallback,0,18988486,1160,4,,
12.635,30487.0,73861916,WSL MemTotal-MemAvailable fallback,0,18988486,1160,4,,
13.685,30485.0,73881436,WSL MemTotal-MemAvailable fallback,0,18988486,1160,4,,
14.721,30485.0,73884700,WSL MemTotal-MemAvailable fallback,0,18988486,1160,4,,
15.764,30485.0,73882700,WSL MemTotal-MemAvailable fallback,0,18988486,1160,4,,
16.829,30486.0,73882512,WSL MemTotal-MemAvailable fallback,0,18988486,1160,4,,
17.885,30486.0,73876632,WSL MemTotal-MemAvailable fallback,0,18988486,1160,4,,
18.955,30486.0,73877668,WSL MemTotal-MemAvailable fallback,0,18988486,1160,4,,
20.015,30486.0,73874624,WSL MemTotal-MemAvailable fallback,0,18988486,1160,4,,
21.069,30486.0,73869420,WSL MemTotal-MemAvailable fallback,0,18988486,1160,4,,
22.114,30486.0,73874040,WSL MemTotal-MemAvailable fallback,0,18988486,1160,4,,
23.153,30486.0,73876904,WSL MemTotal-MemAvailable fallback,0,18988486,1160,4,,
24.214,30486.0,73877632,WSL MemTotal-MemAvailable fallback,0,18988486,1160,4,,
25.279,30486.0,73878340,WSL MemTotal-MemAvailable fallback,0,18988486,1160,4,,
26.328,30486.0,73850172,WSL MemTotal-MemAvailable fallback,0,18988486,1160,4,,
27.375,30486.0,73873664,WSL MemTotal-MemAvailable fallback,0,18988486,1160,4,,
28.443,30486.0,73868740,WSL MemTotal-MemAvailable fallback,0,18988486,1160,4,,
29.492,30486.0,73867184,WSL MemTotal-MemAvailable fallback,0,18988486,1160,4,,
30.534,30486.0,73871728,WSL MemTotal-MemAvailable fallback,0,18988486,1160,4,,
31.583,30487.0,73873460,WSL MemTotal-MemAvailable fallback,0,18988486,1160,4,,
32.624,30486.0,73874708,WSL MemTotal-MemAvailable fallback,0,18988486,1160,4,,
33.679,30486.0,73875728,WSL MemTotal-MemAvailable fallback,0,18988486,1160,4,,
34.728,30486.0,73868344,WSL MemTotal-MemAvailable fallback,0,18988486,1160,4,,
35.774,30486.0,73867704,WSL MemTotal-MemAvailable fallback,0,18988486,1160,4,,
36.83,30486.0,73869160,WSL MemTotal-MemAvailable fallback,0,18988486,1160,4,,
37.9,30486.0,73869464,WSL MemTotal-MemAvailable fallback,0,18988486,1160,4,,
38.97,30494.0,73867928,WSL MemTotal-MemAvailable fallback,0,18988486,1160,4,,
40.04,30493.0,73870480,WSL MemTotal-MemAvailable fallback,0,18988486,1160,4,,
41.103,30492.0,73867304,WSL MemTotal-MemAvailable fallback,0,18988486,1160,4,,
42.141,30489.0,73867488,WSL MemTotal-MemAvailable fallback,0,18988486,1160,4,,
43.18,30479.0,73779784,WSL MemTotal-MemAvailable fallback,0,18988486,1160,4,,
44.233,30478.0,73771128,WSL MemTotal-MemAvailable fallback,0,18988486,1160,4,,
45.285,30478.0,73764968,WSL MemTotal-MemAvailable fallback,0,18988486,1160,4,,
46.323,30478.0,73772324,WSL MemTotal-MemAvailable fallback,0,18988486,1160,4,,
47.36,30478.0,73771524,WSL MemTotal-MemAvailable fallback,0,18988486,1160,4,,
48.408,30490.0,73762228,WSL MemTotal-MemAvailable fallback,0,18988486,1160,4,,
49.443,30490.0,73783704,WSL MemTotal-MemAvailable fallback,0,18988486,1160,4,,
50.479,30488.0,73768148,WSL MemTotal-MemAvailable fallback,0,18988486,1160,4,,
51.526,30490.0,73778992,WSL MemTotal-MemAvailable fallback,0,18988486,1160,4,,
52.561,30490.0,73770352,WSL MemTotal-MemAvailable fallback,0,18988486,1160,4,,
53.6,30490.0,73770264,WSL MemTotal-MemAvailable fallback,0,18988486,1160,4,,
54.638,30490.0,73766236,WSL MemTotal-MemAvailable fallback,0,18988486,1160,4,,
55.673,30490.0,73766528,WSL MemTotal-MemAvailable fallback,0,18988486,1160,4,,
56.708,30489.0,73770320,WSL MemTotal-MemAvailable fallback,0,18988486,1160,4,,
57.747,30488.0,73779072,WSL MemTotal-MemAvailable fallback,0,18988486,1160,4,,
58.786,30489.0,73773912,WSL MemTotal-MemAvailable fallback,0,18988486,1160,4,,
59.823,30483.0,73767584,WSL MemTotal-MemAvailable fallback,0,18988486,1160,4,,
60.858,30483.0,73773052,WSL MemTotal-MemAvailable fallback,0,18988486,1160,4,,
61.9,30483.0,73766216,WSL MemTotal-MemAvailable fallback,0,18988486,1160,4,,
62.933,30483.0,73769120,WSL MemTotal-MemAvailable fallback,0,18988486,1160,4,,
63.972,30483.0,73776872,WSL MemTotal-MemAvailable fallback,0,18988486,1160,4,,
65.027,30483.0,73770552,WSL MemTotal-MemAvailable fallback,0,18988486,1160,4,,
66.063,30483.0,73772520,WSL MemTotal-MemAvailable fallback,0,18988486,1160,4,,
67.101,30483.0,73771876,WSL MemTotal-MemAvailable fallback,0,18988486,1160,4,,
68.141,30483.0,73768872,WSL MemTotal-MemAvailable fallback,0,18988486,1160,4,,
69.182,30483.0,73777672,WSL MemTotal-MemAvailable fallback,0,18988486,1160,4,,
70.224,30483.0,73770976,WSL MemTotal-MemAvailable fallback,0,18988486,1160,4,,
71.273,30494.0,73790856,WSL MemTotal-MemAvailable fallback,0,18988486,1160,4,,
72.31,30489.0,73785700,WSL MemTotal-MemAvailable fallback,0,18988486,1160,4,,
73.346,30489.0,73773192,WSL MemTotal-MemAvailable fallback,0,18988486,1160,4,,
74.385,30489.0,73766816,WSL MemTotal-MemAvailable fallback,0,18988486,1160,4,,
75.425,30489.0,73780408,WSL MemTotal-MemAvailable fallback,0,18988486,1160,4,,
76.462,30489.0,73775052,WSL MemTotal-MemAvailable fallback,0,18988486,1160,4,,
77.497,30489.0,73765092,WSL MemTotal-MemAvailable fallback,0,18988486,1160,4,,
78.539,30489.0,73773276,WSL MemTotal-MemAvailable fallback,0,18988486,1160,4,,
79.577,30488.0,73772916,WSL MemTotal-MemAvailable fallback,0,18988486,1160,4,,
80.615,30488.0,73770068,WSL MemTotal-MemAvailable fallback,0,18988486,1160,4,,
81.651,30488.0,73773872,WSL MemTotal-MemAvailable fallback,0,18988486,1160,4,,
82.688,30489.0,73769472,WSL MemTotal-MemAvailable fallback,0,18988486,1160,4,,
83.728,30489.0,73766364,WSL MemTotal-MemAvailable fallback,0,18988486,1160,4,,
84.765,30483.0,73773608,WSL MemTotal-MemAvailable fallback,0,18988486,1160,4,,
85.806,30489.0,73764336,WSL MemTotal-MemAvailable fallback,0,18988486,1160,4,,
86.844,30489.0,73767508,WSL MemTotal-MemAvailable fallback,0,18988486,1160,4,,
87.882,30489.0,73771520,WSL MemTotal-MemAvailable fallback,0,18988486,1160,4,,
88.917,30489.0,73768724,WSL MemTotal-MemAvailable fallback,0,18988486,1160,4,,
89.955,30489.0,73772272,WSL MemTotal-MemAvailable fallback,0,18988486,1160,4,,
90.993,30488.0,73776344,WSL MemTotal-MemAvailable fallback,0,18988486,1160,4,,
92.032,30488.0,73775712,WSL MemTotal-MemAvailable fallback,0,18988486,1160,4,,
93.069,30488.0,73765612,WSL MemTotal-MemAvailable fallback,0,18988486,1160,4,,
94.106,30488.0,73769392,WSL MemTotal-MemAvailable fallback,0,18988486,1160,4,,
95.145,30483.0,73775556,WSL MemTotal-MemAvailable fallback,0,18988486,1160,4,,
96.181,30483.0,73766756,WSL MemTotal-MemAvailable fallback,0,18988486,1160,4,,
97.221,30483.0,73774628,WSL MemTotal-MemAvailable fallback,0,18988486,1160,4,,
98.263,30483.0,73769780,WSL MemTotal-MemAvailable fallback,0,18988486,1160,4,,
99.303,30483.0,73766204,WSL MemTotal-MemAvailable fallback,0,18988486,1160,4,,
100.342,30483.0,73774260,WSL MemTotal-MemAvailable fallback,0,18988486,1160,4,,
101.379,30483.0,73768960,WSL MemTotal-MemAvailable fallback,0,18988486,1160,4,,
102.414,30483.0,73765844,WSL MemTotal-MemAvailable fallback,0,18988486,1160,4,,
103.452,30483.0,73769364,WSL MemTotal-MemAvailable fallback,0,18988486,1160,4,,
104.492,30483.0,74068552,WSL MemTotal-MemAvailable fallback,0,18988486,1160,4,,
105.532,30483.0,74135628,WSL MemTotal-MemAvailable fallback,0,18988486,1160,4,,
106.567,30483.0,74193516,WSL MemTotal-MemAvailable fallback,0,18988486,1160,4,,
107.605,30483.0,74254000,WSL MemTotal-MemAvailable fallback,0,18988486,1160,4,,
108.641,30483.0,74310212,WSL MemTotal-MemAvailable fallback,0,18988486,1160,4,,
109.68,30493.0,74496604,WSL MemTotal-MemAvailable fallback,0,18988486,1160,4,,
110.724,31118.0,74843848,WSL MemTotal-MemAvailable fallback,0,18988486,1160,4,,
111.763,31132.0,75183120,WSL MemTotal-MemAvailable fallback,0,18988486,1160,4,,
112.799,31871.0,75396836,WSL MemTotal-MemAvailable fallback,0,18988486,1160,4,,
113.838,31871.0,75459600,WSL MemTotal-MemAvailable fallback,0,18988486,1160,4,,
114.881,31877.0,75587408,WSL MemTotal-MemAvailable fallback,0,18988486,1160,4,,
115.926,31877.0,75591028,WSL MemTotal-MemAvailable fallback,0,18988486,1160,4,,
116.969,31877.0,75592168,WSL MemTotal-MemAvailable fallback,0,18988486,1160,4,,
118.006,31877.0,75590540,WSL MemTotal-MemAvailable fallback,0,18988486,1160,4,,
119.042,31877.0,75591080,WSL MemTotal-MemAvailable fallback,0,18988486,1160,4,,
120.084,31884.0,75587960,WSL MemTotal-MemAvailable fallback,0,18988486,1160,4,,
121.131,31884.0,75583880,WSL MemTotal-MemAvailable fallback,0,18988486,1160,4,,
122.17,31474.0,75821272,WSL MemTotal-MemAvailable fallback,0,18988486,1160,4,,
123.212,31056.0,75938936,WSL MemTotal-MemAvailable fallback,0,18988486,1160,4,,
124.261,31122.0,76122844,WSL MemTotal-MemAvailable fallback,0,18988486,1160,4,,
125.307,31121.0,76728452,WSL MemTotal-MemAvailable fallback,0,18988486,1160,4,,
126.375,31121.0,77244384,WSL MemTotal-MemAvailable fallback,0,18988486,1160,4,,
127.415,31121.0,77752388,WSL MemTotal-MemAvailable fallback,0,18988486,1160,4,,
128.45,31121.0,78674988,WSL MemTotal-MemAvailable fallback,0,18988486,1160,4,,
129.484,31121.0,78672868,WSL MemTotal-MemAvailable fallback,0,18988486,1160,4,,
130.528,31115.0,78678556,WSL MemTotal-MemAvailable fallback,0,18988486,1160,4,,
131.564,31121.0,78678268,WSL MemTotal-MemAvailable fallback,0,18988486,1160,4,,
132.605,31121.0,78676444,WSL MemTotal-MemAvailable fallback,0,18988486,1160,4,,
133.648,31121.0,78675440,WSL MemTotal-MemAvailable fallback,0,18988486,1160,4,,
134.684,31121.0,78664816,WSL MemTotal-MemAvailable fallback,0,18988486,1160,4,,
135.719,31121.0,78668232,WSL MemTotal-MemAvailable fallback,0,18988486,1160,4,,
136.769,31115.0,78684828,WSL MemTotal-MemAvailable fallback,0,18988486,1160,4,,
137.81,31116.0,78683604,WSL MemTotal-MemAvailable fallback,0,18988486,1160,4,,
138.853,31115.0,78698884,WSL MemTotal-MemAvailable fallback,0,18988486,1160,4,,
139.898,31115.0,78704352,WSL MemTotal-MemAvailable fallback,0,18988486,1160,4,,
140.938,31115.0,78684120,WSL MemTotal-MemAvailable fallback,0,18988486,1160,4,,
141.974,31115.0,78874656,WSL MemTotal-MemAvailable fallback,0,18988486,1160,4,,
143.007,31115.0,79774188,WSL MemTotal-MemAvailable fallback,0,18988486,1160,4,,
144.048,31121.0,80685044,WSL MemTotal-MemAvailable fallback,0,18988486,1160,4,,
145.081,31121.0,81273776,WSL MemTotal-MemAvailable fallback,0,18988486,1160,4,,
146.119,31121.0,81277976,WSL MemTotal-MemAvailable fallback,0,18988486,1160,4,,
147.155,31121.0,81277000,WSL MemTotal-MemAvailable fallback,0,18988486,1160,4,,
148.192,31121.0,81270380,WSL MemTotal-MemAvailable fallback,0,18988486,1160,4,,
149.233,31121.0,81275692,WSL MemTotal-MemAvailable fallback,0,18988486,1160,4,,
150.269,31121.0,81266984,WSL MemTotal-MemAvailable fallback,0,18988486,1160,4,,
151.303,31121.0,81261632,WSL MemTotal-MemAvailable fallback,0,18988486,1160,4,,
152.343,31116.0,81259072,WSL MemTotal-MemAvailable fallback,0,18988486,1160,4,,
153.378,31116.0,81257220,WSL MemTotal-MemAvailable fallback,0,18988486,1160,4,,
154.417,31116.0,81256048,WSL MemTotal-MemAvailable fallback,0,18988486,1160,4,,
155.453,31116.0,81245508,WSL MemTotal-MemAvailable fallback,0,18988486,1160,4,,
156.491,31116.0,81247544,WSL MemTotal-MemAvailable fallback,0,18988486,1160,4,,
157.526,31116.0,81245032,WSL MemTotal-MemAvailable fallback,0,18988486,1160,4,,
158.559,31116.0,81379368,WSL MemTotal-MemAvailable fallback,0,18988486,1160,4,,
159.593,31121.0,81685844,WSL MemTotal-MemAvailable fallback,0,18988486,1160,4,,
160.638,31121.0,81835668,WSL MemTotal-MemAvailable fallback,0,18988486,1160,4,,
161.673,31121.0,81975332,WSL MemTotal-MemAvailable fallback,0,18988486,1160,4,,
162.711,31121.0,82241224,WSL MemTotal-MemAvailable fallback,0,18988486,1160,4,,
163.75,31121.0,82286532,WSL MemTotal-MemAvailable fallback,0,18988486,1160,4,,
164.792,31115.0,82459736,WSL MemTotal-MemAvailable fallback,0,18988486,1160,4,,
165.825,31115.0,82653928,WSL MemTotal-MemAvailable fallback,0,18988486,1160,4,,
166.868,31116.0,82922020,WSL MemTotal-MemAvailable fallback,0,18988486,1160,4,,
167.901,31115.0,82915348,WSL MemTotal-MemAvailable fallback,0,18988486,1160,4,,
168.938,31115.0,83184412,WSL MemTotal-MemAvailable fallback,0,18988486,1160,4,,
169.985,31115.0,83261872,WSL MemTotal-MemAvailable fallback,0,18988486,1160,4,,
171.023,31116.0,83624864,WSL MemTotal-MemAvailable fallback,0,18988486,1160,4,,
172.058,31116.0,83622848,WSL MemTotal-MemAvailable fallback,0,18988486,1160,4,,
173.095,31115.0,83877532,WSL MemTotal-MemAvailable fallback,0,18988486,1160,4,,
174.135,31115.0,84080780,WSL MemTotal-MemAvailable fallback,0,18988486,1160,4,,
175.17,31115.0,84121812,WSL MemTotal-MemAvailable fallback,0,18988486,1160,4,,
176.207,31115.0,84283060,WSL MemTotal-MemAvailable fallback,0,18988486,1160,4,,
177.243,31115.0,84544332,WSL MemTotal-MemAvailable fallback,0,18988486,1160,4,,
178.28,31115.0,84728660,WSL MemTotal-MemAvailable fallback,0,18988486,1160,4,,
179.319,31115.0,84796740,WSL MemTotal-MemAvailable fallback,0,18988486,1160,4,,
180.352,31115.0,85058280,WSL MemTotal-MemAvailable fallback,0,18988486,1160,4,,
181.39,31115.0,85055592,WSL MemTotal-MemAvailable fallback,0,18988486,1160,4,,
182.438,31115.0,85086916,WSL MemTotal-MemAvailable fallback,0,18988486,1160,4,,
183.471,31121.0,84921832,WSL MemTotal-MemAvailable fallback,0,18988486,1160,4,,
184.519,31121.0,77227868,WSL MemTotal-MemAvailable fallback,0,18988486,1160,4,,
185.552,31217.0,76815828,WSL MemTotal-MemAvailable fallback,0,18988486,1160,4,,
186.591,31217.0,76947828,WSL MemTotal-MemAvailable fallback,0,18988486,1160,4,,
187.634,31286.0,76779300,WSL MemTotal-MemAvailable fallback,0,18988486,1160,4,,
188.667,31134.0,76748432,WSL MemTotal-MemAvailable fallback,0,18988486,1160,4,,
189.698,31134.0,76729700,WSL MemTotal-MemAvailable fallback,0,18988486,1160,4,,
190.732,31134.0,77179676,WSL MemTotal-MemAvailable fallback,0,18988486,1160,4,,
191.771,31382.0,77268480,WSL MemTotal-MemAvailable fallback,0,18988486,1160,4,,
192.823,31371.0,77969104,WSL MemTotal-MemAvailable fallback,0,18988486,1160,4,,
193.896,31371.0,77761076,WSL MemTotal-MemAvailable fallback,0,18988486,1160,4,,
194.93,31372.0,78374924,WSL MemTotal-MemAvailable fallback,0,18988486,1160,4,,
195.965,31433.0,77869576,WSL MemTotal-MemAvailable fallback,0,18988486,1160,4,,
196.998,31538.0,77666216,WSL MemTotal-MemAvailable fallback,0,18988486,1160,4,,
198.032,31589.0,77612180,WSL MemTotal-MemAvailable fallback,0,18988486,1160,4,,
199.065,31280.0,77483500,WSL MemTotal-MemAvailable fallback,0,18988486,1160,4,,
200.098,31296.0,77525840,WSL MemTotal-MemAvailable fallback,0,18988486,1160,4,,
201.129,31493.0,77566588,WSL MemTotal-MemAvailable fallback,0,18988486,1160,4,,
202.163,31493.0,77541808,WSL MemTotal-MemAvailable fallback,0,18988486,1160,4,,
203.197,31494.0,77575396,WSL MemTotal-MemAvailable fallback,0,18988486,1160,4,,
204.23,31493.0,77558188,WSL MemTotal-MemAvailable fallback,0,18988486,1160,4,,
205.268,31493.0,77517800,WSL MemTotal-MemAvailable fallback,0,18988486,1160,4,,
206.307,31493.0,77490876,WSL MemTotal-MemAvailable fallback,0,18988486,1160,4,,
207.37,30306.0,74978796,WSL MemTotal-MemAvailable fallback,0,18988486,1160,4,,
208.433,30306.0,75020808,WSL MemTotal-MemAvailable fallback,0,18988486,1160,4,,
209.466,30306.0,75214220,WSL MemTotal-MemAvailable fallback,0,18989928,1160,4,,
210.498,30360.0,75645132,WSL MemTotal-MemAvailable fallback,0,19168195,1200,4,,
211.536,30360.0,75954084,WSL MemTotal-MemAvailable fallback,0,19247432,1202,9,,
212.568,30360.0,76279892,WSL MemTotal-MemAvailable fallback,0,19252639,1251,9,,
213.601,30360.0,76192524,WSL MemTotal-MemAvailable fallback,0,19224990,1207,10,,
214.632,30422.0,76359672,WSL MemTotal-MemAvailable fallback,0,19202074,1207,4,,
215.665,30426.0,76426504,WSL MemTotal-MemAvailable fallback,0,19222081,1208,4,,
216.696,30426.0,76418568,WSL MemTotal-MemAvailable fallback,0,19222889,1208,4,,
217.728,30446.0,76420228,WSL MemTotal-MemAvailable fallback,0,19224319,1209,4,,
218.772,30447.0,76378452,WSL MemTotal-MemAvailable fallback,0,19224321,1209,4,,
219.803,30476.0,76454632,WSL MemTotal-MemAvailable fallback,0,19241229,1209,4,,
220.835,30476.0,76385092,WSL MemTotal-MemAvailable fallback,0,19241229,1209,4,,
221.867,30476.0,76362044,WSL MemTotal-MemAvailable fallback,0,19241229,1209,4,,
222.9,30476.0,76330640,WSL MemTotal-MemAvailable fallback,0,19241229,1209,4,,
223.931,30476.0,76308364,WSL MemTotal-MemAvailable fallback,0,19241229,1209,4,,
224.964,30470.0,76251300,WSL MemTotal-MemAvailable fallback,0,19241229,1209,4,,
225.995,30470.0,76255024,WSL MemTotal-MemAvailable fallback,0,19241229,1209,4,,
227.029,30471.0,76231080,WSL MemTotal-MemAvailable fallback,0,19241229,1209,4,,
228.064,30473.0,76189588,WSL MemTotal-MemAvailable fallback,0,19241240,1209,4,,
229.101,30472.0,76145252,WSL MemTotal-MemAvailable fallback,0,19241240,1209,4,,
230.136,30472.0,76145376,WSL MemTotal-MemAvailable fallback,0,19241240,1209,4,,
231.172,30478.0,76750252,WSL MemTotal-MemAvailable fallback,0,19432135,1209,19,,
232.205,30478.0,77421128,WSL MemTotal-MemAvailable fallback,0,19423569,1209,19,,
233.24,30478.0,77711884,WSL MemTotal-MemAvailable fallback,0,19469026,1209,18,,
234.276,30478.0,78336208,WSL MemTotal-MemAvailable fallback,0,19644992,1209,18,,
235.31,30478.0,78920792,WSL MemTotal-MemAvailable fallback,0,19830531,1209,18,,
236.348,30478.0,77907000,WSL MemTotal-MemAvailable fallback,0,19468823,1209,18,,
237.384,30478.0,78834940,WSL MemTotal-MemAvailable fallback,0,19784195,1209,18,,
238.419,30478.0,78815156,WSL MemTotal-MemAvailable fallback,0,19855556,1209,18,,
239.454,30478.0,78270408,WSL MemTotal-MemAvailable fallback,0,19779131,1209,13,,
240.489,30472.0,78188052,WSL MemTotal-MemAvailable fallback,0,19796567,1209,13,,
241.523,30472.0,78108180,WSL MemTotal-MemAvailable fallback,0,19812072,1209,13,,
242.57,30472.0,78012484,WSL MemTotal-MemAvailable fallback,0,19828185,1209,13,,
243.622,30472.0,77928748,WSL MemTotal-MemAvailable fallback,0,19828830,1209,13,,
244.674,30472.0,77747268,WSL MemTotal-MemAvailable fallback,0,19622210,1209,13,,
245.744,30472.0,77669928,WSL MemTotal-MemAvailable fallback,0,19650232,1209,13,,
246.801,30472.0,77605380,WSL MemTotal-MemAvailable fallback,0,19662714,1209,13,,
247.868,30473.0,77504056,WSL MemTotal-MemAvailable fallback,0,19663556,1209,13,,
248.927,30473.0,77468156,WSL MemTotal-MemAvailable fallback,0,19669529,1209,13,,
249.987,30472.0,77488892,WSL MemTotal-MemAvailable fallback,0,19659812,1209,14,,
251.033,30472.0,77588748,WSL MemTotal-MemAvailable fallback,0,19690625,1209,14,,
252.075,30472.0,77625652,WSL MemTotal-MemAvailable fallback,0,19713459,1209,14,,
253.121,30472.0,77528408,WSL MemTotal-MemAvailable fallback,0,19604964,1209,9,,
254.18,30479.0,77439096,WSL MemTotal-MemAvailable fallback,0,19605907,1209,9,,
255.215,30479.0,77360760,WSL MemTotal-MemAvailable fallback,0,19606876,1209,9,,
256.264,30479.0,77335516,WSL MemTotal-MemAvailable fallback,0,19614596,1209,9,,
257.301,30479.0,77262976,WSL MemTotal-MemAvailable fallback,0,19614611,1209,9,,
258.344,30479.0,77215868,WSL MemTotal-MemAvailable fallback,0,19614745,1209,9,,
259.389,30479.0,77176136,WSL MemTotal-MemAvailable fallback,0,19619186,1209,9,,
260.428,30478.0,77173592,WSL MemTotal-MemAvailable fallback,0,19631586,1209,9,,
261.469,30478.0,76808160,WSL MemTotal-MemAvailable fallback,0,19341416,1209,9,,
262.508,30478.0,76809248,WSL MemTotal-MemAvailable fallback,0,19361926,1209,9,,
263.544,30478.0,76782968,WSL MemTotal-MemAvailable fallback,0,19375923,1209,9,,
264.582,30478.0,76711028,WSL MemTotal-MemAvailable fallback,0,19378391,1209,9,,
265.616,30472.0,76689708,WSL MemTotal-MemAvailable fallback,0,19381434,1209,9,,
266.653,30478.0,76658468,WSL MemTotal-MemAvailable fallback,0,19393539,1209,9,,
267.687,30478.0,76646888,WSL MemTotal-MemAvailable fallback,0,19394181,1209,9,,
268.725,30478.0,76592048,WSL MemTotal-MemAvailable fallback,0,19395426,1209,9,,
269.758,30478.0,76602652,WSL MemTotal-MemAvailable fallback,0,19408754,1209,9,,
270.797,30478.0,76439084,WSL MemTotal-MemAvailable fallback,0,19334361,1209,10,,
271.831,30472.0,76615424,WSL MemTotal-MemAvailable fallback,0,19377534,1209,10,,
272.864,30472.0,76656356,WSL MemTotal-MemAvailable fallback,0,19412176,1209,10,,
273.897,30472.0,76668320,WSL MemTotal-MemAvailable fallback,0,19423254,1209,10,,
274.931,30473.0,76655704,WSL MemTotal-MemAvailable fallback,0,19429872,1209,10,,
275.967,30472.0,76142080,WSL MemTotal-MemAvailable fallback,0,19275131,1209,9,,
277.0,30480.0,76145016,WSL MemTotal-MemAvailable fallback,0,19284860,1213,4,,
278.033,30480.0,76106332,WSL MemTotal-MemAvailable fallback,0,19284860,1213,4,,
279.065,30480.0,76079644,WSL MemTotal-MemAvailable fallback,0,19284860,1213,4,,
280.1,30480.0,76061740,WSL MemTotal-MemAvailable fallback,0,19284860,1213,4,,
281.133,30480.0,76032104,WSL MemTotal-MemAvailable fallback,0,19284860,1213,4,,
282.169,30474.0,76036448,WSL MemTotal-MemAvailable fallback,0,19284861,1213,4,,
283.207,30474.0,76018616,WSL MemTotal-MemAvailable fallback,0,19284861,1213,4,,
284.243,30474.0,76009444,WSL MemTotal-MemAvailable fallback,0,19284861,1213,4,,
285.288,30474.0,75953824,WSL MemTotal-MemAvailable fallback,0,19284873,1213,4,,
286.325,30474.0,75938400,WSL MemTotal-MemAvailable fallback,0,19284874,1213,4,,
287.368,30474.0,75872864,WSL MemTotal-MemAvailable fallback,0,19284900,1213,4,,
288.402,30474.0,75851236,WSL MemTotal-MemAvailable fallback,0,19284901,1213,4,,
289.437,30474.0,75833912,WSL MemTotal-MemAvailable fallback,0,19288581,1218,4,,
290.476,30474.0,75814580,WSL MemTotal-MemAvailable fallback,0,19291810,1218,4,,
291.515,30480.0,75794732,WSL MemTotal-MemAvailable fallback,0,19291921,1218,4,,
292.555,30480.0,75791716,WSL MemTotal-MemAvailable fallback,0,19292170,1218,4,,
293.602,30480.0,75768188,WSL MemTotal-MemAvailable fallback,0,19292222,1218,4,,
294.648,30480.0,75768232,WSL MemTotal-MemAvailable fallback,0,19292464,1218,4,,
295.685,30474.0,75764292,WSL MemTotal-MemAvailable fallback,0,19292722,1218,4,,
296.725,30474.0,75737808,WSL MemTotal-MemAvailable fallback,0,19292784,1218,4,,
297.765,30474.0,75728180,WSL MemTotal-MemAvailable fallback,0,19292786,1218,4,,
298.804,30474.0,75703968,WSL MemTotal-MemAvailable fallback,0,19292788,1218,4,,
299.841,30476.0,75698788,WSL MemTotal-MemAvailable fallback,0,19293991,1218,4,,
300.88,30476.0,75674292,WSL MemTotal-MemAvailable fallback,0,19293991,1218,4,,
301.923,30476.0,75661092,WSL MemTotal-MemAvailable fallback,0,19294162,1218,4,,
302.965,30476.0,75634016,WSL MemTotal-MemAvailable fallback,0,19294256,1218,4,,
304.008,30476.0,75623492,WSL MemTotal-MemAvailable fallback,0,19294383,1218,4,,
305.047,30476.0,75602332,WSL MemTotal-MemAvailable fallback,0,19294435,1218,4,,
306.086,30476.0,75609280,WSL MemTotal-MemAvailable fallback,0,19294471,1218,4,,
307.128,30476.0,75595784,WSL MemTotal-MemAvailable fallback,0,19294471,1218,4,,
308.168,30476.0,75592084,WSL MemTotal-MemAvailable fallback,0,19294471,1218,4,,
309.209,30476.0,75580140,WSL MemTotal-MemAvailable fallback,0,19294472,1218,4,,
310.246,30476.0,75575040,WSL MemTotal-MemAvailable fallback,0,19294801,1218,4,,
311.287,30476.0,75593092,WSL MemTotal-MemAvailable fallback,0,19298789,1218,4,,
312.326,30476.0,75587684,WSL MemTotal-MemAvailable fallback,0,19298789,1218,4,,
313.364,30476.0,75587932,WSL MemTotal-MemAvailable fallback,0,19298789,1218,4,,
314.409,30476.0,75599960,WSL MemTotal-MemAvailable fallback,0,19298824,1218,4,,
315.455,30476.0,75593748,WSL MemTotal-MemAvailable fallback,0,19298903,1218,4,,
316.491,30476.0,75590676,WSL MemTotal-MemAvailable fallback,0,19298964,1218,4,,
317.537,30476.0,75580688,WSL MemTotal-MemAvailable fallback,0,19298964,1218,4,,
318.58,30477.0,75579412,WSL MemTotal-MemAvailable fallback,0,19298964,1218,4,,
319.618,30482.0,75581612,WSL MemTotal-MemAvailable fallback,0,19299118,1218,4,,
320.653,30482.0,75570492,WSL MemTotal-MemAvailable fallback,0,19299254,1218,4,,
321.688,30482.0,75565660,WSL MemTotal-MemAvailable fallback,0,19299254,1218,4,,
322.724,30482.0,75558452,WSL MemTotal-MemAvailable fallback,0,19299254,1218,4,,
323.758,30482.0,75560240,WSL MemTotal-MemAvailable fallback,0,19299254,1218,4,,
324.793,30476.0,75549756,WSL MemTotal-MemAvailable fallback,0,19299254,1218,4,,
325.83,30477.0,75564004,WSL MemTotal-MemAvailable fallback,0,19299255,1218,4,,
326.867,30477.0,75531680,WSL MemTotal-MemAvailable fallback,0,19299255,1218,4,,
327.901,30477.0,75531532,WSL MemTotal-MemAvailable fallback,0,19299255,1218,4,,
328.937,30477.0,75531024,WSL MemTotal-MemAvailable fallback,0,19299256,1218,4,,
329.971,30477.0,75535544,WSL MemTotal-MemAvailable fallback,0,19299257,1218,4,,
331.009,30477.0,75542972,WSL MemTotal-MemAvailable fallback,0,19299257,1218,4,,
332.053,30477.0,75532376,WSL MemTotal-MemAvailable fallback,0,19299257,1218,4,,
333.087,30477.0,75536984,WSL MemTotal-MemAvailable fallback,0,19300238,1218,4,,
334.13,30476.0,75538512,WSL MemTotal-MemAvailable fallback,0,19300313,1218,4,,
335.167,30476.0,75538052,WSL MemTotal-MemAvailable fallback,0,19300326,1218,4,,
336.212,30476.0,75538332,WSL MemTotal-MemAvailable fallback,0,19300326,1218,4,,
337.248,30481.0,75546584,WSL MemTotal-MemAvailable fallback,0,19300326,1218,4,,
338.284,30476.0,75564828,WSL MemTotal-MemAvailable fallback,0,19300326,1218,4,,
339.327,30482.0,75563644,WSL MemTotal-MemAvailable fallback,0,19300326,1218,4,,
340.366,30482.0,75575928,WSL MemTotal-MemAvailable fallback,0,19300326,1218,4,,
341.403,30482.0,75573324,WSL MemTotal-MemAvailable fallback,0,19300326,1218,4,,
342.436,30482.0,75559404,WSL MemTotal-MemAvailable fallback,0,19300326,1218,4,,
343.471,30482.0,75557808,WSL MemTotal-MemAvailable fallback,0,19300326,1218,4,,
344.51,30482.0,75553392,WSL MemTotal-MemAvailable fallback,0,19300327,1218,4,,
345.547,30482.0,75550600,WSL MemTotal-MemAvailable fallback,0,19300327,1218,4,,
346.588,30482.0,75548248,WSL MemTotal-MemAvailable fallback,0,19300327,1218,4,,
347.628,30482.0,75547360,WSL MemTotal-MemAvailable fallback,0,19300327,1218,4,,
348.668,30476.0,75543968,WSL MemTotal-MemAvailable fallback,0,19300327,1218,4,,
349.712,30477.0,75544436,WSL MemTotal-MemAvailable fallback,0,19300327,1218,4,,
350.76,30556.0,75542804,WSL MemTotal-MemAvailable fallback,0,19301089,1218,4,,
351.794,30562.0,75531284,WSL MemTotal-MemAvailable fallback,0,19301089,1218,4,,
352.837,30562.0,75544856,WSL MemTotal-MemAvailable fallback,0,19301630,1218,4,,
353.884,30562.0,75547320,WSL MemTotal-MemAvailable fallback,0,19301652,1218,4,,
354.931,30562.0,75550608,WSL MemTotal-MemAvailable fallback,0,19301652,1218,4,,
355.969,30562.0,75542748,WSL MemTotal-MemAvailable fallback,0,19301655,1218,4,,
357.003,30562.0,75545188,WSL MemTotal-MemAvailable fallback,0,19301655,1218,4,,
358.047,30562.0,75540368,WSL MemTotal-MemAvailable fallback,0,19301655,1218,4,,
359.098,30564.0,75537936,WSL MemTotal-MemAvailable fallback,0,19301662,1218,4,,
360.136,30564.0,75543912,WSL MemTotal-MemAvailable fallback,0,19301662,1218,4,,
361.178,30564.0,75541176,WSL MemTotal-MemAvailable fallback,0,19301662,1218,4,,
362.221,30564.0,75537588,WSL MemTotal-MemAvailable fallback,0,19301662,1218,4,,
363.26,30564.0,75543256,WSL MemTotal-MemAvailable fallback,0,19301662,1218,4,,
364.303,30563.0,75543092,WSL MemTotal-MemAvailable fallback,0,19301662,1218,4,,
365.342,30562.0,75537228,WSL MemTotal-MemAvailable fallback,0,19301663,1218,4,,
366.378,30562.0,75538464,WSL MemTotal-MemAvailable fallback,0,19301663,1218,4,,
367.428,30562.0,75538588,WSL MemTotal-MemAvailable fallback,0,19301663,1218,4,,
368.476,30562.0,75536436,WSL MemTotal-MemAvailable fallback,0,19301663,1218,4,,
369.519,30557.0,75535360,WSL MemTotal-MemAvailable fallback,0,19301663,1218,4,,
370.559,30556.0,75535848,WSL MemTotal-MemAvailable fallback,0,19301663,1218,4,,
371.603,30556.0,75539848,WSL MemTotal-MemAvailable fallback,0,19301663,1218,4,,
372.641,30557.0,75540352,WSL MemTotal-MemAvailable fallback,0,19301663,1218,4,,
373.685,30557.0,75535508,WSL MemTotal-MemAvailable fallback,0,19301663,1218,4,,
374.733,30557.0,75538116,WSL MemTotal-MemAvailable fallback,0,19301663,1218,4,,
375.766,30557.0,75543136,WSL MemTotal-MemAvailable fallback,0,19301663,1218,4,,
376.815,30557.0,75549384,WSL MemTotal-MemAvailable fallback,0,19301663,1218,4,,
377.856,30557.0,75559744,WSL MemTotal-MemAvailable fallback,0,19301663,1218,4,,
378.897,30557.0,75571732,WSL MemTotal-MemAvailable fallback,0,19301663,1218,4,,
379.932,30556.0,75559888,WSL MemTotal-MemAvailable fallback,0,19301663,1218,4,,
380.965,30556.0,75556568,WSL MemTotal-MemAvailable fallback,0,19301663,1218,4,,
382.011,30556.0,75557748,WSL MemTotal-MemAvailable fallback,0,19301663,1218,4,,
383.053,30557.0,75574004,WSL MemTotal-MemAvailable fallback,0,19301663,1218,4,,
384.103,30562.0,75581688,WSL MemTotal-MemAvailable fallback,0,19301663,1218,4,,
385.14,30562.0,75584208,WSL MemTotal-MemAvailable fallback,0,19301663,1218,4,,
386.176,30562.0,75579452,WSL MemTotal-MemAvailable fallback,0,19301665,1218,4,,
387.219,30562.0,75569776,WSL MemTotal-MemAvailable fallback,0,19301665,1218,4,,
388.258,30557.0,75568064,WSL MemTotal-MemAvailable fallback,0,19301665,1218,4,,
389.291,30557.0,75583264,WSL MemTotal-MemAvailable fallback,0,19301665,1218,4,,
390.335,30557.0,75580180,WSL MemTotal-MemAvailable fallback,0,19301665,1218,4,,
391.382,30557.0,75572820,WSL MemTotal-MemAvailable fallback,0,19301665,1218,4,,
392.427,30557.0,75571572,WSL MemTotal-MemAvailable fallback,0,19301665,1218,4,,
393.461,30557.0,75569512,WSL MemTotal-MemAvailable fallback,0,19301665,1218,4,,
394.5,30557.0,75561592,WSL MemTotal-MemAvailable fallback,0,19301665,1218,4,,
395.535,30557.0,75561932,WSL MemTotal-MemAvailable fallback,0,19301665,1218,4,,
396.581,30557.0,75558396,WSL MemTotal-MemAvailable fallback,0,19301665,1218,4,,
397.622,30557.0,75550896,WSL MemTotal-MemAvailable fallback,0,19301665,1218,4,,
398.664,30557.0,75554340,WSL MemTotal-MemAvailable fallback,0,19301665,1218,4,,
399.698,30557.0,75560960,WSL MemTotal-MemAvailable fallback,0,19301665,1218,4,,
400.741,30557.0,75548180,WSL MemTotal-MemAvailable fallback,0,19301665,1218,4,,
401.779,30557.0,75548672,WSL MemTotal-MemAvailable fallback,0,19301665,1218,4,,
402.832,30559.0,75552960,WSL MemTotal-MemAvailable fallback,0,19301665,1218,4,,
403.866,30558.0,75550604,WSL MemTotal-MemAvailable fallback,0,19301665,1218,4,,
404.911,30558.0,75549372,WSL MemTotal-MemAvailable fallback,0,19301665,1218,4,,
405.951,30558.0,75551416,WSL MemTotal-MemAvailable fallback,0,19301665,1218,4,,
407.0,30559.0,75545724,WSL MemTotal-MemAvailable fallback,0,19301665,1218,4,,
408.035,30564.0,75548628,WSL MemTotal-MemAvailable fallback,0,19301665,1218,4,,
409.077,30564.0,75554776,WSL MemTotal-MemAvailable fallback,0,19301665,1218,4,,
410.116,30563.0,75552476,WSL MemTotal-MemAvailable fallback,0,19301665,1218,4,,
411.168,30563.0,75539184,WSL MemTotal-MemAvailable fallback,0,19301665,1218,4,,
412.21,30563.0,75543472,WSL MemTotal-MemAvailable fallback,0,19301665,1218,4,,
413.246,30563.0,75542104,WSL MemTotal-MemAvailable fallback,0,19301665,1218,4,,
414.288,30563.0,75544604,WSL MemTotal-MemAvailable fallback,0,19301665,1218,4,,
415.335,30564.0,75544400,WSL MemTotal-MemAvailable fallback,0,19301665,1218,4,,
416.375,30558.0,75552492,WSL MemTotal-MemAvailable fallback,0,19301665,1218,4,,
417.414,30558.0,75552572,WSL MemTotal-MemAvailable fallback,0,19301665,1218,4,,
418.455,30558.0,75558620,WSL MemTotal-MemAvailable fallback,0,19301665,1218,4,,
419.493,30563.0,75540360,WSL MemTotal-MemAvailable fallback,0,19301665,1218,4,,
420.534,30563.0,75540144,WSL MemTotal-MemAvailable fallback,0,19301671,1218,4,,
421.574,30563.0,75535272,WSL MemTotal-MemAvailable fallback,0,19301671,1218,4,,
422.609,30563.0,75541708,WSL MemTotal-MemAvailable fallback,0,19301671,1218,4,,
423.647,30563.0,75536576,WSL MemTotal-MemAvailable fallback,0,19301671,1218,4,,
424.681,30558.0,75541152,WSL MemTotal-MemAvailable fallback,0,19301671,1218,4,,
425.724,30558.0,75536004,WSL MemTotal-MemAvailable fallback,0,19301671,1218,4,,
426.762,30558.0,75527760,WSL MemTotal-MemAvailable fallback,0,19301671,1218,4,,
427.812,30563.0,75530740,WSL MemTotal-MemAvailable fallback,0,19301671,1218,4,,
428.86,30564.0,75530312,WSL MemTotal-MemAvailable fallback,0,19301671,1218,4,,
429.906,30564.0,75546628,WSL MemTotal-MemAvailable fallback,0,19301671,1218,4,,
430.941,30566.0,75562504,WSL MemTotal-MemAvailable fallback,0,19301671,1218,4,,
431.983,30565.0,75563900,WSL MemTotal-MemAvailable fallback,0,19301671,1218,4,,
433.024,30565.0,75557688,WSL MemTotal-MemAvailable fallback,0,19301671,1218,4,,
434.063,30565.0,75549028,WSL MemTotal-MemAvailable fallback,0,19301671,1218,4,,
435.103,30565.0,75545912,WSL MemTotal-MemAvailable fallback,0,19301671,1218,4,,
436.139,30570.0,75544192,WSL MemTotal-MemAvailable fallback,0,19301671,1218,4,,
437.176,30570.0,75545212,WSL MemTotal-MemAvailable fallback,0,19301752,1218,4,,
438.224,30570.0,75537548,WSL MemTotal-MemAvailable fallback,0,19301814,1218,4,,
439.264,30570.0,75532028,WSL MemTotal-MemAvailable fallback,0,19301814,1218,4,,
440.312,30570.0,75532564,WSL MemTotal-MemAvailable fallback,0,19301814,1218,4,,
441.353,30565.0,75523532,WSL MemTotal-MemAvailable fallback,0,19301814,1218,4,,
442.389,30565.0,75525892,WSL MemTotal-MemAvailable fallback,0,19301814,1218,4,,
443.423,30565.0,75535656,WSL MemTotal-MemAvailable fallback,0,19301814,1218,4,,
444.457,30560.0,75541844,WSL MemTotal-MemAvailable fallback,0,19301814,1218,4,,
445.493,30560.0,75534384,WSL MemTotal-MemAvailable fallback,0,19301814,1218,4,,
446.533,30560.0,75535384,WSL MemTotal-MemAvailable fallback,0,19301814,1218,4,,
447.576,30560.0,75538732,WSL MemTotal-MemAvailable fallback,0,19301814,1218,4,,
448.625,30559.0,75539408,WSL MemTotal-MemAvailable fallback,0,19301814,1218,4,,
449.665,30559.0,75540180,WSL MemTotal-MemAvailable fallback,0,19301814,1218,4,,
450.703,30559.0,75540892,WSL MemTotal-MemAvailable fallback,0,19301814,1218,4,,
451.74,30559.0,75541240,WSL MemTotal-MemAvailable fallback,0,19301814,1218,4,,
452.782,30559.0,75557620,WSL MemTotal-MemAvailable fallback,0,19301814,1218,4,,
453.823,30559.0,75559852,WSL MemTotal-MemAvailable fallback,0,19301814,1218,4,,
454.866,30565.0,75560356,WSL MemTotal-MemAvailable fallback,0,19301827,1218,4,,
455.905,30564.0,75548596,WSL MemTotal-MemAvailable fallback,0,19301827,1218,4,,
456.951,30564.0,75553604,WSL MemTotal-MemAvailable fallback,0,19301828,1218,4,,
457.985,30564.0,75554004,WSL MemTotal-MemAvailable fallback,0,19301828,1218,4,,
459.022,30564.0,75557012,WSL MemTotal-MemAvailable fallback,0,19301828,1218,4,,
460.068,30559.0,75552244,WSL MemTotal-MemAvailable fallback,0,19301828,1218,4,,
461.11,30559.0,75548852,WSL MemTotal-MemAvailable fallback,0,19301828,1218,4,,
462.155,30559.0,75547980,WSL MemTotal-MemAvailable fallback,0,19301828,1218,4,,
463.189,30559.0,75547616,WSL MemTotal-MemAvailable fallback,0,19301828,1218,4,,
464.23,30559.0,75543240,WSL MemTotal-MemAvailable fallback,0,19301828,1218,4,,
465.264,30559.0,75546152,WSL MemTotal-MemAvailable fallback,0,19301828,1218,4,,
466.301,30559.0,75544512,WSL MemTotal-MemAvailable fallback,0,19301828,1218,4,,
467.34,30563.0,75542580,WSL MemTotal-MemAvailable fallback,0,19301828,1218,4,,
468.374,30568.0,75541888,WSL MemTotal-MemAvailable fallback,0,19301828,1218,4,,
469.409,30568.0,75540800,WSL MemTotal-MemAvailable fallback,0,19301828,1218,4,,
470.446,30568.0,75535596,WSL MemTotal-MemAvailable fallback,0,19301828,1218,4,,
471.483,30568.0,75528208,WSL MemTotal-MemAvailable fallback,0,19301828,1218,4,,
472.516,30568.0,75529004,WSL MemTotal-MemAvailable fallback,0,19301828,1218,4,,
473.55,30557.0,75532644,WSL MemTotal-MemAvailable fallback,0,19301828,1218,4,,
474.587,30557.0,75530456,WSL MemTotal-MemAvailable fallback,0,19301828,1218,4,,
475.625,30557.0,75546460,WSL MemTotal-MemAvailable fallback,0,19301828,1218,4,,
476.659,30557.0,75554256,WSL MemTotal-MemAvailable fallback,0,19301828,1218,4,,
477.694,30557.0,75554180,WSL MemTotal-MemAvailable fallback,0,19301828,1218,4,,
478.737,30557.0,75554888,WSL MemTotal-MemAvailable fallback,0,19301828,1218,4,,
479.779,30557.0,75554044,WSL MemTotal-MemAvailable fallback,0,19301828,1218,4,,
480.824,30557.0,75541488,WSL MemTotal-MemAvailable fallback,0,19301828,1218,4,,
481.868,30557.0,75546616,WSL MemTotal-MemAvailable fallback,0,19301828,1218,4,,
482.915,30557.0,75548968,WSL MemTotal-MemAvailable fallback,0,19301828,1218,4,,
483.953,30563.0,75550700,WSL MemTotal-MemAvailable fallback,0,19301828,1218,4,,
484.988,30563.0,75552052,WSL MemTotal-MemAvailable fallback,0,19301828,1218,4,,
486.022,30563.0,75543520,WSL MemTotal-MemAvailable fallback,0,19301828,1218,4,,
487.062,30563.0,75545916,WSL MemTotal-MemAvailable fallback,0,19301828,1218,4,,
488.097,30557.0,75549748,WSL MemTotal-MemAvailable fallback,0,19301828,1218,4,,
489.13,30557.0,75553288,WSL MemTotal-MemAvailable fallback,0,19301828,1218,4,,
490.164,30557.0,75550540,WSL MemTotal-MemAvailable fallback,0,19301828,1218,4,,
491.208,30563.0,75554824,WSL MemTotal-MemAvailable fallback,0,19301828,1218,4,,
492.253,30563.0,75556276,WSL MemTotal-MemAvailable fallback,0,19301828,1218,4,,
493.296,30563.0,75554608,WSL MemTotal-MemAvailable fallback,0,19301828,1218,4,,
494.35,30563.0,75553328,WSL MemTotal-MemAvailable fallback,0,19301828,1218,4,,
495.39,30563.0,75555136,WSL MemTotal-MemAvailable fallback,0,19301828,1218,4,,
496.425,30563.0,75562380,WSL MemTotal-MemAvailable fallback,0,19301828,1218,4,,
497.468,30563.0,75566220,WSL MemTotal-MemAvailable fallback,0,19301828,1218,4,,
498.508,30563.0,75568416,WSL MemTotal-MemAvailable fallback,0,19301828,1218,4,,
499.546,30563.0,75557832,WSL MemTotal-MemAvailable fallback,0,19301828,1218,4,,
500.599,30562.0,75553712,WSL MemTotal-MemAvailable fallback,0,19301828,1218,4,,
501.638,30562.0,75544792,WSL MemTotal-MemAvailable fallback,0,19301828,1218,4,,
502.687,30563.0,75544952,WSL MemTotal-MemAvailable fallback,0,19301828,1218,4,,
503.728,30562.0,75548012,WSL MemTotal-MemAvailable fallback,0,19301828,1218,4,,
504.778,30563.0,75547544,WSL MemTotal-MemAvailable fallback,0,19301828,1218,4,,
505.816,30562.0,75543860,WSL MemTotal-MemAvailable fallback,0,19301828,1218,4,,
506.861,30563.0,75538584,WSL MemTotal-MemAvailable fallback,0,19301828,1218,4,,
507.905,30563.0,75541452,WSL MemTotal-MemAvailable fallback,0,19301828,1218,4,,
508.954,30563.0,75538252,WSL MemTotal-MemAvailable fallback,0,19301828,1218,4,,
510.0,30563.0,75538548,WSL MemTotal-MemAvailable fallback,0,19301828,1218,4,,
511.049,30563.0,75540252,WSL MemTotal-MemAvailable fallback,0,19301828,1218,4,,
512.083,30563.0,75539448,WSL MemTotal-MemAvailable fallback,0,19301828,1218,4,,
513.126,30563.0,75537256,WSL MemTotal-MemAvailable fallback,0,19301828,1218,4,,
514.175,30563.0,75536192,WSL MemTotal-MemAvailable fallback,0,19301828,1218,4,,
515.219,30563.0,75530516,WSL MemTotal-MemAvailable fallback,0,19301828,1218,4,,
516.26,30557.0,75526556,WSL MemTotal-MemAvailable fallback,0,19301828,1218,4,,
517.305,30557.0,75530196,WSL MemTotal-MemAvailable fallback,0,19301828,1218,4,,
518.339,30557.0,75530664,WSL MemTotal-MemAvailable fallback,0,19301828,1218,4,,
519.376,30558.0,75532928,WSL MemTotal-MemAvailable fallback,0,19301828,1218,4,,
520.41,30557.0,75528756,WSL MemTotal-MemAvailable fallback,0,19301828,1218,4,,
521.444,30557.0,75539536,WSL MemTotal-MemAvailable fallback,0,19301828,1218,4,,
522.486,30557.0,75538708,WSL MemTotal-MemAvailable fallback,0,19301828,1218,4,,
523.529,30563.0,75537148,WSL MemTotal-MemAvailable fallback,0,19301828,1218,4,,
524.573,30563.0,75540608,WSL MemTotal-MemAvailable fallback,0,19301828,1218,4,,
525.615,30563.0,75541368,WSL MemTotal-MemAvailable fallback,0,19301828,1218,4,,
526.658,30563.0,75543220,WSL MemTotal-MemAvailable fallback,0,19301828,1218,4,,
527.707,30563.0,75543764,WSL MemTotal-MemAvailable fallback,0,19301828,1218,4,,
528.746,30558.0,75545024,WSL MemTotal-MemAvailable fallback,0,19301828,1218,4,,
529.784,30557.0,75545228,WSL MemTotal-MemAvailable fallback,0,19301828,1218,4,,
530.82,30565.0,75531972,WSL MemTotal-MemAvailable fallback,0,19301828,1218,4,,
531.856,30565.0,75536504,WSL MemTotal-MemAvailable fallback,0,19301828,1218,4,,
532.89,30565.0,75536564,WSL MemTotal-MemAvailable fallback,0,19301828,1218,4,,
533.923,30565.0,75543032,WSL MemTotal-MemAvailable fallback,0,19301828,1218,4,,
534.962,30565.0,75538100,WSL MemTotal-MemAvailable fallback,0,19301828,1218,4,,
536.019,30563.0,75545636,WSL MemTotal-MemAvailable fallback,0,19301828,1218,4,,
537.062,30563.0,75545692,WSL MemTotal-MemAvailable fallback,0,19301828,1218,4,,
538.096,30563.0,75540008,WSL MemTotal-MemAvailable fallback,0,19301828,1218,4,,
539.135,30564.0,75543032,WSL MemTotal-MemAvailable fallback,0,19301828,1218,4,,
540.178,30563.0,75546732,WSL MemTotal-MemAvailable fallback,0,19301828,1218,4,,
541.213,30558.0,75553960,WSL MemTotal-MemAvailable fallback,0,19301828,1218,4,,
542.257,30558.0,75555904,WSL MemTotal-MemAvailable fallback,0,19301828,1218,4,,
543.292,30558.0,75554072,WSL MemTotal-MemAvailable fallback,0,19301828,1218,4,,
544.326,30558.0,75555036,WSL MemTotal-MemAvailable fallback,0,19301828,1218,4,,
545.361,30558.0,75551912,WSL MemTotal-MemAvailable fallback,0,19301828,1218,4,,
546.395,30558.0,75554720,WSL MemTotal-MemAvailable fallback,0,19301828,1218,4,,
547.43,30564.0,75552996,WSL MemTotal-MemAvailable fallback,0,19301828,1218,4,,
548.466,30564.0,75545468,WSL MemTotal-MemAvailable fallback,0,19301828,1218,4,,
549.505,30564.0,75550904,WSL MemTotal-MemAvailable fallback,0,19301828,1218,4,,
550.547,30564.0,75549988,WSL MemTotal-MemAvailable fallback,0,19301828,1218,4,,
551.591,30563.0,75539468,WSL MemTotal-MemAvailable fallback,0,19301828,1218,4,,
552.631,30558.0,75545008,WSL MemTotal-MemAvailable fallback,0,19301828,1218,4,,
553.665,30558.0,75540564,WSL MemTotal-MemAvailable fallback,0,19301828,1218,4,,
554.704,30558.0,75542580,WSL MemTotal-MemAvailable fallback,0,19301828,1218,4,,
555.751,30558.0,75546144,WSL MemTotal-MemAvailable fallback,0,19301828,1218,4,,
556.79,30558.0,75544744,WSL MemTotal-MemAvailable fallback,0,19301828,1218,4,,
557.827,30558.0,75543964,WSL MemTotal-MemAvailable fallback,0,19301828,1218,4,,
558.871,30558.0,75540244,WSL MemTotal-MemAvailable fallback,0,19301828,1218,4,,
559.915,30558.0,75542996,WSL MemTotal-MemAvailable fallback,0,19301828,1218,4,,
560.958,30558.0,75541660,WSL MemTotal-MemAvailable fallback,0,19301828,1218,4,,
561.991,30558.0,75534780,WSL MemTotal-MemAvailable fallback,0,19301828,1218,4,,
563.032,30558.0,75533652,WSL MemTotal-MemAvailable fallback,0,19301828,1218,4,,
564.075,30563.0,75546156,WSL MemTotal-MemAvailable fallback,0,19301828,1218,4,,
565.129,30563.0,75547348,WSL MemTotal-MemAvailable fallback,0,19301828,1218,4,,
566.166,30563.0,75546560,WSL MemTotal-MemAvailable fallback,0,19301828,1218,4,,
567.208,30564.0,75560796,WSL MemTotal-MemAvailable fallback,0,19301828,1218,4,,
568.246,30563.0,75560808,WSL MemTotal-MemAvailable fallback,0,19301828,1218,4,,
569.301,30563.0,75556332,WSL MemTotal-MemAvailable fallback,0,19301828,1218,4,,
570.352,30563.0,75554900,WSL MemTotal-MemAvailable fallback,0,19301828,1218,4,,
571.387,30563.0,75561664,WSL MemTotal-MemAvailable fallback,0,19301828,1218,4,,
572.42,30563.0,75552088,WSL MemTotal-MemAvailable fallback,0,19301828,1218,4,,
573.456,30563.0,75553604,WSL MemTotal-MemAvailable fallback,0,19301828,1218,4,,
574.493,30563.0,75548660,WSL MemTotal-MemAvailable fallback,0,19301828,1218,4,,
575.531,30563.0,75545772,WSL MemTotal-MemAvailable fallback,0,19301828,1218,4,,
576.571,30563.0,75547576,WSL MemTotal-MemAvailable fallback,0,19301828,1218,4,,
577.608,30563.0,75541272,WSL MemTotal-MemAvailable fallback,0,19301828,1218,4,,
578.657,30563.0,75534288,WSL MemTotal-MemAvailable fallback,0,19301828,1218,4,,
579.701,30563.0,75531676,WSL MemTotal-MemAvailable fallback,0,19301828,1218,4,,
580.742,30563.0,75535244,WSL MemTotal-MemAvailable fallback,0,19301828,1218,4,,
581.778,30564.0,75532992,WSL MemTotal-MemAvailable fallback,0,19301828,1218,4,,
582.819,30564.0,75533444,WSL MemTotal-MemAvailable fallback,0,19301828,1218,4,,
583.871,30564.0,75535440,WSL MemTotal-MemAvailable fallback,0,19301828,1218,4,,
584.916,30564.0,75531412,WSL MemTotal-MemAvailable fallback,0,19301828,1218,4,,
585.955,30564.0,75536116,WSL MemTotal-MemAvailable fallback,0,19301829,1218,4,,
586.99,30563.0,75535376,WSL MemTotal-MemAvailable fallback,0,19301829,1218,4,,
588.032,30563.0,75532060,WSL MemTotal-MemAvailable fallback,0,19301829,1218,4,,
589.072,30563.0,75531948,WSL MemTotal-MemAvailable fallback,0,19301829,1218,4,,
590.114,30564.0,75529428,WSL MemTotal-MemAvailable fallback,0,19301829,1218,4,,
591.163,30564.0,75533580,WSL MemTotal-MemAvailable fallback,0,19301829,1218,4,,
592.207,30558.0,75535780,WSL MemTotal-MemAvailable fallback,0,19301829,1218,4,,
593.251,30558.0,75535796,WSL MemTotal-MemAvailable fallback,0,19301829,1218,4,,
594.293,30558.0,75532272,WSL MemTotal-MemAvailable fallback,0,19301829,1218,4,,
595.328,30558.0,75536880,WSL MemTotal-MemAvailable fallback,0,19301829,1218,4,,
596.364,30558.0,75537104,WSL MemTotal-MemAvailable fallback,0,19301829,1218,4,,
597.398,30558.0,75542624,WSL MemTotal-MemAvailable fallback,0,19301829,1218,4,,
598.438,30558.0,75534976,WSL MemTotal-MemAvailable fallback,0,19301829,1218,4,,
599.478,30558.0,75538852,WSL MemTotal-MemAvailable fallback,0,19301829,1218,4,,
600.517,30558.0,75541708,WSL MemTotal-MemAvailable fallback,0,19301829,1218,4,,
601.555,30558.0,75531592,WSL MemTotal-MemAvailable fallback,0,19301829,1218,4,,
602.599,30558.0,75535180,WSL MemTotal-MemAvailable fallback,0,19301829,1218,4,,
603.641,30558.0,75537180,WSL MemTotal-MemAvailable fallback,0,19301829,1218,4,,
604.679,30558.0,75535484,WSL MemTotal-MemAvailable fallback,0,19301830,1218,4,,
605.712,30558.0,75532648,WSL MemTotal-MemAvailable fallback,0,19301830,1218,4,,
606.75,30558.0,75529204,WSL MemTotal-MemAvailable fallback,0,19301830,1218,4,,
607.791,30558.0,75526904,WSL MemTotal-MemAvailable fallback,0,19301830,1218,4,,
608.828,30558.0,75525032,WSL MemTotal-MemAvailable fallback,0,19301830,1218,4,,
609.879,30558.0,75535436,WSL MemTotal-MemAvailable fallback,0,19301830,1218,4,,
610.924,30564.0,75535444,WSL MemTotal-MemAvailable fallback,0,19301830,1218,4,,
611.977,30564.0,75542340,WSL MemTotal-MemAvailable fallback,0,19301830,1218,4,,
613.022,30564.0,75551100,WSL MemTotal-MemAvailable fallback,0,19301830,1218,4,,
614.059,30564.0,75552304,WSL MemTotal-MemAvailable fallback,0,19301830,1218,4,,
615.098,30564.0,75548708,WSL MemTotal-MemAvailable fallback,0,19301830,1218,4,,
616.139,30563.0,75542976,WSL MemTotal-MemAvailable fallback,0,19301830,1218,4,,
617.183,30563.0,75544872,WSL MemTotal-MemAvailable fallback,0,19301830,1218,4,,
618.217,30563.0,75540824,WSL MemTotal-MemAvailable fallback,0,19301830,1218,4,,
619.253,30564.0,75545040,WSL MemTotal-MemAvailable fallback,0,19301830,1218,4,,
620.288,30563.0,75539860,WSL MemTotal-MemAvailable fallback,0,19301830,1218,4,,
621.321,30563.0,75542756,WSL MemTotal-MemAvailable fallback,0,19301830,1218,4,,
622.363,30563.0,75558340,WSL MemTotal-MemAvailable fallback,0,19301830,1218,4,,
623.413,30564.0,75552184,WSL MemTotal-MemAvailable fallback,0,19301830,1218,4,,
624.447,30558.0,75554824,WSL MemTotal-MemAvailable fallback,0,19301830,1218,4,,
625.49,30558.0,75554452,WSL MemTotal-MemAvailable fallback,0,19301830,1218,4,,
626.527,30558.0,75551592,WSL MemTotal-MemAvailable fallback,0,19301830,1218,4,,
627.564,30558.0,75552752,WSL MemTotal-MemAvailable fallback,0,19301830,1218,4,,
628.602,30558.0,75550740,WSL MemTotal-MemAvailable fallback,0,19301830,1218,4,,
629.656,30558.0,75543472,WSL MemTotal-MemAvailable fallback,0,19301830,1218,4,,
630.701,30558.0,75538408,WSL MemTotal-MemAvailable fallback,0,19301830,1218,4,,
631.752,30559.0,75540164,WSL MemTotal-MemAvailable fallback,0,19301830,1218,4,,
632.791,30565.0,75540240,WSL MemTotal-MemAvailable fallback,0,19301830,1218,4,,
633.832,30565.0,75540200,WSL MemTotal-MemAvailable fallback,0,19301830,1218,4,,
634.872,30566.0,75538472,WSL MemTotal-MemAvailable fallback,0,19301830,1218,4,,
635.92,30565.0,75537548,WSL MemTotal-MemAvailable fallback,0,19301830,1218,4,,
636.965,30565.0,75536588,WSL MemTotal-MemAvailable fallback,0,19301830,1218,4,,
638.007,30564.0,75540032,WSL MemTotal-MemAvailable fallback,0,19301830,1218,4,,
639.045,30564.0,75545960,WSL MemTotal-MemAvailable fallback,0,19301830,1218,4,,
640.092,30564.0,75536336,WSL MemTotal-MemAvailable fallback,0,19301830,1218,4,,
641.127,30564.0,75539988,WSL MemTotal-MemAvailable fallback,0,19301831,1218,4,,
642.177,30564.0,75531580,WSL MemTotal-MemAvailable fallback,0,19301831,1218,4,,
643.221,30564.0,75532840,WSL MemTotal-MemAvailable fallback,0,19301831,1218,4,,
644.268,30564.0,75534572,WSL MemTotal-MemAvailable fallback,0,19301831,1218,4,,
645.324,30564.0,75529548,WSL MemTotal-MemAvailable fallback,0,19301831,1218,4,,
646.363,30564.0,75532444,WSL MemTotal-MemAvailable fallback,0,19301831,1218,4,,
647.399,30564.0,75531436,WSL MemTotal-MemAvailable fallback,0,19301831,1218,4,,
648.439,30559.0,75534444,WSL MemTotal-MemAvailable fallback,0,19301831,1218,4,,
649.483,30559.0,75535032,WSL MemTotal-MemAvailable fallback,0,19301831,1218,4,,
650.524,30559.0,75534216,WSL MemTotal-MemAvailable fallback,0,19301831,1218,4,,
651.568,30558.0,75532916,WSL MemTotal-MemAvailable fallback,0,19301831,1218,4,,
652.61,30559.0,75529224,WSL MemTotal-MemAvailable fallback,0,19301831,1218,4,,
653.643,30559.0,75532080,WSL MemTotal-MemAvailable fallback,0,19301831,1218,4,,
654.676,30559.0,75536740,WSL MemTotal-MemAvailable fallback,0,19301831,1218,4,,
655.719,30559.0,75540444,WSL MemTotal-MemAvailable fallback,0,19301831,1218,4,,
656.76,30559.0,75541488,WSL MemTotal-MemAvailable fallback,0,19301831,1218,4,,
657.795,30558.0,75540340,WSL MemTotal-MemAvailable fallback,0,19301831,1218,4,,
658.845,30564.0,75544288,WSL MemTotal-MemAvailable fallback,0,19301831,1218,4,,
659.886,30564.0,75542488,WSL MemTotal-MemAvailable fallback,0,19301874,1219,4,,
660.927,30564.0,75548796,WSL MemTotal-MemAvailable fallback,0,19302103,1219,4,,
661.963,30564.0,75541108,WSL MemTotal-MemAvailable fallback,0,19302329,1219,4,,
663.004,30564.0,75559324,WSL MemTotal-MemAvailable fallback,0,19302553,1219,4,,
664.04,30558.0,75557036,WSL MemTotal-MemAvailable fallback,0,19302763,1219,4,,
665.078,30558.0,75562524,WSL MemTotal-MemAvailable fallback,0,19302989,1219,4,,
666.115,30559.0,75566136,WSL MemTotal-MemAvailable fallback,0,19303209,1219,4,,
667.15,30559.0,75563268,WSL MemTotal-MemAvailable fallback,0,19303260,1219,4,,
668.197,30558.0,75554344,WSL MemTotal-MemAvailable fallback,0,19303456,1219,4,,
669.24,30558.0,75568912,WSL MemTotal-MemAvailable fallback,0,19303666,1219,4,,
670.276,30558.0,75567216,WSL MemTotal-MemAvailable fallback,0,19303950,1219,4,,
671.314,30559.0,75564716,WSL MemTotal-MemAvailable fallback,0,19304157,1219,4,,
672.353,30559.0,75564692,WSL MemTotal-MemAvailable fallback,0,19304393,1219,4,,
673.388,30559.0,75565628,WSL MemTotal-MemAvailable fallback,0,19304613,1219,4,,
674.422,30559.0,75556348,WSL MemTotal-MemAvailable fallback,0,19304623,1219,4,,
675.459,30559.0,75565060,WSL MemTotal-MemAvailable fallback,0,19304781,1219,4,,
676.498,30559.0,75583456,WSL MemTotal-MemAvailable fallback,0,19305002,1219,4,,
677.533,30559.0,75600208,WSL MemTotal-MemAvailable fallback,0,19305204,1219,4,,
678.568,30559.0,75580436,WSL MemTotal-MemAvailable fallback,0,19305390,1219,4,,
679.604,30559.0,75580864,WSL MemTotal-MemAvailable fallback,0,19305585,1219,4,,
680.645,30558.0,75596228,WSL MemTotal-MemAvailable fallback,0,19312790,1219,4,,
681.683,30558.0,75589816,WSL MemTotal-MemAvailable fallback,0,19312790,1219,4,,
682.722,30559.0,75591360,WSL MemTotal-MemAvailable fallback,0,19312790,1219,4,,
683.755,30558.0,75589592,WSL MemTotal-MemAvailable fallback,0,19312859,1219,4,,
684.788,30558.0,75604100,WSL MemTotal-MemAvailable fallback,0,19312877,1219,4,,
685.82,30558.0,75600776,WSL MemTotal-MemAvailable fallback,0,19312889,1219,4,,
686.854,30559.0,75616220,WSL MemTotal-MemAvailable fallback,0,19312889,1219,4,,
687.894,30558.0,75620452,WSL MemTotal-MemAvailable fallback,0,19314308,1219,4,,
688.939,30558.0,75620880,WSL MemTotal-MemAvailable fallback,0,19314308,1219,4,,
689.974,30558.0,75620076,WSL MemTotal-MemAvailable fallback,0,19314308,1219,4,,
691.016,30558.0,75616552,WSL MemTotal-MemAvailable fallback,0,19314308,1219,4,,
692.054,30559.0,75621680,WSL MemTotal-MemAvailable fallback,0,19314308,1219,4,,
693.092,30718.0,75741256,WSL MemTotal-MemAvailable fallback,0,19365463,1219,4,,
694.135,30718.0,75750360,WSL MemTotal-MemAvailable fallback,0,19365463,1219,4,,
695.169,30718.0,75707148,WSL MemTotal-MemAvailable fallback,0,19367085,1219,4,,
696.211,30718.0,75693980,WSL MemTotal-MemAvailable fallback,0,19367085,1219,4,,
697.245,30718.0,75689060,WSL MemTotal-MemAvailable fallback,0,19367085,1219,4,,
698.286,30718.0,75664488,WSL MemTotal-MemAvailable fallback,0,19374003,1219,4,,
699.324,30724.0,75670500,WSL MemTotal-MemAvailable fallback,0,19374003,1219,4,,
700.363,30724.0,75660980,WSL MemTotal-MemAvailable fallback,0,19374003,1219,4,,
701.402,30724.0,75653448,WSL MemTotal-MemAvailable fallback,0,19374003,1219,4,,
702.443,30724.0,75652264,WSL MemTotal-MemAvailable fallback,0,19374987,1219,4,,
703.49,30724.0,75851852,WSL MemTotal-MemAvailable fallback,0,19430405,1219,4,,
704.528,30723.0,75829864,WSL MemTotal-MemAvailable fallback,0,19430405,1219,4,,
705.561,30723.0,75837504,WSL MemTotal-MemAvailable fallback,0,19430410,1219,4,,
706.597,30723.0,75835868,WSL MemTotal-MemAvailable fallback,0,19430417,1219,4,,
707.639,30723.0,75876868,WSL MemTotal-MemAvailable fallback,0,19440970,1219,4,,
708.685,30723.0,75873052,WSL MemTotal-MemAvailable fallback,0,19440970,1219,4,,
709.724,30723.0,75870092,WSL MemTotal-MemAvailable fallback,0,19440970,1219,4,,
710.762,30723.0,75865520,WSL MemTotal-MemAvailable fallback,0,19440976,1219,4,,
711.812,30723.0,75855892,WSL MemTotal-MemAvailable fallback,0,19440976,1219,4,,
712.848,30723.0,75850380,WSL MemTotal-MemAvailable fallback,0,19440977,1219,4,,
713.883,30723.0,75861492,WSL MemTotal-MemAvailable fallback,0,19440977,1219,4,,
714.919,30723.0,75863768,WSL MemTotal-MemAvailable fallback,0,19440977,1219,4,,
715.955,30718.0,75861144,WSL MemTotal-MemAvailable fallback,0,19440978,1219,4,,
716.997,30718.0,75877384,WSL MemTotal-MemAvailable fallback,0,19440978,1219,4,,
718.03,30718.0,75881628,WSL MemTotal-MemAvailable fallback,0,19440978,1219,4,,
719.066,30718.0,75876140,WSL MemTotal-MemAvailable fallback,0,19440978,1219,4,,
720.105,30718.0,75868604,WSL MemTotal-MemAvailable fallback,0,19440979,1219,4,,
721.144,30718.0,75866080,WSL MemTotal-MemAvailable fallback,0,19440979,1219,4,,
722.18,30718.0,75869340,WSL MemTotal-MemAvailable fallback,0,19440979,1219,4,,
723.214,30718.0,75881244,WSL MemTotal-MemAvailable fallback,0,19440979,1219,4,,
724.257,30718.0,75875220,WSL MemTotal-MemAvailable fallback,0,19440979,1219,4,,
725.298,30718.0,75869360,WSL MemTotal-MemAvailable fallback,0,19440979,1219,4,,
726.343,30718.0,75858768,WSL MemTotal-MemAvailable fallback,0,19440979,1219,4,,
727.381,30723.0,75848352,WSL MemTotal-MemAvailable fallback,0,19440979,1219,4,,
728.421,30723.0,75842264,WSL MemTotal-MemAvailable fallback,0,19440979,1219,4,,
729.459,30723.0,75838776,WSL MemTotal-MemAvailable fallback,0,19440979,1219,4,,
730.495,30723.0,75837780,WSL MemTotal-MemAvailable fallback,0,19440979,1219,4,,
731.535,30723.0,75843284,WSL MemTotal-MemAvailable fallback,0,19440979,1219,4,,
732.575,30725.0,75850548,WSL MemTotal-MemAvailable fallback,0,19440979,1219,4,,
733.614,30725.0,75849968,WSL MemTotal-MemAvailable fallback,0,19440979,1219,4,,
734.653,30725.0,75847892,WSL MemTotal-MemAvailable fallback,0,19440979,1219,4,,
735.689,30725.0,75846060,WSL MemTotal-MemAvailable fallback,0,19440979,1219,4,,
736.725,30725.0,75845368,WSL MemTotal-MemAvailable fallback,0,19440979,1219,4,,
737.762,30724.0,75832980,WSL MemTotal-MemAvailable fallback,0,19440979,1219,4,,
738.801,30724.0,75848700,WSL MemTotal-MemAvailable fallback,0,19440979,1219,4,,
739.841,30724.0,75864632,WSL MemTotal-MemAvailable fallback,0,19440979,1219,4,,
740.882,30724.0,75849588,WSL MemTotal-MemAvailable fallback,0,19440979,1219,4,,
741.918,30718.0,75849536,WSL MemTotal-MemAvailable fallback,0,19440979,1219,4,,
742.953,30719.0,75860136,WSL MemTotal-MemAvailable fallback,0,19440979,1219,4,,
743.993,30718.0,75856716,WSL MemTotal-MemAvailable fallback,0,19440979,1219,4,,
745.031,30718.0,75852328,WSL MemTotal-MemAvailable fallback,0,19440979,1219,4,,
746.07,30718.0,75846496,WSL MemTotal-MemAvailable fallback,0,19440979,1219,4,,
747.108,30718.0,75833720,WSL MemTotal-MemAvailable fallback,0,19440979,1219,4,,
748.147,30718.0,75822480,WSL MemTotal-MemAvailable fallback,0,19440979,1219,4,,
749.182,30718.0,75815844,WSL MemTotal-MemAvailable fallback,0,19440979,1219,4,,
750.221,30718.0,75817488,WSL MemTotal-MemAvailable fallback,0,19440979,1219,4,,
751.273,30718.0,75860252,WSL MemTotal-MemAvailable fallback,0,19449586,1219,4,,
752.309,30718.0,75869436,WSL MemTotal-MemAvailable fallback,0,19449586,1219,4,,
753.356,30718.0,75866620,WSL MemTotal-MemAvailable fallback,0,19449586,1219,4,,
754.395,30718.0,75864040,WSL MemTotal-MemAvailable fallback,0,19449586,1219,4,,
755.431,30724.0,75865612,WSL MemTotal-MemAvailable fallback,0,19449586,1219,4,,
756.472,30724.0,75867308,WSL MemTotal-MemAvailable fallback,0,19449586,1219,4,,
757.506,30724.0,75871612,WSL MemTotal-MemAvailable fallback,0,19449586,1219,4,,
758.543,30724.0,75807732,WSL MemTotal-MemAvailable fallback,0,19449933,1219,4,,
759.585,30724.0,75806344,WSL MemTotal-MemAvailable fallback,0,19449933,1219,4,,
760.639,30718.0,75801788,WSL MemTotal-MemAvailable fallback,0,19449933,1219,4,,
761.672,30718.0,75805300,WSL MemTotal-MemAvailable fallback,0,19449933,1219,4,,
762.71,30719.0,75823480,WSL MemTotal-MemAvailable fallback,0,19449933,1219,4,,
763.743,30724.0,75839428,WSL MemTotal-MemAvailable fallback,0,19449933,1219,4,,
764.784,30724.0,75841224,WSL MemTotal-MemAvailable fallback,0,19449933,1219,4,,
765.823,30724.0,75839820,WSL MemTotal-MemAvailable fallback,0,19449933,1219,4,,
766.864,30724.0,75827052,WSL MemTotal-MemAvailable fallback,0,19449933,1219,4,,
767.901,30724.0,75824412,WSL MemTotal-MemAvailable fallback,0,19449933,1219,4,,
768.948,30718.0,75809532,WSL MemTotal-MemAvailable fallback,0,19449933,1219,4,,
769.983,30718.0,75806444,WSL MemTotal-MemAvailable fallback,0,19449933,1219,4,,
771.024,30724.0,75802836,WSL MemTotal-MemAvailable fallback,0,19449933,1219,4,,
772.059,30724.0,75795828,WSL MemTotal-MemAvailable fallback,0,19449933,1219,4,,
773.094,30724.0,75794740,WSL MemTotal-MemAvailable fallback,0,19449933,1219,4,,
774.135,30724.0,75788920,WSL MemTotal-MemAvailable fallback,0,19449933,1219,4,,
775.175,30724.0,75793620,WSL MemTotal-MemAvailable fallback,0,19449933,1219,4,,
776.211,30718.0,75795960,WSL MemTotal-MemAvailable fallback,0,19450204,1219,4,,
777.246,30718.0,75796192,WSL MemTotal-MemAvailable fallback,0,19450204,1219,4,,
778.287,30718.0,75795136,WSL MemTotal-MemAvailable fallback,0,19450204,1219,4,,
779.324,30718.0,75797692,WSL MemTotal-MemAvailable fallback,0,19450394,1219,4,,
780.369,30718.0,75801572,WSL MemTotal-MemAvailable fallback,0,19450394,1219,4,,
781.411,30718.0,75799808,WSL MemTotal-MemAvailable fallback,0,19450394,1219,4,,
782.446,30718.0,75799340,WSL MemTotal-MemAvailable fallback,0,19450394,1219,4,,
783.488,30718.0,75793220,WSL MemTotal-MemAvailable fallback,0,19450394,1219,4,,
784.526,30718.0,75799980,WSL MemTotal-MemAvailable fallback,0,19450394,1219,4,,
785.561,30718.0,75800736,WSL MemTotal-MemAvailable fallback,0,19450394,1219,4,,
786.596,30718.0,75808504,WSL MemTotal-MemAvailable fallback,0,19450394,1219,4,,
787.645,30718.0,75820160,WSL MemTotal-MemAvailable fallback,0,19450394,1219,4,,
788.689,30718.0,75815680,WSL MemTotal-MemAvailable fallback,0,19450394,1219,4,,
789.724,30718.0,75810088,WSL MemTotal-MemAvailable fallback,0,19450394,1219,4,,
790.759,30719.0,75810196,WSL MemTotal-MemAvailable fallback,0,19450394,1219,4,,
791.799,30718.0,75811924,WSL MemTotal-MemAvailable fallback,0,19450394,1219,4,,
792.841,30718.0,75809500,WSL MemTotal-MemAvailable fallback,0,19450394,1219,4,,
793.879,30718.0,75812372,WSL MemTotal-MemAvailable fallback,0,19450394,1219,4,,
794.92,30718.0,75810144,WSL MemTotal-MemAvailable fallback,0,19450394,1219,4,,
795.955,30718.0,75807068,WSL MemTotal-MemAvailable fallback,0,19450394,1219,4,,
796.988,30718.0,75803748,WSL MemTotal-MemAvailable fallback,0,19450394,1219,4,,
798.023,30718.0,75798640,WSL MemTotal-MemAvailable fallback,0,19450394,1219,4,,
799.06,30724.0,75800220,WSL MemTotal-MemAvailable fallback,0,19450394,1219,4,,
800.099,30724.0,75815748,WSL MemTotal-MemAvailable fallback,0,19450394,1219,4,,
801.137,30724.0,75803948,WSL MemTotal-MemAvailable fallback,0,19450394,1219,4,,
802.174,30724.0,75798820,WSL MemTotal-MemAvailable fallback,0,19450394,1219,4,,
803.211,30724.0,75825592,WSL MemTotal-MemAvailable fallback,0,19450394,1219,4,,
804.259,30724.0,75824064,WSL MemTotal-MemAvailable fallback,0,19450507,1219,4,,
805.297,30718.0,75820252,WSL MemTotal-MemAvailable fallback,0,19450507,1219,4,,
806.335,30718.0,75822356,WSL MemTotal-MemAvailable fallback,0,19450507,1219,4,,
807.375,30718.0,75818612,WSL MemTotal-MemAvailable fallback,0,19450507,1219,4,,
808.41,30718.0,75824016,WSL MemTotal-MemAvailable fallback,0,19450507,1219,4,,
809.45,30718.0,75815080,WSL MemTotal-MemAvailable fallback,0,19450507,1219,4,,
810.492,30719.0,75812500,WSL MemTotal-MemAvailable fallback,0,19450507,1219,4,,
811.53,30720.0,75810292,WSL MemTotal-MemAvailable fallback,0,19450507,1219,4,,
812.571,30725.0,75806800,WSL MemTotal-MemAvailable fallback,0,19450507,1219,4,,
813.62,30725.0,75805604,WSL MemTotal-MemAvailable fallback,0,19450507,1219,4,,
814.659,30725.0,75803828,WSL MemTotal-MemAvailable fallback,0,19450507,1219,4,,
815.697,30725.0,75804212,WSL MemTotal-MemAvailable fallback,0,19450507,1219,4,,
816.742,30724.0,75816500,WSL MemTotal-MemAvailable fallback,0,19450507,1219,4,,
817.783,30724.0,75821488,WSL MemTotal-MemAvailable fallback,0,19450507,1219,4,,
818.828,30724.0,75811176,WSL MemTotal-MemAvailable fallback,0,19450507,1219,4,,
819.874,30724.0,75811452,WSL MemTotal-MemAvailable fallback,0,19450507,1219,4,,
820.916,30718.0,75799492,WSL MemTotal-MemAvailable fallback,0,19450507,1219,4,,
821.969,30718.0,75803640,WSL MemTotal-MemAvailable fallback,0,19450507,1219,4,,
823.005,30719.0,75802296,WSL MemTotal-MemAvailable fallback,0,19450507,1219,4,,
824.048,30718.0,75802776,WSL MemTotal-MemAvailable fallback,0,19450507,1219,4,,
825.088,30718.0,75800600,WSL MemTotal-MemAvailable fallback,0,19450507,1219,4,,
826.124,30718.0,75797364,WSL MemTotal-MemAvailable fallback,0,19450507,1219,4,,
827.162,30719.0,75795352,WSL MemTotal-MemAvailable fallback,0,19450507,1219,4,,
828.21,30719.0,75797380,WSL MemTotal-MemAvailable fallback,0,19450507,1219,4,,
829.249,30719.0,75804416,WSL MemTotal-MemAvailable fallback,0,19450507,1219,4,,
830.288,30719.0,75806936,WSL MemTotal-MemAvailable fallback,0,19450507,1219,4,,
831.332,30719.0,75804060,WSL MemTotal-MemAvailable fallback,0,19450507,1219,4,,
832.369,30724.0,75805576,WSL MemTotal-MemAvailable fallback,0,19450507,1219,4,,
833.402,30724.0,75799992,WSL MemTotal-MemAvailable fallback,0,19450507,1219,4,,
834.443,30724.0,75816060,WSL MemTotal-MemAvailable fallback,0,19450507,1219,4,,
835.479,30724.0,75802956,WSL MemTotal-MemAvailable fallback,0,19450507,1219,4,,
836.52,30718.0,75804920,WSL MemTotal-MemAvailable fallback,0,19450507,1219,4,,
837.555,30718.0,75808688,WSL MemTotal-MemAvailable fallback,0,19450507,1219,4,,
838.594,30719.0,75816652,WSL MemTotal-MemAvailable fallback,0,19450507,1219,4,,
839.646,30724.0,75818904,WSL MemTotal-MemAvailable fallback,0,19450507,1219,4,,
840.68,30724.0,75833072,WSL MemTotal-MemAvailable fallback,0,19450507,1219,4,,
841.715,30724.0,75846920,WSL MemTotal-MemAvailable fallback,0,19450507,1219,4,,
842.749,30724.0,75842484,WSL MemTotal-MemAvailable fallback,0,19450507,1219,4,,
843.791,30724.0,75837012,WSL MemTotal-MemAvailable fallback,0,19450507,1219,4,,
844.825,30724.0,75832636,WSL MemTotal-MemAvailable fallback,0,19450507,1219,4,,
845.861,30724.0,75829424,WSL MemTotal-MemAvailable fallback,0,19450507,1219,4,,
846.904,30724.0,75826524,WSL MemTotal-MemAvailable fallback,0,19450507,1219,4,,
847.941,30724.0,75828856,WSL MemTotal-MemAvailable fallback,0,19450507,1219,4,,
848.98,30724.0,75816472,WSL MemTotal-MemAvailable fallback,0,19450507,1219,4,,
850.02,30724.0,75823560,WSL MemTotal-MemAvailable fallback,0,19450507,1219,4,,
851.068,30724.0,75824508,WSL MemTotal-MemAvailable fallback,0,19450507,1219,4,,
852.111,30718.0,75820664,WSL MemTotal-MemAvailable fallback,0,19450507,1219,4,,
853.154,30718.0,75813416,WSL MemTotal-MemAvailable fallback,0,19450508,1219,4,,
854.19,30718.0,75814324,WSL MemTotal-MemAvailable fallback,0,19450508,1219,4,,
855.229,30724.0,75832200,WSL MemTotal-MemAvailable fallback,0,19450512,1219,4,,
856.264,30724.0,75845768,WSL MemTotal-MemAvailable fallback,0,19450512,1219,4,,
857.296,30724.0,75900956,WSL MemTotal-MemAvailable fallback,0,19463154,1219,4,,
858.343,30724.0,75892272,WSL MemTotal-MemAvailable fallback,0,19463154,1219,4,,
859.379,30724.0,75889076,WSL MemTotal-MemAvailable fallback,0,19463154,1219,4,,
860.412,30724.0,75887084,WSL MemTotal-MemAvailable fallback,0,19463154,1219,4,,
861.447,30724.0,75882548,WSL MemTotal-MemAvailable fallback,0,19463154,1219,4,,
862.485,30724.0,75882460,WSL MemTotal-MemAvailable fallback,0,19463154,1219,4,,
863.52,30724.0,75875080,WSL MemTotal-MemAvailable fallback,0,19463154,1219,4,,
864.559,30724.0,75874412,WSL MemTotal-MemAvailable fallback,0,19463154,1219,4,,
865.598,30724.0,75879100,WSL MemTotal-MemAvailable fallback,0,19463154,1219,4,,
866.638,30724.0,75875408,WSL MemTotal-MemAvailable fallback,0,19463154,1219,4,,
867.676,30724.0,75879020,WSL MemTotal-MemAvailable fallback,0,19463154,1219,4,,
868.711,30719.0,75878484,WSL MemTotal-MemAvailable fallback,0,19463154,1219,4,,
869.744,30719.0,75877572,WSL MemTotal-MemAvailable fallback,0,19463154,1219,4,,
870.778,30719.0,75885844,WSL MemTotal-MemAvailable fallback,0,19463154,1219,4,,
871.813,30718.0,75890220,WSL MemTotal-MemAvailable fallback,0,19463154,1219,4,,
872.853,30718.0,75888616,WSL MemTotal-MemAvailable fallback,0,19463154,1219,4,,
873.894,30718.0,75884288,WSL MemTotal-MemAvailable fallback,0,19463154,1219,4,,
874.929,30719.0,75885836,WSL MemTotal-MemAvailable fallback,0,19463154,1219,4,,
875.967,30724.0,75888300,WSL MemTotal-MemAvailable fallback,0,19463154,1219,4,,
877.013,30724.0,75889908,WSL MemTotal-MemAvailable fallback,0,19463154,1219,4,,
878.054,30724.0,75888868,WSL MemTotal-MemAvailable fallback,0,19463154,1219,4,,
879.095,30724.0,75888540,WSL MemTotal-MemAvailable fallback,0,19463154,1219,4,,
880.139,30719.0,75889356,WSL MemTotal-MemAvailable fallback,0,19463154,1219,4,,
881.188,30719.0,75889436,WSL MemTotal-MemAvailable fallback,0,19463154,1219,4,,
882.231,30724.0,75891344,WSL MemTotal-MemAvailable fallback,0,19463154,1219,4,,
883.282,30724.0,75889124,WSL MemTotal-MemAvailable fallback,0,19463154,1219,4,,
884.324,30723.0,75893004,WSL MemTotal-MemAvailable fallback,0,19463154,1219,4,,
885.368,30723.0,75896884,WSL MemTotal-MemAvailable fallback,0,19463154,1219,4,,
886.404,30723.0,75887868,WSL MemTotal-MemAvailable fallback,0,19463154,1219,4,,
887.441,30724.0,75889472,WSL MemTotal-MemAvailable fallback,0,19463154,1219,4,,
888.478,30723.0,75892644,WSL MemTotal-MemAvailable fallback,0,19463154,1219,4,,
889.512,30723.0,75892172,WSL MemTotal-MemAvailable fallback,0,19463154,1219,4,,
890.551,30723.0,75882644,WSL MemTotal-MemAvailable fallback,0,19463154,1219,4,,
891.587,30723.0,75879328,WSL MemTotal-MemAvailable fallback,0,19463154,1219,4,,
892.628,30718.0,75884984,WSL MemTotal-MemAvailable fallback,0,19463154,1219,4,,
893.661,30718.0,75884392,WSL MemTotal-MemAvailable fallback,0,19463154,1219,4,,
894.7,30718.0,75881624,WSL MemTotal-MemAvailable fallback,0,19463154,1219,4,,
895.738,30718.0,75882588,WSL MemTotal-MemAvailable fallback,0,19463154,1219,4,,
896.774,30718.0,75882336,WSL MemTotal-MemAvailable fallback,0,19463154,1219,4,,
897.807,30718.0,75882116,WSL MemTotal-MemAvailable fallback,0,19463154,1219,4,,
898.85,30718.0,75880704,WSL MemTotal-MemAvailable fallback,0,19463154,1219,4,,
899.883,30718.0,75883984,WSL MemTotal-MemAvailable fallback,0,19463154,1219,4,,
900.92,30718.0,75872372,WSL MemTotal-MemAvailable fallback,0,19463154,1219,4,,
901.97,30718.0,75877132,WSL MemTotal-MemAvailable fallback,0,19463154,1219,4,,
903.01,30723.0,75874832,WSL MemTotal-MemAvailable fallback,0,19463154,1219,4,,
904.053,30723.0,75878268,WSL MemTotal-MemAvailable fallback,0,19463154,1219,4,,
905.098,30723.0,75885576,WSL MemTotal-MemAvailable fallback,0,19463154,1219,4,,
906.148,30723.0,75876856,WSL MemTotal-MemAvailable fallback,0,19463154,1219,4,,
907.191,30723.0,75882256,WSL MemTotal-MemAvailable fallback,0,19463154,1219,4,,
908.239,30718.0,75890060,WSL MemTotal-MemAvailable fallback,0,19463154,1219,4,,
909.284,30718.0,75890096,WSL MemTotal-MemAvailable fallback,0,19463154,1219,4,,
910.326,30718.0,75884216,WSL MemTotal-MemAvailable fallback,0,19463154,1219,4,,
911.377,30723.0,75879492,WSL MemTotal-MemAvailable fallback,0,19463154,1219,4,,
912.417,30723.0,75884588,WSL MemTotal-MemAvailable fallback,0,19463154,1219,4,,
913.456,30723.0,75882532,WSL MemTotal-MemAvailable fallback,0,19463154,1219,4,,
914.494,30723.0,75887460,WSL MemTotal-MemAvailable fallback,0,19463154,1219,4,,
915.535,30723.0,75887212,WSL MemTotal-MemAvailable fallback,0,19463154,1219,4,,
916.569,30718.0,75889340,WSL MemTotal-MemAvailable fallback,0,19463154,1219,4,,
917.603,30718.0,75884612,WSL MemTotal-MemAvailable fallback,0,19463154,1219,4,,
918.648,30736.0,75877156,WSL MemTotal-MemAvailable fallback,0,19463154,1219,4,,
919.69,30741.0,75880048,WSL MemTotal-MemAvailable fallback,0,19463154,1219,4,,
920.735,30741.0,75880948,WSL MemTotal-MemAvailable fallback,0,19463154,1219,4,,
921.776,30741.0,75866380,WSL MemTotal-MemAvailable fallback,0,19463154,1219,4,,
922.81,30741.0,75864204,WSL MemTotal-MemAvailable fallback,0,19463154,1219,4,,
923.842,30740.0,75863220,WSL MemTotal-MemAvailable fallback,0,19463154,1219,4,,
924.877,30740.0,75862160,WSL MemTotal-MemAvailable fallback,0,19463154,1219,4,,
925.914,30740.0,75862196,WSL MemTotal-MemAvailable fallback,0,19463154,1219,4,,
926.959,30740.0,75867692,WSL MemTotal-MemAvailable fallback,0,19463154,1219,4,,
928.0,30729.0,75871128,WSL MemTotal-MemAvailable fallback,0,19463154,1219,4,,
929.045,30729.0,75874656,WSL MemTotal-MemAvailable fallback,0,19463154,1219,4,,
930.078,30729.0,75871080,WSL MemTotal-MemAvailable fallback,0,19463154,1219,4,,
931.12,30740.0,75870624,WSL MemTotal-MemAvailable fallback,0,19463154,1219,4,,
932.168,30740.0,75874232,WSL MemTotal-MemAvailable fallback,0,19463154,1219,4,,
933.211,30740.0,75860964,WSL MemTotal-MemAvailable fallback,0,19463154,1219,4,,
934.268,30740.0,75864744,WSL MemTotal-MemAvailable fallback,0,19463154,1219,4,,
935.312,30740.0,75870576,WSL MemTotal-MemAvailable fallback,0,19463154,1219,4,,
936.348,30740.0,75886656,WSL MemTotal-MemAvailable fallback,0,19463154,1219,4,,
937.389,30740.0,75902756,WSL MemTotal-MemAvailable fallback,0,19463154,1219,4,,
938.439,30740.0,75910028,WSL MemTotal-MemAvailable fallback,0,19463154,1219,4,,
939.488,30740.0,75927920,WSL MemTotal-MemAvailable fallback,0,19463154,1219,4,,
940.536,30729.0,75927688,WSL MemTotal-MemAvailable fallback,0,19463154,1219,4,,
941.576,30729.0,75931384,WSL MemTotal-MemAvailable fallback,0,19463154,1219,4,,
942.613,30729.0,75923224,WSL MemTotal-MemAvailable fallback,0,19463154,1219,4,,
943.668,30729.0,75923428,WSL MemTotal-MemAvailable fallback,0,19463154,1219,4,,
944.701,30729.0,75916996,WSL MemTotal-MemAvailable fallback,0,19463154,1219,4,,
945.736,30729.0,75913468,WSL MemTotal-MemAvailable fallback,0,19463154,1219,4,,
946.779,30729.0,75910824,WSL MemTotal-MemAvailable fallback,0,19463154,1219,4,,
947.819,30740.0,75919392,WSL MemTotal-MemAvailable fallback,0,19463154,1219,4,,
948.853,30740.0,75914556,WSL MemTotal-MemAvailable fallback,0,19463154,1219,4,,
949.898,30740.0,75896216,WSL MemTotal-MemAvailable fallback,0,19463154,1219,4,,
950.941,30740.0,75876592,WSL MemTotal-MemAvailable fallback,0,19463154,1219,4,,
951.982,30740.0,75872260,WSL MemTotal-MemAvailable fallback,0,19463154,1219,4,,
953.026,30729.0,75872828,WSL MemTotal-MemAvailable fallback,0,19463154,1219,4,,
954.063,30729.0,75874824,WSL MemTotal-MemAvailable fallback,0,19463154,1219,4,,
955.104,30729.0,75878632,WSL MemTotal-MemAvailable fallback,0,19463154,1219,4,,
956.137,30729.0,75880240,WSL MemTotal-MemAvailable fallback,0,19463154,1219,4,,
957.181,30730.0,75877696,WSL MemTotal-MemAvailable fallback,0,19463154,1219,4,,
958.217,30729.0,75878504,WSL MemTotal-MemAvailable fallback,0,19463154,1219,4,,
959.262,30730.0,75880964,WSL MemTotal-MemAvailable fallback,0,19463154,1219,4,,
960.299,30729.0,75881280,WSL MemTotal-MemAvailable fallback,0,19463154,1219,4,,
961.337,30729.0,75875952,WSL MemTotal-MemAvailable fallback,0,19463154,1219,4,,
962.382,30729.0,75876628,WSL MemTotal-MemAvailable fallback,0,19463154,1219,4,,
963.423,30730.0,75879080,WSL MemTotal-MemAvailable fallback,0,19463154,1219,4,,
964.455,30729.0,75877780,WSL MemTotal-MemAvailable fallback,0,19463154,1219,4,,
965.488,30729.0,75878148,WSL MemTotal-MemAvailable fallback,0,19463154,1219,4,,
966.538,30729.0,75881744,WSL MemTotal-MemAvailable fallback,0,19463154,1219,4,,
967.575,30729.0,75891476,WSL MemTotal-MemAvailable fallback,0,19463154,1219,4,,
968.617,30729.0,75885772,WSL MemTotal-MemAvailable fallback,0,19463154,1219,4,,
969.654,30729.0,75887944,WSL MemTotal-MemAvailable fallback,0,19463154,1219,4,,
970.695,30729.0,75891560,WSL MemTotal-MemAvailable fallback,0,19463154,1219,4,,
971.73,30740.0,75886200,WSL MemTotal-MemAvailable fallback,0,19463154,1219,4,,
972.771,30740.0,75893648,WSL MemTotal-MemAvailable fallback,0,19463154,1219,4,,
973.809,30740.0,75888508,WSL MemTotal-MemAvailable fallback,0,19463154,1219,4,,
974.853,30740.0,75888348,WSL MemTotal-MemAvailable fallback,0,19463154,1219,4,,
975.895,30740.0,75885456,WSL MemTotal-MemAvailable fallback,0,19463154,1219,4,,
976.935,30729.0,75886748,WSL MemTotal-MemAvailable fallback,0,19463154,1219,4,,
977.98,30729.0,75893612,WSL MemTotal-MemAvailable fallback,0,19463154,1219,4,,
979.023,30729.0,75886900,WSL MemTotal-MemAvailable fallback,0,19463154,1219,4,,
980.07,30729.0,75886492,WSL MemTotal-MemAvailable fallback,0,19463154,1219,4,,
981.114,30729.0,75888288,WSL MemTotal-MemAvailable fallback,0,19463154,1219,4,,
982.152,30729.0,75883956,WSL MemTotal-MemAvailable fallback,0,19463154,1219,4,,
983.188,30740.0,75887232,WSL MemTotal-MemAvailable fallback,0,19463154,1219,4,,
984.223,30741.0,75883552,WSL MemTotal-MemAvailable fallback,0,19463154,1219,4,,
985.258,30741.0,75881152,WSL MemTotal-MemAvailable fallback,0,19463154,1219,4,,
986.295,30741.0,75884304,WSL MemTotal-MemAvailable fallback,0,19463154,1219,4,,
987.328,30740.0,75880772,WSL MemTotal-MemAvailable fallback,0,19463154,1219,4,,
988.369,30740.0,75885636,WSL MemTotal-MemAvailable fallback,0,19463154,1219,4,,
989.407,30735.0,75878196,WSL MemTotal-MemAvailable fallback,0,19463154,1219,4,,
990.443,30728.0,75873864,WSL MemTotal-MemAvailable fallback,0,19463154,1219,4,,
991.484,30728.0,75876580,WSL MemTotal-MemAvailable fallback,0,19463154,1219,4,,
992.535,30728.0,75879956,WSL MemTotal-MemAvailable fallback,0,19463154,1219,4,,
993.571,30728.0,75876988,WSL MemTotal-MemAvailable fallback,0,19463154,1219,4,,
994.604,30723.0,75873268,WSL MemTotal-MemAvailable fallback,0,19463154,1219,4,,
995.643,30728.0,75868984,WSL MemTotal-MemAvailable fallback,0,19463154,1219,4,,
996.688,30728.0,75872100,WSL MemTotal-MemAvailable fallback,0,19463154,1219,4,,
997.724,30728.0,75877936,WSL MemTotal-MemAvailable fallback,0,19463154,1219,4,,
998.759,30729.0,75875904,WSL MemTotal-MemAvailable fallback,0,19463154,1219,4,,
999.805,30729.0,75878964,WSL MemTotal-MemAvailable fallback,0,19463154,1219,4,,
1000.844,30723.0,75873252,WSL MemTotal-MemAvailable fallback,0,19463154,1219,4,,
1001.886,30723.0,75875396,WSL MemTotal-MemAvailable fallback,0,19463154,1219,4,,
1002.932,30723.0,75875224,WSL MemTotal-MemAvailable fallback,0,19463154,1219,4,,
1003.979,30723.0,75875684,WSL MemTotal-MemAvailable fallback,0,19463154,1219,4,,
1005.014,30723.0,75867444,WSL MemTotal-MemAvailable fallback,0,19463154,1219,4,,
1006.052,30723.0,75866692,WSL MemTotal-MemAvailable fallback,0,19463154,1219,4,,
1007.086,30723.0,75868388,WSL MemTotal-MemAvailable fallback,0,19463154,1219,4,,
1008.123,30723.0,75871920,WSL MemTotal-MemAvailable fallback,0,19463154,1219,4,,
1009.164,30723.0,75874760,WSL MemTotal-MemAvailable fallback,0,19463154,1219,4,,
1010.204,30723.0,75875532,WSL MemTotal-MemAvailable fallback,0,19463154,1219,4,,
1011.247,30729.0,75869228,WSL MemTotal-MemAvailable fallback,0,19463154,1219,4,,
1012.306,30729.0,75867396,WSL MemTotal-MemAvailable fallback,0,19463154,1219,4,,
1013.351,30728.0,75871584,WSL MemTotal-MemAvailable fallback,0,19463154,1219,4,,
1014.394,30728.0,75873216,WSL MemTotal-MemAvailable fallback,0,19463154,1219,4,,
1015.43,30728.0,75872740,WSL MemTotal-MemAvailable fallback,0,19463154,1219,4,,
1016.478,30723.0,75876556,WSL MemTotal-MemAvailable fallback,0,19463154,1219,4,,
1017.517,30723.0,75875740,WSL MemTotal-MemAvailable fallback,0,19463154,1219,4,,
1018.555,30723.0,75879852,WSL MemTotal-MemAvailable fallback,0,19463154,1219,4,,
1019.596,30723.0,75885964,WSL MemTotal-MemAvailable fallback,0,19463154,1219,4,,
1020.65,30723.0,75882508,WSL MemTotal-MemAvailable fallback,0,19463154,1219,4,,
1021.697,30723.0,75883800,WSL MemTotal-MemAvailable fallback,0,19463154,1219,4,,
1022.748,30723.0,75882212,WSL MemTotal-MemAvailable fallback,0,19463154,1219,4,,
1023.787,30723.0,75875600,WSL MemTotal-MemAvailable fallback,0,19463154,1219,4,,
1024.828,30723.0,75876956,WSL MemTotal-MemAvailable fallback,0,19463154,1219,4,,
1025.88,30723.0,75879512,WSL MemTotal-MemAvailable fallback,0,19463154,1219,4,,
1026.923,30723.0,75880428,WSL MemTotal-MemAvailable fallback,0,19463154,1219,4,,
1027.974,30723.0,75873792,WSL MemTotal-MemAvailable fallback,0,19463154,1219,4,,
1029.014,30723.0,75871564,WSL MemTotal-MemAvailable fallback,0,19463154,1219,4,,
1030.056,30723.0,75873560,WSL MemTotal-MemAvailable fallback,0,19463154,1219,4,,
1031.099,30723.0,75876448,WSL MemTotal-MemAvailable fallback,0,19463154,1219,4,,
1032.132,30728.0,75872564,WSL MemTotal-MemAvailable fallback,0,19463154,1219,4,,
1033.165,30728.0,75874028,WSL MemTotal-MemAvailable fallback,0,19463154,1219,4,,
1034.2,30728.0,75889412,WSL MemTotal-MemAvailable fallback,0,19463154,1219,4,,
1035.239,30728.0,75875552,WSL MemTotal-MemAvailable fallback,0,19463154,1219,4,,
1036.275,30728.0,75879676,WSL MemTotal-MemAvailable fallback,0,19463295,1219,4,,
1037.312,30723.0,75878372,WSL MemTotal-MemAvailable fallback,0,19463295,1219,4,,
1038.346,30723.0,75879448,WSL MemTotal-MemAvailable fallback,0,19463295,1219,4,,
1039.389,30728.0,75888236,WSL MemTotal-MemAvailable fallback,0,19463295,1219,4,,
1040.432,30728.0,75883280,WSL MemTotal-MemAvailable fallback,0,19463295,1219,4,,
1041.468,30728.0,75887164,WSL MemTotal-MemAvailable fallback,0,19463295,1219,4,,
1042.502,30728.0,75886232,WSL MemTotal-MemAvailable fallback,0,19463295,1219,4,,
1043.541,30728.0,75876164,WSL MemTotal-MemAvailable fallback,0,19463295,1219,4,,
1044.586,30723.0,75873844,WSL MemTotal-MemAvailable fallback,0,19463295,1219,4,,
1045.623,30723.0,75874544,WSL MemTotal-MemAvailable fallback,0,19463295,1219,4,,
1046.661,30723.0,75878396,WSL MemTotal-MemAvailable fallback,0,19463295,1219,4,,
1047.695,30728.0,75872812,WSL MemTotal-MemAvailable fallback,0,19463295,1219,4,,
1048.732,30728.0,75875808,WSL MemTotal-MemAvailable fallback,0,19463295,1219,4,,
1049.776,30729.0,75880344,WSL MemTotal-MemAvailable fallback,0,19463295,1219,4,,
1050.812,30729.0,75879816,WSL MemTotal-MemAvailable fallback,0,19463295,1219,4,,
1051.845,30729.0,75879116,WSL MemTotal-MemAvailable fallback,0,19463295,1219,4,,
1052.879,30728.0,75879760,WSL MemTotal-MemAvailable fallback,0,19463295,1219,4,,
1053.919,30728.0,75885432,WSL MemTotal-MemAvailable fallback,0,19463295,1219,4,,
1054.952,30733.0,75879812,WSL MemTotal-MemAvailable fallback,0,19463295,1219,4,,
1055.993,30733.0,75877704,WSL MemTotal-MemAvailable fallback,0,19463295,1219,4,,
1057.038,30733.0,75881528,WSL MemTotal-MemAvailable fallback,0,19463295,1219,4,,
1058.08,30733.0,75874832,WSL MemTotal-MemAvailable fallback,0,19463295,1219,4,,
1059.115,30733.0,75875124,WSL MemTotal-MemAvailable fallback,0,19463295,1219,4,,
1060.148,30728.0,75876444,WSL MemTotal-MemAvailable fallback,0,19463295,1219,4,,
1061.181,30728.0,75878500,WSL MemTotal-MemAvailable fallback,0,19463295,1219,4,,
1062.221,30728.0,75872448,WSL MemTotal-MemAvailable fallback,0,19463295,1219,4,,
1063.254,30728.0,75875636,WSL MemTotal-MemAvailable fallback,0,19463295,1219,4,,
1064.295,30728.0,75879416,WSL MemTotal-MemAvailable fallback,0,19463295,1219,4,,
1065.335,30728.0,75878500,WSL MemTotal-MemAvailable fallback,0,19463295,1219,4,,
1066.378,30727.0,75874528,WSL MemTotal-MemAvailable fallback,0,19463295,1219,4,,
1067.42,30728.0,75874584,WSL MemTotal-MemAvailable fallback,0,19463295,1219,4,,
1068.457,30722.0,75868824,WSL MemTotal-MemAvailable fallback,0,19463295,1219,4,,
1069.494,30722.0,75873400,WSL MemTotal-MemAvailable fallback,0,19463295,1219,4,,
1070.537,30722.0,75875412,WSL MemTotal-MemAvailable fallback,0,19463295,1219,4,,
1071.579,30728.0,75871912,WSL MemTotal-MemAvailable fallback,0,19463295,1219,4,,
1072.626,30728.0,75875732,WSL MemTotal-MemAvailable fallback,0,19463295,1219,4,,
1073.675,30728.0,75891552,WSL MemTotal-MemAvailable fallback,0,19463295,1219,4,,
1074.713,30728.0,75907428,WSL MemTotal-MemAvailable fallback,0,19463295,1219,4,,
1075.756,30728.0,75924060,WSL MemTotal-MemAvailable fallback,0,19463295,1219,4,,
1076.796,30722.0,75940188,WSL MemTotal-MemAvailable fallback,0,19463295,1219,4,,
1077.838,30722.0,75956568,WSL MemTotal-MemAvailable fallback,0,19463295,1219,4,,
1078.883,30723.0,75956180,WSL MemTotal-MemAvailable fallback,0,19463295,1219,4,,
1079.929,30722.0,75955408,WSL MemTotal-MemAvailable fallback,0,19463295,1219,4,,
1080.968,30722.0,75945700,WSL MemTotal-MemAvailable fallback,0,19463295,1219,4,,
1082.015,30722.0,75941712,WSL MemTotal-MemAvailable fallback,0,19463295,1219,4,,
1083.057,30728.0,75949900,WSL MemTotal-MemAvailable fallback,0,19463295,1219,4,,
1084.102,30728.0,75935064,WSL MemTotal-MemAvailable fallback,0,19463295,1219,4,,
1085.149,30728.0,75943884,WSL MemTotal-MemAvailable fallback,0,19463295,1219,4,,
1086.185,30728.0,75933096,WSL MemTotal-MemAvailable fallback,0,19463295,1219,4,,
1087.226,30728.0,75932424,WSL MemTotal-MemAvailable fallback,0,19463295,1219,4,,
1088.269,30728.0,75927508,WSL MemTotal-MemAvailable fallback,0,19463295,1219,4,,
1089.32,30728.0,75922260,WSL MemTotal-MemAvailable fallback,0,19463295,1219,4,,
1090.36,30728.0,75919288,WSL MemTotal-MemAvailable fallback,0,19463295,1219,4,,
1091.393,30728.0,75914496,WSL MemTotal-MemAvailable fallback,0,19463295,1219,4,,
1092.429,30722.0,75916168,WSL MemTotal-MemAvailable fallback,0,19463295,1219,4,,
1093.461,30722.0,75910372,WSL MemTotal-MemAvailable fallback,0,19463295,1219,4,,
1094.5,30722.0,75907812,WSL MemTotal-MemAvailable fallback,0,19463295,1219,4,,
1095.538,30727.0,75903096,WSL MemTotal-MemAvailable fallback,0,19463295,1219,4,,
1096.578,30727.0,75897116,WSL MemTotal-MemAvailable fallback,0,19463295,1219,4,,
1097.617,30728.0,75895520,WSL MemTotal-MemAvailable fallback,0,19463295,1219,4,,
1098.665,30728.0,75898784,WSL MemTotal-MemAvailable fallback,0,19463295,1219,4,,
1099.708,30728.0,75896092,WSL MemTotal-MemAvailable fallback,0,19463295,1219,4,,
1100.751,30722.0,75890128,WSL MemTotal-MemAvailable fallback,0,19463295,1219,4,,
1101.793,30722.0,75891384,WSL MemTotal-MemAvailable fallback,0,19463295,1219,4,,
1102.837,30722.0,75894408,WSL MemTotal-MemAvailable fallback,0,19463295,1219,4,,
1103.886,30722.0,75898320,WSL MemTotal-MemAvailable fallback,0,19463295,1219,4,,
1104.928,30722.0,75888732,WSL MemTotal-MemAvailable fallback,0,19463295,1219,4,,
1105.973,30722.0,75892296,WSL MemTotal-MemAvailable fallback,0,19463295,1219,4,,
1107.011,30722.0,75890488,WSL MemTotal-MemAvailable fallback,0,19463295,1219,4,,
1108.048,30728.0,75885316,WSL MemTotal-MemAvailable fallback,0,19463295,1219,4,,
1109.085,30728.0,75884416,WSL MemTotal-MemAvailable fallback,0,19463295,1219,4,,
1110.122,30728.0,75886160,WSL MemTotal-MemAvailable fallback,0,19463295,1219,4,,
1111.165,30728.0,75879352,WSL MemTotal-MemAvailable fallback,0,19463295,1219,4,,
1112.207,30728.0,75886056,WSL MemTotal-MemAvailable fallback,0,19463295,1219,4,,
1113.255,30722.0,75883796,WSL MemTotal-MemAvailable fallback,0,19463295,1219,4,,
1114.29,30722.0,75883048,WSL MemTotal-MemAvailable fallback,0,19463295,1219,4,,
1115.327,30728.0,75885960,WSL MemTotal-MemAvailable fallback,0,19463295,1219,4,,
1116.362,30728.0,75881344,WSL MemTotal-MemAvailable fallback,0,19463295,1219,4,,
1117.4,30728.0,75878892,WSL MemTotal-MemAvailable fallback,0,19463295,1219,4,,
1118.452,30728.0,75876744,WSL MemTotal-MemAvailable fallback,0,19463295,1219,4,,
1119.489,30728.0,75881868,WSL MemTotal-MemAvailable fallback,0,19463295,1219,4,,
1120.536,30728.0,75882856,WSL MemTotal-MemAvailable fallback,0,19463295,1219,4,,
1121.579,30728.0,75881704,WSL MemTotal-MemAvailable fallback,0,19463295,1219,4,,
1122.617,30728.0,75878232,WSL MemTotal-MemAvailable fallback,0,19463295,1219,4,,
1123.662,30732.0,75870952,WSL MemTotal-MemAvailable fallback,0,19463295,1219,4,,
1124.695,30732.0,75875772,WSL MemTotal-MemAvailable fallback,0,19463295,1219,4,,
1125.737,30732.0,75879648,WSL MemTotal-MemAvailable fallback,0,19463295,1219,4,,
1126.772,30732.0,75872200,WSL MemTotal-MemAvailable fallback,0,19463295,1219,4,,
1127.807,30732.0,75870940,WSL MemTotal-MemAvailable fallback,0,19463295,1219,4,,
1128.843,30730.0,75875296,WSL MemTotal-MemAvailable fallback,0,19463295,1219,4,,
1129.881,30730.0,75869032,WSL MemTotal-MemAvailable fallback,0,19463295,1219,4,,
1130.924,30730.0,75870292,WSL MemTotal-MemAvailable fallback,0,19463295,1219,4,,
1131.965,30730.0,75873812,WSL MemTotal-MemAvailable fallback,0,19463295,1219,4,,
1133.006,30730.0,75872368,WSL MemTotal-MemAvailable fallback,0,19463295,1219,4,,
1134.057,30730.0,75877024,WSL MemTotal-MemAvailable fallback,0,19463295,1219,4,,
1135.09,30730.0,75876340,WSL MemTotal-MemAvailable fallback,0,19463295,1219,4,,
1136.135,30730.0,75871496,WSL MemTotal-MemAvailable fallback,0,19463295,1219,4,,
1137.187,30730.0,75879912,WSL MemTotal-MemAvailable fallback,0,19463295,1219,4,,
1138.23,30730.0,75870220,WSL MemTotal-MemAvailable fallback,0,19463299,1219,4,,
1139.275,30730.0,75874756,WSL MemTotal-MemAvailable fallback,0,19463299,1219,4,,
1140.316,30724.0,75873796,WSL MemTotal-MemAvailable fallback,0,19463299,1219,4,,
1141.36,30724.0,75875620,WSL MemTotal-MemAvailable fallback,0,19463299,1219,4,,
1142.396,30724.0,75966904,WSL MemTotal-MemAvailable fallback,0,19463299,1219,4,,
1143.431,30730.0,75990088,WSL MemTotal-MemAvailable fallback,0,19463299,1219,4,,
1144.485,30730.0,76076644,WSL MemTotal-MemAvailable fallback,0,19493778,1219,4,,
1145.527,30730.0,76068948,WSL MemTotal-MemAvailable fallback,0,19493778,1219,4,,
1146.563,30730.0,76068368,WSL MemTotal-MemAvailable fallback,0,19493778,1219,4,,
1147.6,30730.0,76081184,WSL MemTotal-MemAvailable fallback,0,19493778,1219,4,,
1148.634,30730.0,76071464,WSL MemTotal-MemAvailable fallback,0,19493778,1219,4,,
1149.68,30730.0,76060888,WSL MemTotal-MemAvailable fallback,0,19493778,1219,4,,
1150.717,30730.0,76051616,WSL MemTotal-MemAvailable fallback,0,19493778,1219,4,,
1151.763,30730.0,76046968,WSL MemTotal-MemAvailable fallback,0,19493778,1219,4,,
1152.813,30724.0,76045996,WSL MemTotal-MemAvailable fallback,0,19493778,1219,4,,
1153.849,30724.0,76026552,WSL MemTotal-MemAvailable fallback,0,19493778,1219,4,,
1154.892,30725.0,76024840,WSL MemTotal-MemAvailable fallback,0,19493778,1219,4,,
1155.925,30730.0,76017356,WSL MemTotal-MemAvailable fallback,0,19493778,1219,4,,
1156.964,30730.0,76017004,WSL MemTotal-MemAvailable fallback,0,19493778,1219,4,,
1158.001,30730.0,76012736,WSL MemTotal-MemAvailable fallback,0,19493778,1219,4,,
1159.039,30730.0,76008560,WSL MemTotal-MemAvailable fallback,0,19493778,1219,4,,
1160.073,30730.0,76028620,WSL MemTotal-MemAvailable fallback,0,19493778,1219,4,,
1161.115,30730.0,76023544,WSL MemTotal-MemAvailable fallback,0,19493778,1219,4,,
1162.158,30730.0,76020540,WSL MemTotal-MemAvailable fallback,0,19493778,1219,4,,
1163.2,30730.0,76014060,WSL MemTotal-MemAvailable fallback,0,19493778,1219,4,,
1164.239,30730.0,76009340,WSL MemTotal-MemAvailable fallback,0,19493778,1219,4,,
1165.275,30730.0,76009872,WSL MemTotal-MemAvailable fallback,0,19493778,1219,4,,
1166.317,30730.0,76001244,WSL MemTotal-MemAvailable fallback,0,19493778,1219,4,,
1167.367,30730.0,76000688,WSL MemTotal-MemAvailable fallback,0,19493778,1219,4,,
1168.417,30730.0,75990496,WSL MemTotal-MemAvailable fallback,0,19493778,1219,4,,
1169.459,30730.0,75991232,WSL MemTotal-MemAvailable fallback,0,19493778,1219,4,,
1170.497,30730.0,75993628,WSL MemTotal-MemAvailable fallback,0,19493778,1219,4,,
1171.54,30730.0,75992644,WSL MemTotal-MemAvailable fallback,0,19493778,1219,4,,
1172.579,30725.0,75990436,WSL MemTotal-MemAvailable fallback,0,19493778,1219,4,,
1173.613,30725.0,75993752,WSL MemTotal-MemAvailable fallback,0,19493778,1219,4,,
1174.646,30725.0,75994216,WSL MemTotal-MemAvailable fallback,0,19493778,1219,4,,
1175.689,30730.0,75996736,WSL MemTotal-MemAvailable fallback,0,19493778,1219,4,,
1176.724,30730.0,75994036,WSL MemTotal-MemAvailable fallback,0,19493778,1219,4,,
1177.758,30730.0,75997292,WSL MemTotal-MemAvailable fallback,0,19493778,1219,4,,
1178.802,30730.0,75990468,WSL MemTotal-MemAvailable fallback,0,19493778,1219,4,,
1179.843,30730.0,75992244,WSL MemTotal-MemAvailable fallback,0,19493778,1219,4,,
1180.885,30725.0,75989328,WSL MemTotal-MemAvailable fallback,0,19493778,1219,4,,
1181.92,30725.0,75991968,WSL MemTotal-MemAvailable fallback,0,19493778,1219,4,,
1182.961,30725.0,75995204,WSL MemTotal-MemAvailable fallback,0,19493778,1219,4,,
1183.995,30725.0,75993048,WSL MemTotal-MemAvailable fallback,0,19493778,1219,4,,
1185.033,30725.0,75989496,WSL MemTotal-MemAvailable fallback,0,19493778,1219,4,,
1186.076,30725.0,75992796,WSL MemTotal-MemAvailable fallback,0,19493778,1219,4,,
1187.113,30730.0,75995004,WSL MemTotal-MemAvailable fallback,0,19493778,1219,4,,
1188.149,30730.0,75995268,WSL MemTotal-MemAvailable fallback,0,19493778,1219,4,,
1189.189,30730.0,75997556,WSL MemTotal-MemAvailable fallback,0,19493778,1219,4,,
1190.226,30730.0,75992820,WSL MemTotal-MemAvailable fallback,0,19493778,1219,4,,
1191.269,30730.0,75991560,WSL MemTotal-MemAvailable fallback,0,19493778,1219,4,,
1192.308,30730.0,75993348,WSL MemTotal-MemAvailable fallback,0,19493778,1219,4,,
1193.351,30730.0,76017360,WSL MemTotal-MemAvailable fallback,0,19493778,1219,4,,
1194.392,30729.0,76001736,WSL MemTotal-MemAvailable fallback,0,19493778,1219,4,,
1195.432,30728.0,76006220,WSL MemTotal-MemAvailable fallback,0,19493778,1219,4,,
1196.477,30728.0,76008000,WSL MemTotal-MemAvailable fallback,0,19493778,1219,4,,
1197.517,30728.0,76001716,WSL MemTotal-MemAvailable fallback,0,19493778,1219,4,,
1198.556,30728.0,76003720,WSL MemTotal-MemAvailable fallback,0,19493778,1219,4,,
1199.596,30728.0,76002744,WSL MemTotal-MemAvailable fallback,0,19493778,1219,4,,
1200.632,30728.0,76003240,WSL MemTotal-MemAvailable fallback,0,19493778,1219,4,,
1201.669,30728.0,76001192,WSL MemTotal-MemAvailable fallback,0,19493778,1219,4,,
1202.702,30729.0,75998736,WSL MemTotal-MemAvailable fallback,0,19493778,1219,4,,
1203.745,30728.0,75998604,WSL MemTotal-MemAvailable fallback,0,19493778,1219,4,,
1204.789,30728.0,75995868,WSL MemTotal-MemAvailable fallback,0,19493778,1219,4,,
1205.824,30729.0,75994512,WSL MemTotal-MemAvailable fallback,0,19493778,1219,4,,
1206.861,30729.0,75998600,WSL MemTotal-MemAvailable fallback,0,19493778,1219,4,,
1207.899,30729.0,75999624,WSL MemTotal-MemAvailable fallback,0,19493778,1219,4,,
1208.939,30728.0,76001580,WSL MemTotal-MemAvailable fallback,0,19493778,1219,4,,
1209.975,30728.0,75997544,WSL MemTotal-MemAvailable fallback,0,19493778,1219,4,,
1211.017,30728.0,75998616,WSL MemTotal-MemAvailable fallback,0,19493778,1219,4,,
1212.052,30728.0,75999904,WSL MemTotal-MemAvailable fallback,0,19493778,1219,4,,
1213.091,30728.0,75995996,WSL MemTotal-MemAvailable fallback,0,19493778,1219,4,,
1214.124,30728.0,75998376,WSL MemTotal-MemAvailable fallback,0,19493778,1219,4,,
1215.158,30728.0,75998236,WSL MemTotal-MemAvailable fallback,0,19493778,1219,4,,
1216.195,30728.0,75997744,WSL MemTotal-MemAvailable fallback,0,19493778,1219,4,,
1217.236,30723.0,75994452,WSL MemTotal-MemAvailable fallback,0,19493778,1219,4,,
1218.274,30723.0,75997428,WSL MemTotal-MemAvailable fallback,0,19493778,1219,4,,
1219.317,30728.0,75990564,WSL MemTotal-MemAvailable fallback,0,19493778,1219,4,,
1220.354,30728.0,75988372,WSL MemTotal-MemAvailable fallback,0,19493778,1219,4,,
1221.39,30728.0,75994800,WSL MemTotal-MemAvailable fallback,0,19493778,1219,4,,
1222.434,30728.0,75984536,WSL MemTotal-MemAvailable fallback,0,19493778,1219,4,,
1223.485,30728.0,75991084,WSL MemTotal-MemAvailable fallback,0,19493778,1219,4,,
1224.523,30728.0,75990348,WSL MemTotal-MemAvailable fallback,0,19493778,1219,4,,
1225.564,30728.0,75992640,WSL MemTotal-MemAvailable fallback,0,19493778,1219,4,,
1226.61,30728.0,75994592,WSL MemTotal-MemAvailable fallback,0,19493778,1219,4,,
1227.647,30728.0,75991276,WSL MemTotal-MemAvailable fallback,0,19493778,1219,4,,
1228.687,30723.0,75982960,WSL MemTotal-MemAvailable fallback,0,19493778,1219,4,,
1229.727,30723.0,75982580,WSL MemTotal-MemAvailable fallback,0,19493778,1219,4,,
1230.77,30723.0,75985060,WSL MemTotal-MemAvailable fallback,0,19493778,1219,4,,
1231.816,30723.0,75980448,WSL MemTotal-MemAvailable fallback,0,19493778,1219,4,,
1232.853,30723.0,75985992,WSL MemTotal-MemAvailable fallback,0,19493778,1219,4,,
1233.901,30723.0,75990444,WSL MemTotal-MemAvailable fallback,0,19493778,1219,4,,
1234.944,30723.0,75990796,WSL MemTotal-MemAvailable fallback,0,19493778,1219,4,,
1235.984,30728.0,75987716,WSL MemTotal-MemAvailable fallback,0,19493778,1219,4,,
1237.021,30728.0,75990112,WSL MemTotal-MemAvailable fallback,0,19493778,1219,4,,
1238.057,30728.0,75990912,WSL MemTotal-MemAvailable fallback,0,19493778,1219,4,,
1239.095,30729.0,75989876,WSL MemTotal-MemAvailable fallback,0,19493778,1219,4,,
1240.128,30728.0,75991788,WSL MemTotal-MemAvailable fallback,0,19493778,1219,4,,
1241.173,30723.0,75986920,WSL MemTotal-MemAvailable fallback,0,19493778,1219,4,,
1242.215,30723.0,75989648,WSL MemTotal-MemAvailable fallback,0,19493778,1219,4,,
1243.259,30723.0,75990296,WSL MemTotal-MemAvailable fallback,0,19493778,1219,4,,
1244.301,30728.0,75982616,WSL MemTotal-MemAvailable fallback,0,19493778,1219,4,,
1245.335,30728.0,75989312,WSL MemTotal-MemAvailable fallback,0,19493778,1219,4,,
1246.368,30728.0,75993912,WSL MemTotal-MemAvailable fallback,0,19493778,1219,4,,
1247.411,30729.0,75992544,WSL MemTotal-MemAvailable fallback,0,19493778,1219,4,,
1248.444,30728.0,75988824,WSL MemTotal-MemAvailable fallback,0,19493778,1219,4,,
1249.48,30723.0,75991876,WSL MemTotal-MemAvailable fallback,0,19493778,1219,4,,
1250.516,30723.0,75990916,WSL MemTotal-MemAvailable fallback,0,19493778,1219,4,,
1251.549,30723.0,75995132,WSL MemTotal-MemAvailable fallback,0,19493778,1219,4,,
1252.583,30723.0,76002668,WSL MemTotal-MemAvailable fallback,0,19493778,1219,4,,
1253.615,30723.0,75996920,WSL MemTotal-MemAvailable fallback,0,19493778,1219,4,,
1254.653,30723.0,75985792,WSL MemTotal-MemAvailable fallback,0,19493778,1219,4,,
1255.686,30723.0,75989824,WSL MemTotal-MemAvailable fallback,0,19493778,1219,4,,
1256.719,30723.0,75995024,WSL MemTotal-MemAvailable fallback,0,19493778,1219,4,,
1257.756,30723.0,75988500,WSL MemTotal-MemAvailable fallback,0,19493778,1219,4,,
1258.792,30729.0,75987996,WSL MemTotal-MemAvailable fallback,0,19493778,1219,4,,
1259.833,30729.0,75988724,WSL MemTotal-MemAvailable fallback,0,19493778,1219,4,,
1260.881,30729.0,75991656,WSL MemTotal-MemAvailable fallback,0,19493778,1219,4,,
1261.932,30729.0,75991196,WSL MemTotal-MemAvailable fallback,0,19493778,1219,4,,
1262.971,30729.0,75995508,WSL MemTotal-MemAvailable fallback,0,19493778,1219,4,,
1264.011,30729.0,75989608,WSL MemTotal-MemAvailable fallback,0,19493778,1219,4,,
1265.05,30729.0,75995736,WSL MemTotal-MemAvailable fallback,0,19493778,1219,4,,
1266.099,30729.0,75995172,WSL MemTotal-MemAvailable fallback,0,19493778,1219,4,,
1267.136,30729.0,76002520,WSL MemTotal-MemAvailable fallback,0,19493778,1219,4,,
1268.179,30728.0,76003708,WSL MemTotal-MemAvailable fallback,0,19493778,1219,4,,
1269.221,30728.0,75999380,WSL MemTotal-MemAvailable fallback,0,19493778,1219,4,,
1270.265,30728.0,75998064,WSL MemTotal-MemAvailable fallback,0,19493778,1219,4,,
1271.307,30729.0,75995796,WSL MemTotal-MemAvailable fallback,0,19493778,1219,4,,
1272.353,30729.0,75999364,WSL MemTotal-MemAvailable fallback,0,19493778,1219,4,,
1273.393,30729.0,76014620,WSL MemTotal-MemAvailable fallback,0,19493778,1219,4,,
1274.428,30729.0,76028976,WSL MemTotal-MemAvailable fallback,0,19493778,1219,4,,
1275.463,30728.0,76042672,WSL MemTotal-MemAvailable fallback,0,19493778,1219,4,,
1276.506,30723.0,76043892,WSL MemTotal-MemAvailable fallback,0,19493778,1219,4,,
1277.55,30723.0,76040564,WSL MemTotal-MemAvailable fallback,0,19493778,1219,4,,
1278.593,30723.0,76023216,WSL MemTotal-MemAvailable fallback,0,19493778,1219,4,,
1279.638,30723.0,76020096,WSL MemTotal-MemAvailable fallback,0,19493778,1219,4,,
1280.687,30723.0,76016132,WSL MemTotal-MemAvailable fallback,0,19493778,1219,4,,
1281.73,30723.0,76015636,WSL MemTotal-MemAvailable fallback,0,19493778,1219,4,,
1282.774,30723.0,76012724,WSL MemTotal-MemAvailable fallback,0,19493778,1219,4,,
1283.811,30723.0,76012252,WSL MemTotal-MemAvailable fallback,0,19493778,1219,4,,
1284.861,30723.0,76002616,WSL MemTotal-MemAvailable fallback,0,19493778,1219,4,,
1285.898,30723.0,76010396,WSL MemTotal-MemAvailable fallback,0,19493778,1219,4,,
1286.947,30723.0,75998836,WSL MemTotal-MemAvailable fallback,0,19493778,1219,4,,
1287.988,30729.0,75985528,WSL MemTotal-MemAvailable fallback,0,19493778,1219,4,,
1289.029,30729.0,76002580,WSL MemTotal-MemAvailable fallback,0,19493778,1219,4,,
1290.071,30728.0,76010336,WSL MemTotal-MemAvailable fallback,0,19493778,1219,4,,
1291.119,30728.0,76026308,WSL MemTotal-MemAvailable fallback,0,19493778,1219,4,,
1292.167,30728.0,76018124,WSL MemTotal-MemAvailable fallback,0,19493778,1219,4,,
1293.205,30728.0,76016176,WSL MemTotal-MemAvailable fallback,0,19493778,1219,4,,
1294.244,30728.0,76018112,WSL MemTotal-MemAvailable fallback,0,19493778,1219,4,,
1295.283,30728.0,76013384,WSL MemTotal-MemAvailable fallback,0,19493778,1219,4,,
1296.326,30723.0,76005576,WSL MemTotal-MemAvailable fallback,0,19493778,1219,4,,
1297.364,30723.0,76000840,WSL MemTotal-MemAvailable fallback,0,19493778,1219,4,,
1298.405,30723.0,75998404,WSL MemTotal-MemAvailable fallback,0,19493778,1219,4,,
1299.448,30729.0,75993616,WSL MemTotal-MemAvailable fallback,0,19493778,1219,4,,
1300.495,30728.0,75990432,WSL MemTotal-MemAvailable fallback,0,19493778,1219,4,,
1301.53,30728.0,75990440,WSL MemTotal-MemAvailable fallback,0,19493778,1219,4,,
1302.566,30729.0,75994132,WSL MemTotal-MemAvailable fallback,0,19493778,1219,4,,
1303.606,30728.0,75991800,WSL MemTotal-MemAvailable fallback,0,19493778,1219,4,,
1304.65,30723.0,75989508,WSL MemTotal-MemAvailable fallback,0,19493778,1219,4,,
1305.689,30723.0,75990664,WSL MemTotal-MemAvailable fallback,0,19493778,1219,4,,
1306.727,30723.0,75991860,WSL MemTotal-MemAvailable fallback,0,19493778,1219,4,,
1307.765,30723.0,75986900,WSL MemTotal-MemAvailable fallback,0,19493778,1219,4,,
1308.808,30723.0,75988788,WSL MemTotal-MemAvailable fallback,0,19493778,1219,4,,
1309.847,30723.0,75983940,WSL MemTotal-MemAvailable fallback,0,19493778,1219,4,,
1310.89,30723.0,75977172,WSL MemTotal-MemAvailable fallback,0,19493778,1219,4,,
1311.943,30723.0,75977512,WSL MemTotal-MemAvailable fallback,0,19493778,1219,4,,
1312.981,30723.0,75975236,WSL MemTotal-MemAvailable fallback,0,19493778,1219,4,,
1314.023,30723.0,75982224,WSL MemTotal-MemAvailable fallback,0,19493778,1219,4,,
1315.068,30723.0,75983736,WSL MemTotal-MemAvailable fallback,0,19493778,1219,4,,
1316.111,30723.0,75985792,WSL MemTotal-MemAvailable fallback,0,19493778,1219,4,,
1317.161,30723.0,75979444,WSL MemTotal-MemAvailable fallback,0,19493778,1219,4,,
1318.203,30723.0,75977892,WSL MemTotal-MemAvailable fallback,0,19493778,1219,4,,
1319.259,30723.0,75990728,WSL MemTotal-MemAvailable fallback,0,19493778,1219,4,,
1320.308,30723.0,75987116,WSL MemTotal-MemAvailable fallback,0,19493778,1219,4,,
1321.357,30723.0,75987340,WSL MemTotal-MemAvailable fallback,0,19493778,1219,4,,
1322.406,30723.0,75986752,WSL MemTotal-MemAvailable fallback,0,19493778,1219,4,,
1323.456,30723.0,75988824,WSL MemTotal-MemAvailable fallback,0,19493778,1219,4,,
1324.502,30723.0,75986044,WSL MemTotal-MemAvailable fallback,0,19493778,1219,4,,
1325.541,30723.0,75984748,WSL MemTotal-MemAvailable fallback,0,19493778,1219,4,,
1326.586,30723.0,75987992,WSL MemTotal-MemAvailable fallback,0,19493778,1219,4,,
1327.623,30723.0,75992360,WSL MemTotal-MemAvailable fallback,0,19493778,1219,4,,
1328.661,30723.0,75982524,WSL MemTotal-MemAvailable fallback,0,19493778,1219,4,,
1329.699,30728.0,75985624,WSL MemTotal-MemAvailable fallback,0,19493778,1219,4,,
1330.748,30728.0,75983208,WSL MemTotal-MemAvailable fallback,0,19493778,1219,4,,
1331.791,30728.0,75982128,WSL MemTotal-MemAvailable fallback,0,19493778,1219,4,,
1332.831,30728.0,75987252,WSL MemTotal-MemAvailable fallback,0,19493778,1219,4,,
1333.877,30728.0,75982564,WSL MemTotal-MemAvailable fallback,0,19493778,1219,4,,
1334.911,30728.0,75984992,WSL MemTotal-MemAvailable fallback,0,19493778,1219,4,,
1335.948,30728.0,75986036,WSL MemTotal-MemAvailable fallback,0,19493778,1219,4,,
1336.99,30728.0,75985252,WSL MemTotal-MemAvailable fallback,0,19493778,1219,4,,
1338.023,30728.0,75987044,WSL MemTotal-MemAvailable fallback,0,19493778,1219,4,,
1339.059,30728.0,75982896,WSL MemTotal-MemAvailable fallback,0,19493778,1219,4,,
1340.093,30728.0,75986344,WSL MemTotal-MemAvailable fallback,0,19493778,1219,4,,
1341.128,30728.0,76001344,WSL MemTotal-MemAvailable fallback,0,19493778,1219,4,,
1342.167,30728.0,75999760,WSL MemTotal-MemAvailable fallback,0,19493778,1219,4,,
1343.203,30728.0,75998876,WSL MemTotal-MemAvailable fallback,0,19493778,1219,4,,
1344.237,30728.0,76001204,WSL MemTotal-MemAvailable fallback,0,19493778,1219,4,,
1345.27,30728.0,75995184,WSL MemTotal-MemAvailable fallback,0,19493778,1219,4,,
1346.306,30728.0,75999052,WSL MemTotal-MemAvailable fallback,0,19493778,1219,4,,
1347.34,30728.0,76000072,WSL MemTotal-MemAvailable fallback,0,19493778,1219,4,,
1348.379,30728.0,76014796,WSL MemTotal-MemAvailable fallback,0,19493778,1219,4,,
1349.416,30728.0,75999156,WSL MemTotal-MemAvailable fallback,0,19493778,1219,4,,
1350.451,30728.0,76023212,WSL MemTotal-MemAvailable fallback,0,19493778,1219,4,,
1351.485,30728.0,76038116,WSL MemTotal-MemAvailable fallback,0,19493778,1219,4,,
1352.521,30728.0,76045840,WSL MemTotal-MemAvailable fallback,0,19493778,1219,4,,
1353.558,30728.0,76040148,WSL MemTotal-MemAvailable fallback,0,19493778,1219,4,,
1354.599,30728.0,76030928,WSL MemTotal-MemAvailable fallback,0,19493778,1219,4,,
1355.637,30728.0,76027092,WSL MemTotal-MemAvailable fallback,0,19493778,1219,4,,
1356.681,30728.0,76046476,WSL MemTotal-MemAvailable fallback,0,19493778,1219,4,,
1357.726,30728.0,76062180,WSL MemTotal-MemAvailable fallback,0,19493778,1219,4,,
1358.765,30728.0,76078308,WSL MemTotal-MemAvailable fallback,0,19493778,1219,4,,
1359.802,30728.0,76072544,WSL MemTotal-MemAvailable fallback,0,19493778,1219,4,,
1360.854,30728.0,76072300,WSL MemTotal-MemAvailable fallback,0,19493778,1219,4,,
1361.892,30728.0,76086104,WSL MemTotal-MemAvailable fallback,0,19493778,1219,4,,
1362.933,30728.0,76084804,WSL MemTotal-MemAvailable fallback,0,19493778,1219,4,,
1363.975,30722.0,76064976,WSL MemTotal-MemAvailable fallback,0,19493778,1219,4,,
1365.012,30722.0,76037704,WSL MemTotal-MemAvailable fallback,0,19493778,1219,4,,
1366.065,30722.0,76039992,WSL MemTotal-MemAvailable fallback,0,19493778,1219,4,,
1367.107,30728.0,76038724,WSL MemTotal-MemAvailable fallback,0,19493778,1219,4,,
1368.145,30728.0,76042180,WSL MemTotal-MemAvailable fallback,0,19493778,1219,4,,
1369.184,30728.0,76039252,WSL MemTotal-MemAvailable fallback,0,19493778,1219,4,,
1370.224,30728.0,76022844,WSL MemTotal-MemAvailable fallback,0,19493778,1219,4,,
1371.27,30728.0,76020024,WSL MemTotal-MemAvailable fallback,0,19493778,1219,4,,
1372.323,30728.0,76018584,WSL MemTotal-MemAvailable fallback,0,19493778,1219,4,,
1373.373,30728.0,76014176,WSL MemTotal-MemAvailable fallback,0,19493778,1219,4,,
1374.422,30728.0,76025436,WSL MemTotal-MemAvailable fallback,0,19493778,1219,4,,
1375.475,30728.0,76024136,WSL MemTotal-MemAvailable fallback,0,19493778,1219,4,,
1376.527,30728.0,76025324,WSL MemTotal-MemAvailable fallback,0,19493778,1219,4,,
1377.569,30728.0,76017536,WSL MemTotal-MemAvailable fallback,0,19493778,1219,4,,
1378.618,30728.0,76021504,WSL MemTotal-MemAvailable fallback,0,19493778,1219,4,,
1379.665,30728.0,76021812,WSL MemTotal-MemAvailable fallback,0,19493778,1219,4,,
1380.704,30728.0,76017336,WSL MemTotal-MemAvailable fallback,0,19493778,1219,4,,
1381.742,30728.0,76021604,WSL MemTotal-MemAvailable fallback,0,19493778,1219,4,,
1382.785,30728.0,76014288,WSL MemTotal-MemAvailable fallback,0,19493778,1219,4,,
1383.834,30728.0,76011688,WSL MemTotal-MemAvailable fallback,0,19493778,1219,4,,
1384.875,30722.0,76012692,WSL MemTotal-MemAvailable fallback,0,19493778,1219,4,,
1385.917,30722.0,76011112,WSL MemTotal-MemAvailable fallback,0,19493778,1219,4,,
1386.951,30723.0,76014568,WSL MemTotal-MemAvailable fallback,0,19493778,1219,4,,
1387.985,30723.0,76017212,WSL MemTotal-MemAvailable fallback,0,19493778,1219,4,,
1389.025,30723.0,76014544,WSL MemTotal-MemAvailable fallback,0,19493778,1219,4,,
1390.064,30723.0,76002760,WSL MemTotal-MemAvailable fallback,0,19493778,1219,4,,
1391.104,30723.0,76007240,WSL MemTotal-MemAvailable fallback,0,19493778,1219,4,,
1392.145,30730.0,76005412,WSL MemTotal-MemAvailable fallback,0,19493778,1219,4,,
1393.188,30730.0,76007732,WSL MemTotal-MemAvailable fallback,0,19493778,1219,4,,
1394.227,30730.0,76010752,WSL MemTotal-MemAvailable fallback,0,19493778,1219,4,,
1395.263,30730.0,76018564,WSL MemTotal-MemAvailable fallback,0,19493778,1219,4,,
1396.303,30730.0,76021336,WSL MemTotal-MemAvailable fallback,0,19493778,1219,4,,
1397.339,30723.0,76017244,WSL MemTotal-MemAvailable fallback,0,19493778,1219,4,,
1398.377,30723.0,76018936,WSL MemTotal-MemAvailable fallback,0,19493778,1219,4,,
1399.418,30723.0,76016964,WSL MemTotal-MemAvailable fallback,0,19493778,1219,4,,
1400.457,30723.0,76016224,WSL MemTotal-MemAvailable fallback,0,19493778,1219,4,,
1401.505,30723.0,76008164,WSL MemTotal-MemAvailable fallback,0,19493778,1219,4,,
1402.544,30723.0,76015900,WSL MemTotal-MemAvailable fallback,0,19493778,1219,4,,
1403.578,30723.0,76019680,WSL MemTotal-MemAvailable fallback,0,19493778,1219,4,,
1404.614,30723.0,76018680,WSL MemTotal-MemAvailable fallback,0,19493778,1219,4,,
1405.654,30723.0,76023984,WSL MemTotal-MemAvailable fallback,0,19493778,1219,4,,
1406.694,30723.0,76027680,WSL MemTotal-MemAvailable fallback,0,19493778,1219,4,,
1407.735,30723.0,76030576,WSL MemTotal-MemAvailable fallback,0,19493778,1219,4,,
1408.778,30723.0,76027380,WSL MemTotal-MemAvailable fallback,0,19493778,1219,4,,
1409.827,30723.0,76025312,WSL MemTotal-MemAvailable fallback,0,19493778,1219,4,,
1410.878,30729.0,76016816,WSL MemTotal-MemAvailable fallback,0,19493778,1219,4,,
1411.917,30729.0,76011456,WSL MemTotal-MemAvailable fallback,0,19493778,1219,4,,
1412.96,30728.0,76006728,WSL MemTotal-MemAvailable fallback,0,19493778,1219,4,,
1413.999,30728.0,76006632,WSL MemTotal-MemAvailable fallback,0,19493778,1219,4,,
1415.045,30728.0,76003692,WSL MemTotal-MemAvailable fallback,0,19493778,1219,4,,
1416.087,30728.0,76005888,WSL MemTotal-MemAvailable fallback,0,19493778,1219,4,,
1417.129,30728.0,76008192,WSL MemTotal-MemAvailable fallback,0,19493778,1219,4,,
1418.168,30728.0,76020364,WSL MemTotal-MemAvailable fallback,0,19493778,1219,4,,
1419.218,30728.0,76011140,WSL MemTotal-MemAvailable fallback,0,19493778,1219,4,,
1420.264,30723.0,76025860,WSL MemTotal-MemAvailable fallback,0,19493778,1219,4,,
1421.304,30723.0,76040156,WSL MemTotal-MemAvailable fallback,0,19493778,1219,4,,
1422.344,30723.0,76020976,WSL MemTotal-MemAvailable fallback,0,19493778,1219,4,,
1423.39,30729.0,76018224,WSL MemTotal-MemAvailable fallback,0,19493778,1219,4,,
1424.437,30728.0,76014188,WSL MemTotal-MemAvailable fallback,0,19493778,1219,4,,
1425.472,30728.0,76012272,WSL MemTotal-MemAvailable fallback,0,19493778,1219,4,,
1426.509,30728.0,76010708,WSL MemTotal-MemAvailable fallback,0,19493778,1219,4,,
1427.551,30728.0,75999716,WSL MemTotal-MemAvailable fallback,0,19493778,1219,4,,
1428.587,30728.0,76000880,WSL MemTotal-MemAvailable fallback,0,19493778,1219,4,,
1429.625,30728.0,75995072,WSL MemTotal-MemAvailable fallback,0,19493778,1219,4,,
1430.66,30728.0,75997236,WSL MemTotal-MemAvailable fallback,0,19493778,1219,4,,
1431.7,30728.0,75999044,WSL MemTotal-MemAvailable fallback,0,19493778,1219,4,,
1432.739,30728.0,76000424,WSL MemTotal-MemAvailable fallback,0,19493778,1219,4,,
1433.772,30728.0,75999136,WSL MemTotal-MemAvailable fallback,0,19493778,1219,4,,
1434.812,30728.0,76011472,WSL MemTotal-MemAvailable fallback,0,19493778,1219,4,,
1435.85,30723.0,75989292,WSL MemTotal-MemAvailable fallback,0,19493778,1219,4,,
1436.887,30722.0,75992360,WSL MemTotal-MemAvailable fallback,0,19493778,1219,4,,
1437.931,30722.0,76008400,WSL MemTotal-MemAvailable fallback,0,19493778,1219,4,,
1438.969,30723.0,75994288,WSL MemTotal-MemAvailable fallback,0,19493778,1219,4,,
1440.008,30723.0,75995260,WSL MemTotal-MemAvailable fallback,0,19493778,1219,4,,
1441.043,30723.0,75993064,WSL MemTotal-MemAvailable fallback,0,19493778,1219,4,,
1442.086,30723.0,75989848,WSL MemTotal-MemAvailable fallback,0,19493778,1219,4,,
1443.125,30728.0,75993320,WSL MemTotal-MemAvailable fallback,0,19493778,1219,4,,
1444.167,30728.0,75995356,WSL MemTotal-MemAvailable fallback,0,19493778,1219,4,,
1445.21,30728.0,75993028,WSL MemTotal-MemAvailable fallback,0,19493778,1219,4,,
1446.264,30728.0,75994780,WSL MemTotal-MemAvailable fallback,0,19493778,1219,4,,
1447.306,30728.0,75993304,WSL MemTotal-MemAvailable fallback,0,19493778,1219,4,,
1448.346,30722.0,76000468,WSL MemTotal-MemAvailable fallback,0,19493778,1219,4,,
1449.387,30722.0,75995944,WSL MemTotal-MemAvailable fallback,0,19493778,1219,4,,
1450.44,30722.0,75997004,WSL MemTotal-MemAvailable fallback,0,19493778,1219,4,,
1451.486,30723.0,75995084,WSL MemTotal-MemAvailable fallback,0,19493778,1219,4,,
1452.529,30722.0,76003576,WSL MemTotal-MemAvailable fallback,0,19493778,1219,4,,
1453.566,30722.0,76020184,WSL MemTotal-MemAvailable fallback,0,19493778,1219,4,,
1454.602,30722.0,76036312,WSL MemTotal-MemAvailable fallback,0,19493778,1219,4,,
1455.64,30722.0,76043344,WSL MemTotal-MemAvailable fallback,0,19493778,1219,4,,
1456.677,30722.0,76051156,WSL MemTotal-MemAvailable fallback,0,19493778,1219,4,,
1457.719,30722.0,76038808,WSL MemTotal-MemAvailable fallback,0,19493778,1219,4,,
1458.758,30723.0,76039016,WSL MemTotal-MemAvailable fallback,0,19493778,1219,4,,
1459.807,30729.0,76032496,WSL MemTotal-MemAvailable fallback,0,19493778,1219,4,,
1460.849,30729.0,76031376,WSL MemTotal-MemAvailable fallback,0,19493778,1219,4,,
1461.891,30729.0,76025936,WSL MemTotal-MemAvailable fallback,0,19493778,1219,4,,
1462.932,30729.0,76025944,WSL MemTotal-MemAvailable fallback,0,19493778,1219,4,,
1463.982,30729.0,76021288,WSL MemTotal-MemAvailable fallback,0,19493778,1219,4,,
1465.023,30728.0,76021692,WSL MemTotal-MemAvailable fallback,0,19493778,1219,4,,
1466.065,30728.0,76017488,WSL MemTotal-MemAvailable fallback,0,19493778,1219,4,,
1467.099,30728.0,76013572,WSL MemTotal-MemAvailable fallback,0,19493778,1219,4,,
1468.131,30728.0,76017132,WSL MemTotal-MemAvailable fallback,0,19493778,1219,4,,
1469.166,30723.0,76012660,WSL MemTotal-MemAvailable fallback,0,19493778,1219,4,,
1470.199,30723.0,76006896,WSL MemTotal-MemAvailable fallback,0,19493778,1219,4,,
1471.238,30723.0,76008368,WSL MemTotal-MemAvailable fallback,0,19493778,1219,4,,
1472.273,30723.0,76007464,WSL MemTotal-MemAvailable fallback,0,19493778,1219,4,,
1473.307,30723.0,76009228,WSL MemTotal-MemAvailable fallback,0,19493778,1219,4,,
1474.352,30723.0,76001312,WSL MemTotal-MemAvailable fallback,0,19493778,1219,4,,
1475.399,30723.0,75997272,WSL MemTotal-MemAvailable fallback,0,19493778,1219,4,,
1476.448,30723.0,75990088,WSL MemTotal-MemAvailable fallback,0,19493778,1219,4,,
1477.489,30723.0,75985296,WSL MemTotal-MemAvailable fallback,0,19493778,1219,4,,
1478.528,30723.0,75980536,WSL MemTotal-MemAvailable fallback,0,19493778,1219,4,,
1479.57,30728.0,75978812,WSL MemTotal-MemAvailable fallback,0,19493778,1219,4,,
1480.611,30728.0,75978264,WSL MemTotal-MemAvailable fallback,0,19493778,1219,4,,
1481.659,30728.0,75980096,WSL MemTotal-MemAvailable fallback,0,19493778,1219,4,,
1482.705,30729.0,75977808,WSL MemTotal-MemAvailable fallback,0,19493778,1219,4,,
1483.74,30723.0,75989172,WSL MemTotal-MemAvailable fallback,0,19493778,1219,4,,
1484.78,30723.0,75985544,WSL MemTotal-MemAvailable fallback,0,19493778,1219,4,,
1485.814,30723.0,75984884,WSL MemTotal-MemAvailable fallback,0,19493778,1219,4,,
1486.848,30723.0,75985816,WSL MemTotal-MemAvailable fallback,0,19493778,1219,4,,
1487.881,30728.0,75990916,WSL MemTotal-MemAvailable fallback,0,19493778,1219,4,,
1488.917,30728.0,75991640,WSL MemTotal-MemAvailable fallback,0,19493778,1219,4,,
1489.951,30729.0,75992764,WSL MemTotal-MemAvailable fallback,0,19493778,1219,4,,
1490.991,30729.0,76008580,WSL MemTotal-MemAvailable fallback,0,19493778,1219,4,,
1492.028,30729.0,75993772,WSL MemTotal-MemAvailable fallback,0,19493778,1219,4,,
1493.064,30723.0,75992704,WSL MemTotal-MemAvailable fallback,0,19493778,1219,4,,
1494.1,30723.0,75993128,WSL MemTotal-MemAvailable fallback,0,19493778,1219,4,,
1495.135,30729.0,75986364,WSL MemTotal-MemAvailable fallback,0,19493778,1219,4,,
1496.167,30729.0,75985032,WSL MemTotal-MemAvailable fallback,0,19493778,1219,4,,
1497.204,30729.0,75987040,WSL MemTotal-MemAvailable fallback,0,19493778,1219,4,,
1498.249,30729.0,75990208,WSL MemTotal-MemAvailable fallback,0,19493778,1219,4,,
1499.296,30729.0,75987944,WSL MemTotal-MemAvailable fallback,0,19493778,1219,4,,
1500.34,30728.0,75977472,WSL MemTotal-MemAvailable fallback,0,19493778,1219,4,,
1501.386,30728.0,75976524,WSL MemTotal-MemAvailable fallback,0,19493778,1219,4,,
1502.424,30729.0,75974196,WSL MemTotal-MemAvailable fallback,0,19493778,1219,4,,
1503.475,30729.0,75985792,WSL MemTotal-MemAvailable fallback,0,19493778,1219,4,,
1504.526,30729.0,75983524,WSL MemTotal-MemAvailable fallback,0,19493778,1219,4,,
1505.569,30728.0,75984996,WSL MemTotal-MemAvailable fallback,0,19493778,1219,4,,
1506.613,30728.0,75989196,WSL MemTotal-MemAvailable fallback,0,19493778,1219,4,,
1507.654,30728.0,75981888,WSL MemTotal-MemAvailable fallback,0,19493778,1219,4,,
1508.7,30723.0,75985096,WSL MemTotal-MemAvailable fallback,0,19493778,1219,4,,
1509.734,30723.0,75985420,WSL MemTotal-MemAvailable fallback,0,19493778,1219,4,,
1510.776,30729.0,75984388,WSL MemTotal-MemAvailable fallback,0,19493778,1219,4,,
1511.811,30729.0,75981172,WSL MemTotal-MemAvailable fallback,0,19493778,1219,4,,
1512.855,30729.0,75992316,WSL MemTotal-MemAvailable fallback,0,19493778,1219,4,,
1513.889,30729.0,75991884,WSL MemTotal-MemAvailable fallback,0,19493778,1219,4,,
1514.934,30729.0,75995816,WSL MemTotal-MemAvailable fallback,0,19493778,1219,4,,
1515.975,30728.0,75995160,WSL MemTotal-MemAvailable fallback,0,19493778,1219,4,,
1517.015,30728.0,75995488,WSL MemTotal-MemAvailable fallback,0,19493778,1219,4,,
1518.063,30729.0,75987332,WSL MemTotal-MemAvailable fallback,0,19493778,1219,4,,
1519.097,30729.0,75988312,WSL MemTotal-MemAvailable fallback,0,19493778,1219,4,,
1520.138,30728.0,75990908,WSL MemTotal-MemAvailable fallback,0,19493778,1219,4,,
1521.179,30723.0,75987036,WSL MemTotal-MemAvailable fallback,0,19493778,1219,4,,
1522.22,30723.0,75989316,WSL MemTotal-MemAvailable fallback,0,19493778,1219,4,,
1523.262,30723.0,75988208,WSL MemTotal-MemAvailable fallback,0,19493778,1219,4,,
1524.305,30723.0,75995428,WSL MemTotal-MemAvailable fallback,0,19493778,1219,4,,
1525.339,30723.0,75992060,WSL MemTotal-MemAvailable fallback,0,19493778,1219,4,,
1526.373,30723.0,76006620,WSL MemTotal-MemAvailable fallback,0,19493778,1219,4,,
1527.414,30728.0,76007588,WSL MemTotal-MemAvailable fallback,0,19493778,1219,4,,
1528.448,30728.0,75995544,WSL MemTotal-MemAvailable fallback,0,19493778,1219,4,,
1529.48,30728.0,75995908,WSL MemTotal-MemAvailable fallback,0,19493778,1219,4,,
1530.516,30728.0,75993016,WSL MemTotal-MemAvailable fallback,0,19493778,1219,4,,
1531.557,30728.0,75998152,WSL MemTotal-MemAvailable fallback,0,19493778,1219,4,,
1532.592,30728.0,75996216,WSL MemTotal-MemAvailable fallback,0,19493778,1219,4,,
1533.627,30728.0,75996692,WSL MemTotal-MemAvailable fallback,0,19493778,1219,4,,
1534.667,30728.0,75992524,WSL MemTotal-MemAvailable fallback,0,19493778,1219,4,,
1535.705,30728.0,75992744,WSL MemTotal-MemAvailable fallback,0,19493778,1219,4,,
1536.738,30728.0,75991744,WSL MemTotal-MemAvailable fallback,0,19493778,1219,4,,
1537.781,30728.0,75991360,WSL MemTotal-MemAvailable fallback,0,19493778,1219,4,,
1538.82,30728.0,75990536,WSL MemTotal-MemAvailable fallback,0,19493778,1219,4,,
1539.867,30728.0,75990220,WSL MemTotal-MemAvailable fallback,0,19493778,1219,4,,
1540.909,30728.0,75989940,WSL MemTotal-MemAvailable fallback,0,19493778,1219,4,,
1541.949,30728.0,75991048,WSL MemTotal-MemAvailable fallback,0,19493778,1219,4,,
1543.0,30728.0,75977960,WSL MemTotal-MemAvailable fallback,0,19493778,1219,4,,
1544.045,30728.0,75981572,WSL MemTotal-MemAvailable fallback,0,19493778,1219,4,,
1545.094,30728.0,75981576,WSL MemTotal-MemAvailable fallback,0,19493778,1219,4,,
1546.134,30728.0,75989820,WSL MemTotal-MemAvailable fallback,0,19493778,1219,4,,
1547.176,30728.0,75990276,WSL MemTotal-MemAvailable fallback,0,19493778,1219,4,,
1548.22,30728.0,76020860,WSL MemTotal-MemAvailable fallback,0,19493778,1219,4,,
1549.265,30728.0,76021576,WSL MemTotal-MemAvailable fallback,0,19493778,1219,4,,
1550.303,30728.0,76023820,WSL MemTotal-MemAvailable fallback,0,19493778,1219,4,,
1551.337,30728.0,76019456,WSL MemTotal-MemAvailable fallback,0,19493778,1219,4,,
1552.369,30728.0,76020076,WSL MemTotal-MemAvailable fallback,0,19493778,1219,4,,
1553.413,30723.0,76015556,WSL MemTotal-MemAvailable fallback,0,19493778,1219,4,,
1554.454,30723.0,76014072,WSL MemTotal-MemAvailable fallback,0,19493778,1219,4,,
1555.493,30728.0,76011332,WSL MemTotal-MemAvailable fallback,0,19493778,1219,4,,
1556.535,30729.0,76008016,WSL MemTotal-MemAvailable fallback,0,19493778,1219,4,,
1557.579,30729.0,76003720,WSL MemTotal-MemAvailable fallback,0,19493778,1219,4,,
1558.625,30729.0,75997708,WSL MemTotal-MemAvailable fallback,0,19493778,1219,4,,
1559.667,30729.0,75998208,WSL MemTotal-MemAvailable fallback,0,19493778,1219,4,,
1560.71,30729.0,76000324,WSL MemTotal-MemAvailable fallback,0,19493778,1219,4,,
1561.749,30729.0,76002564,WSL MemTotal-MemAvailable fallback,0,19493778,1219,4,,
1562.793,30728.0,75994048,WSL MemTotal-MemAvailable fallback,0,19493778,1219,4,,
1563.828,30728.0,75993532,WSL MemTotal-MemAvailable fallback,0,19493778,1219,4,,
1564.862,30728.0,75992632,WSL MemTotal-MemAvailable fallback,0,19493778,1219,4,,
1565.897,30728.0,75992416,WSL MemTotal-MemAvailable fallback,0,19493778,1219,4,,
1566.931,30728.0,76003436,WSL MemTotal-MemAvailable fallback,0,19493778,1219,4,,
1567.965,30728.0,75999744,WSL MemTotal-MemAvailable fallback,0,19493778,1219,4,,
1569.004,30723.0,75996612,WSL MemTotal-MemAvailable fallback,0,19493778,1219,4,,
1570.046,30723.0,76003136,WSL MemTotal-MemAvailable fallback,0,19493778,1219,4,,
1571.095,30728.0,76005376,WSL MemTotal-MemAvailable fallback,0,19493778,1219,4,,
1572.133,30728.0,75995056,WSL MemTotal-MemAvailable fallback,0,19493778,1219,4,,
1573.173,30728.0,76004612,WSL MemTotal-MemAvailable fallback,0,19493778,1219,4,,
1574.222,30728.0,76006844,WSL MemTotal-MemAvailable fallback,0,19493778,1219,4,,
1575.264,30728.0,75999040,WSL MemTotal-MemAvailable fallback,0,19493778,1219,4,,
1576.3,30723.0,75995036,WSL MemTotal-MemAvailable fallback,0,19493778,1219,4,,
1577.339,30723.0,76001744,WSL MemTotal-MemAvailable fallback,0,19493778,1219,4,,
1578.376,30723.0,75995692,WSL MemTotal-MemAvailable fallback,0,19493778,1219,4,,
1579.419,30723.0,75999196,WSL MemTotal-MemAvailable fallback,0,19493778,1219,4,,
1580.463,30723.0,75998516,WSL MemTotal-MemAvailable fallback,0,19493778,1219,4,,
1581.497,30723.0,75993544,WSL MemTotal-MemAvailable fallback,0,19493778,1219,4,,
1582.532,30723.0,75989708,WSL MemTotal-MemAvailable fallback,0,19493778,1219,4,,
1583.567,30728.0,75986624,WSL MemTotal-MemAvailable fallback,0,19493778,1219,4,,
1584.603,30728.0,75988308,WSL MemTotal-MemAvailable fallback,0,19493778,1219,4,,
1585.644,30728.0,75993320,WSL MemTotal-MemAvailable fallback,0,19493778,1219,4,,
1586.688,30728.0,75991728,WSL MemTotal-MemAvailable fallback,0,19493778,1219,4,,
1587.727,30728.0,75988016,WSL MemTotal-MemAvailable fallback,0,19493778,1219,4,,
1588.761,30723.0,75990220,WSL MemTotal-MemAvailable fallback,0,19493778,1219,4,,
1589.795,30723.0,75988076,WSL MemTotal-MemAvailable fallback,0,19493778,1219,4,,
1590.828,30723.0,75991164,WSL MemTotal-MemAvailable fallback,0,19493778,1219,4,,
1591.862,30723.0,75989484,WSL MemTotal-MemAvailable fallback,0,19493778,1219,4,,
1592.905,30723.0,75985032,WSL MemTotal-MemAvailable fallback,0,19493778,1219,4,,
1593.951,30723.0,75987920,WSL MemTotal-MemAvailable fallback,0,19493778,1219,4,,
1594.993,30723.0,75987912,WSL MemTotal-MemAvailable fallback,0,19493778,1219,4,,
1596.041,30723.0,75992136,WSL MemTotal-MemAvailable fallback,0,19493778,1219,4,,
1597.087,30723.0,75993972,WSL MemTotal-MemAvailable fallback,0,19493778,1219,4,,
1598.129,30723.0,75994244,WSL MemTotal-MemAvailable fallback,0,19493778,1219,4,,
1599.168,30723.0,75987668,WSL MemTotal-MemAvailable fallback,0,19493778,1219,4,,
1600.209,30728.0,75988040,WSL MemTotal-MemAvailable fallback,0,19493778,1219,4,,
1601.249,30728.0,75990608,WSL MemTotal-MemAvailable fallback,0,19493778,1219,4,,
1602.284,30728.0,75991184,WSL MemTotal-MemAvailable fallback,0,19493778,1219,4,,
1603.318,30729.0,75989240,WSL MemTotal-MemAvailable fallback,0,19493778,1219,4,,
1604.355,30723.0,75994028,WSL MemTotal-MemAvailable fallback,0,19493778,1219,4,,
1605.391,30723.0,75991756,WSL MemTotal-MemAvailable fallback,0,19493778,1219,4,,
1606.435,30723.0,75990632,WSL MemTotal-MemAvailable fallback,0,19493778,1219,4,,
1607.478,30723.0,75994560,WSL MemTotal-MemAvailable fallback,0,19493778,1219,4,,
1608.517,30723.0,75995060,WSL MemTotal-MemAvailable fallback,0,19493778,1219,4,,
1609.567,30723.0,76000328,WSL MemTotal-MemAvailable fallback,0,19493778,1219,4,,
1610.61,30723.0,75996936,WSL MemTotal-MemAvailable fallback,0,19493778,1219,4,,
1611.654,30723.0,75997496,WSL MemTotal-MemAvailable fallback,0,19493778,1219,4,,
1612.699,30723.0,76001276,WSL MemTotal-MemAvailable fallback,0,19493778,1219,4,,
1613.736,30723.0,76014624,WSL MemTotal-MemAvailable fallback,0,19493778,1219,4,,
1614.778,30723.0,76015036,WSL MemTotal-MemAvailable fallback,0,19493778,1219,4,,
1615.822,30723.0,76011528,WSL MemTotal-MemAvailable fallback,0,19493778,1219,4,,
1616.868,30723.0,76012312,WSL MemTotal-MemAvailable fallback,0,19493778,1219,4,,
1617.906,30723.0,76010032,WSL MemTotal-MemAvailable fallback,0,19493778,1219,4,,
1618.952,30723.0,76009248,WSL MemTotal-MemAvailable fallback,0,19493778,1219,4,,
1619.998,30728.0,76010016,WSL MemTotal-MemAvailable fallback,0,19493778,1219,4,,
1621.045,30728.0,76008240,WSL MemTotal-MemAvailable fallback,0,19493778,1219,4,,
1622.088,30728.0,76004352,WSL MemTotal-MemAvailable fallback,0,19493778,1219,4,,
1623.123,30728.0,76002800,WSL MemTotal-MemAvailable fallback,0,19493778,1219,4,,
1624.162,30728.0,76005324,WSL MemTotal-MemAvailable fallback,0,19493778,1219,4,,
1625.2,30723.0,76003084,WSL MemTotal-MemAvailable fallback,0,19493778,1219,4,,
1626.237,30723.0,76001148,WSL MemTotal-MemAvailable fallback,0,19493778,1219,4,,
1627.271,30723.0,75999588,WSL MemTotal-MemAvailable fallback,0,19493778,1219,4,,
1628.311,30730.0,76001660,WSL MemTotal-MemAvailable fallback,0,19493778,1219,4,,
1629.357,30729.0,76001816,WSL MemTotal-MemAvailable fallback,0,19493778,1219,4,,
1630.399,30729.0,75999924,WSL MemTotal-MemAvailable fallback,0,19493778,1219,4,,
1631.442,30730.0,76000224,WSL MemTotal-MemAvailable fallback,0,19493778,1219,4,,
1632.479,30730.0,75989172,WSL MemTotal-MemAvailable fallback,0,19493778,1219,4,,
1633.515,30728.0,75991524,WSL MemTotal-MemAvailable fallback,0,19493778,1219,4,,
1634.549,30728.0,75989468,WSL MemTotal-MemAvailable fallback,0,19493778,1219,4,,
1635.589,30728.0,75984928,WSL MemTotal-MemAvailable fallback,0,19493778,1219,4,,
1636.629,30728.0,75985392,WSL MemTotal-MemAvailable fallback,0,19493778,1219,4,,
1637.669,30723.0,75990520,WSL MemTotal-MemAvailable fallback,0,19493902,1219,4,,
1638.712,30723.0,76006352,WSL MemTotal-MemAvailable fallback,0,19493902,1219,4,,
1639.753,30723.0,76023836,WSL MemTotal-MemAvailable fallback,0,19493902,1219,4,,
1640.789,30723.0,76022480,WSL MemTotal-MemAvailable fallback,0,19493902,1219,4,,
1641.825,30722.0,76022536,WSL MemTotal-MemAvailable fallback,0,19493902,1219,4,,
1642.871,30723.0,76030036,WSL MemTotal-MemAvailable fallback,0,19493902,1219,4,,
1643.911,30723.0,76026568,WSL MemTotal-MemAvailable fallback,0,19493902,1219,4,,
1644.952,30723.0,76025672,WSL MemTotal-MemAvailable fallback,0,19493902,1219,4,,
1645.991,30723.0,76030708,WSL MemTotal-MemAvailable fallback,0,19493902,1219,4,,
1647.027,30728.0,76025316,WSL MemTotal-MemAvailable fallback,0,19493902,1219,4,,
1648.061,30728.0,76018508,WSL MemTotal-MemAvailable fallback,0,19493902,1219,4,,
1649.102,30728.0,76015408,WSL MemTotal-MemAvailable fallback,0,19493902,1219,4,,
1650.156,30728.0,76005936,WSL MemTotal-MemAvailable fallback,0,19493902,1219,4,,
1651.192,30728.0,76005464,WSL MemTotal-MemAvailable fallback,0,19493902,1219,4,,
1652.226,30723.0,75999220,WSL MemTotal-MemAvailable fallback,0,19493902,1219,4,,
1653.266,30723.0,75994908,WSL MemTotal-MemAvailable fallback,0,19493902,1219,4,,
1654.315,30723.0,75993604,WSL MemTotal-MemAvailable fallback,0,19493902,1219,4,,
1655.361,30723.0,75993616,WSL MemTotal-MemAvailable fallback,0,19493902,1219,4,,
1656.406,30723.0,75989960,WSL MemTotal-MemAvailable fallback,0,19493902,1219,4,,
1657.443,30723.0,75985960,WSL MemTotal-MemAvailable fallback,0,19493902,1219,4,,
1658.477,30723.0,75987328,WSL MemTotal-MemAvailable fallback,0,19493902,1219,4,,
1659.52,30728.0,75992532,WSL MemTotal-MemAvailable fallback,0,19493902,1219,4,,
1660.564,30728.0,75990276,WSL MemTotal-MemAvailable fallback,0,19493902,1219,4,,
1661.6,30728.0,75989128,WSL MemTotal-MemAvailable fallback,0,19493902,1219,4,,
1662.652,30728.0,75978000,WSL MemTotal-MemAvailable fallback,0,19493902,1219,4,,
1663.691,30728.0,75991076,WSL MemTotal-MemAvailable fallback,0,19493902,1219,4,,
1664.736,30723.0,75982416,WSL MemTotal-MemAvailable fallback,0,19493902,1219,4,,
1665.784,30723.0,75984392,WSL MemTotal-MemAvailable fallback,0,19493902,1219,4,,
1666.832,30728.0,75986188,WSL MemTotal-MemAvailable fallback,0,19493902,1219,4,,
1667.866,30728.0,75983504,WSL MemTotal-MemAvailable fallback,0,19493902,1219,4,,
1668.902,30728.0,75983824,WSL MemTotal-MemAvailable fallback,0,19493902,1219,4,,
1669.944,30728.0,75986284,WSL MemTotal-MemAvailable fallback,0,19493902,1219,4,,
1670.978,30728.0,75988468,WSL MemTotal-MemAvailable fallback,0,19493902,1219,4,,
1672.014,30728.0,75989464,WSL MemTotal-MemAvailable fallback,0,19493902,1219,4,,
1673.057,30728.0,75978012,WSL MemTotal-MemAvailable fallback,0,19493902,1219,4,,
1674.096,30728.0,75980616,WSL MemTotal-MemAvailable fallback,0,19493902,1219,4,,
1675.146,30728.0,75984420,WSL MemTotal-MemAvailable fallback,0,19493902,1219,4,,
1676.193,30728.0,75982960,WSL MemTotal-MemAvailable fallback,0,19493902,1219,4,,
1677.239,30723.0,75979524,WSL MemTotal-MemAvailable fallback,0,19493902,1219,4,,
1678.272,30723.0,75984808,WSL MemTotal-MemAvailable fallback,0,19493902,1219,4,,
1679.321,30728.0,75983344,WSL MemTotal-MemAvailable fallback,0,19493902,1219,4,,
1680.355,30728.0,76012048,WSL MemTotal-MemAvailable fallback,0,19493902,1219,4,,
1681.392,30728.0,76012552,WSL MemTotal-MemAvailable fallback,0,19493902,1219,4,,
1682.427,30728.0,76011468,WSL MemTotal-MemAvailable fallback,0,19493902,1219,4,,
1683.465,30728.0,76007284,WSL MemTotal-MemAvailable fallback,0,19493902,1219,4,,
1684.509,30728.0,75993648,WSL MemTotal-MemAvailable fallback,0,19493902,1219,4,,
1685.552,30728.0,75991592,WSL MemTotal-MemAvailable fallback,0,19493902,1219,4,,
1686.6,30728.0,75993864,WSL MemTotal-MemAvailable fallback,0,19493902,1219,4,,
1687.636,30728.0,75987892,WSL MemTotal-MemAvailable fallback,0,19493902,1219,4,,
1688.672,30728.0,75986580,WSL MemTotal-MemAvailable fallback,0,19493902,1219,4,,
1689.707,30728.0,75984272,WSL MemTotal-MemAvailable fallback,0,19493902,1219,4,,
1690.742,30728.0,75978892,WSL MemTotal-MemAvailable fallback,0,19493902,1219,4,,
1691.777,30728.0,75979552,WSL MemTotal-MemAvailable fallback,0,19493902,1219,4,,
1692.827,30723.0,75976424,WSL MemTotal-MemAvailable fallback,0,19493902,1219,4,,
1693.868,30723.0,75975696,WSL MemTotal-MemAvailable fallback,0,19493902,1219,4,,
1694.914,30723.0,75977832,WSL MemTotal-MemAvailable fallback,0,19493902,1219,4,,
1695.951,30728.0,75968452,WSL MemTotal-MemAvailable fallback,0,19493902,1219,4,,
1697.004,30728.0,75976604,WSL MemTotal-MemAvailable fallback,0,19493902,1219,4,,
1698.037,30728.0,75980028,WSL MemTotal-MemAvailable fallback,0,19493902,1219,4,,
1699.074,30728.0,75981568,WSL MemTotal-MemAvailable fallback,0,19493908,1219,4,,
1700.111,30728.0,75978796,WSL MemTotal-MemAvailable fallback,0,19493908,1219,4,,
1701.159,30728.0,75974968,WSL MemTotal-MemAvailable fallback,0,19493908,1219,4,,
1702.193,30728.0,75980656,WSL MemTotal-MemAvailable fallback,0,19493910,1219,4,,
1703.233,30728.0,76082488,WSL MemTotal-MemAvailable fallback,0,19495898,1219,4,,
1704.276,30722.0,76098616,WSL MemTotal-MemAvailable fallback,0,19495898,1219,4,,
1705.323,30723.0,76112484,WSL MemTotal-MemAvailable fallback,0,19495898,1219,4,,
1706.355,30723.0,76099176,WSL MemTotal-MemAvailable fallback,0,19495898,1219,4,,
1707.39,30728.0,76074608,WSL MemTotal-MemAvailable fallback,0,19495898,1219,4,,
1708.426,30728.0,76067884,WSL MemTotal-MemAvailable fallback,0,19495898,1219,4,,
1709.464,30728.0,76066932,WSL MemTotal-MemAvailable fallback,0,19495898,1219,4,,
1710.515,30728.0,76055680,WSL MemTotal-MemAvailable fallback,0,19495898,1219,4,,
1711.553,30728.0,76043820,WSL MemTotal-MemAvailable fallback,0,19495898,1219,4,,
1712.598,30723.0,76040792,WSL MemTotal-MemAvailable fallback,0,19495898,1219,4,,
1713.638,30723.0,76035504,WSL MemTotal-MemAvailable fallback,0,19495898,1219,4,,
1714.678,30723.0,76035656,WSL MemTotal-MemAvailable fallback,0,19495898,1219,4,,
1715.715,30728.0,76027072,WSL MemTotal-MemAvailable fallback,0,19495898,1219,4,,
1716.749,30728.0,76028824,WSL MemTotal-MemAvailable fallback,0,19495898,1219,4,,
1717.783,30728.0,76024072,WSL MemTotal-MemAvailable fallback,0,19495898,1219,4,,
1718.821,30728.0,76022392,WSL MemTotal-MemAvailable fallback,0,19495898,1219,4,,
1719.859,30728.0,76027596,WSL MemTotal-MemAvailable fallback,0,19495898,1219,4,,
1720.896,30722.0,76016792,WSL MemTotal-MemAvailable fallback,0,19495898,1219,4,,
1721.93,30722.0,76005192,WSL MemTotal-MemAvailable fallback,0,19495898,1219,4,,
1722.967,30723.0,76009280,WSL MemTotal-MemAvailable fallback,0,19495898,1219,4,,
1724.009,30722.0,76009480,WSL MemTotal-MemAvailable fallback,0,19495898,1219,4,,
1725.048,30722.0,76006428,WSL MemTotal-MemAvailable fallback,0,19495898,1219,4,,
1726.088,30722.0,76004700,WSL MemTotal-MemAvailable fallback,0,19495898,1219,4,,
1727.125,30723.0,76012960,WSL MemTotal-MemAvailable fallback,0,19495898,1219,4,,
1728.166,30722.0,76028432,WSL MemTotal-MemAvailable fallback,0,19495898,1219,4,,
1729.215,30722.0,76035236,WSL MemTotal-MemAvailable fallback,0,19495898,1219,4,,
1730.255,30722.0,76038164,WSL MemTotal-MemAvailable fallback,0,19495898,1219,4,,
1731.304,30722.0,76029852,WSL MemTotal-MemAvailable fallback,0,19495898,1219,4,,
1732.353,30722.0,76029672,WSL MemTotal-MemAvailable fallback,0,19495898,1219,4,,
1733.394,30722.0,76030956,WSL MemTotal-MemAvailable fallback,0,19495898,1219,4,,
1734.437,30722.0,76029664,WSL MemTotal-MemAvailable fallback,0,19495898,1219,4,,
1735.477,30728.0,76028080,WSL MemTotal-MemAvailable fallback,0,19495898,1219,4,,
1736.515,30728.0,76028176,WSL MemTotal-MemAvailable fallback,0,19495898,1219,4,,
1737.548,30728.0,76025468,WSL MemTotal-MemAvailable fallback,0,19495898,1219,4,,
1738.583,30728.0,76022080,WSL MemTotal-MemAvailable fallback,0,19495898,1219,4,,
1739.617,30728.0,76018816,WSL MemTotal-MemAvailable fallback,0,19495898,1219,4,,
1740.655,30728.0,76019096,WSL MemTotal-MemAvailable fallback,0,19495898,1219,4,,
1741.692,30728.0,76023164,WSL MemTotal-MemAvailable fallback,0,19495898,1219,4,,
1742.73,30728.0,76014552,WSL MemTotal-MemAvailable fallback,0,19495898,1219,4,,
1743.763,30728.0,76015916,WSL MemTotal-MemAvailable fallback,0,19495898,1219,4,,
1744.797,30728.0,76015112,WSL MemTotal-MemAvailable fallback,0,19495898,1219,4,,
1745.84,30728.0,76017380,WSL MemTotal-MemAvailable fallback,0,19495898,1219,4,,
1746.876,30728.0,76023524,WSL MemTotal-MemAvailable fallback,0,19495898,1219,4,,
1747.912,30728.0,76016468,WSL MemTotal-MemAvailable fallback,0,19495898,1219,4,,
1748.955,30722.0,76016048,WSL MemTotal-MemAvailable fallback,0,19495898,1219,4,,
1749.998,30722.0,76017544,WSL MemTotal-MemAvailable fallback,0,19495898,1219,4,,
1751.044,30728.0,76020256,WSL MemTotal-MemAvailable fallback,0,19495898,1219,4,,
1752.078,30728.0,76021428,WSL MemTotal-MemAvailable fallback,0,19495898,1219,4,,
1753.119,30728.0,76023696,WSL MemTotal-MemAvailable fallback,0,19495898,1219,4,,
1754.157,30727.0,76023608,WSL MemTotal-MemAvailable fallback,0,19495898,1219,4,,
1755.202,30728.0,76022696,WSL MemTotal-MemAvailable fallback,0,19495898,1219,4,,
1756.241,30727.0,76023944,WSL MemTotal-MemAvailable fallback,0,19495898,1219,4,,
1757.282,30728.0,76011912,WSL MemTotal-MemAvailable fallback,0,19495898,1219,4,,
1758.326,30728.0,76029100,WSL MemTotal-MemAvailable fallback,0,19495898,1219,4,,
1759.372,30728.0,76031056,WSL MemTotal-MemAvailable fallback,0,19495898,1219,4,,
1760.417,30722.0,76020964,WSL MemTotal-MemAvailable fallback,0,19495898,1219,4,,
1761.457,30722.0,76025464,WSL MemTotal-MemAvailable fallback,0,19495898,1219,4,,
1762.499,30724.0,76038380,WSL MemTotal-MemAvailable fallback,0,19495898,1219,4,,
1763.539,30736.0,76054256,WSL MemTotal-MemAvailable fallback,0,19495898,1219,4,,
1764.591,30736.0,76049048,WSL MemTotal-MemAvailable fallback,0,19495898,1219,4,,
1765.639,30735.0,76029372,WSL MemTotal-MemAvailable fallback,0,19495898,1219,4,,
1766.691,30735.0,76028892,WSL MemTotal-MemAvailable fallback,0,19495898,1219,4,,
1767.728,30734.0,76029088,WSL MemTotal-MemAvailable fallback,0,19495898,1219,4,,
1768.762,30728.0,76020188,WSL MemTotal-MemAvailable fallback,0,19495898,1219,4,,
1769.796,30728.0,76023264,WSL MemTotal-MemAvailable fallback,0,19495898,1219,4,,
1770.837,30729.0,76023388,WSL MemTotal-MemAvailable fallback,0,19495898,1219,4,,
1771.872,30728.0,76013472,WSL MemTotal-MemAvailable fallback,0,19495898,1219,4,,
1772.911,30718.0,76014764,WSL MemTotal-MemAvailable fallback,0,19495898,1219,4,,
1773.951,30718.0,76011048,WSL MemTotal-MemAvailable fallback,0,19495898,1219,4,,
1774.986,30723.0,76011436,WSL MemTotal-MemAvailable fallback,0,19495898,1219,4,,
1776.031,30723.0,76008352,WSL MemTotal-MemAvailable fallback,0,19495898,1219,4,,
1777.068,30723.0,76009268,WSL MemTotal-MemAvailable fallback,0,19495898,1219,4,,
1778.106,30723.0,76013476,WSL MemTotal-MemAvailable fallback,0,19495898,1219,4,,
1779.14,30723.0,76012368,WSL MemTotal-MemAvailable fallback,0,19495898,1219,4,,
1780.185,30723.0,76013824,WSL MemTotal-MemAvailable fallback,0,19495898,1219,4,,
1781.222,30723.0,76015280,WSL MemTotal-MemAvailable fallback,0,19495898,1219,4,,
1782.261,30723.0,76005264,WSL MemTotal-MemAvailable fallback,0,19495898,1219,4,,
1783.301,30723.0,76009344,WSL MemTotal-MemAvailable fallback,0,19495898,1219,4,,
1784.335,30723.0,76016428,WSL MemTotal-MemAvailable fallback,0,19495898,1219,4,,
1785.38,30723.0,76016560,WSL MemTotal-MemAvailable fallback,0,19495898,1219,4,,
1786.419,30723.0,76017380,WSL MemTotal-MemAvailable fallback,0,19495898,1219,4,,
1787.465,30723.0,76018124,WSL MemTotal-MemAvailable fallback,0,19495898,1219,4,,
1788.505,30723.0,76017984,WSL MemTotal-MemAvailable fallback,0,19495898,1219,4,,
1789.544,30723.0,76019440,WSL MemTotal-MemAvailable fallback,0,19495898,1219,4,,
1790.589,30723.0,76018740,WSL MemTotal-MemAvailable fallback,0,19495898,1219,4,,
1791.624,30723.0,76014088,WSL MemTotal-MemAvailable fallback,0,19495898,1219,4,,
1792.671,30723.0,76014960,WSL MemTotal-MemAvailable fallback,0,19495898,1219,4,,
1793.711,30723.0,76011668,WSL MemTotal-MemAvailable fallback,0,19495898,1219,4,,
1794.758,30723.0,76007412,WSL MemTotal-MemAvailable fallback,0,19495898,1219,4,,
1795.801,30723.0,76011928,WSL MemTotal-MemAvailable fallback,0,19495898,1219,4,,
1796.847,30723.0,76018400,WSL MemTotal-MemAvailable fallback,0,19495898,1219,4,,
1797.895,30723.0,76034016,WSL MemTotal-MemAvailable fallback,0,19495898,1219,4,,
1798.937,30723.0,76050100,WSL MemTotal-MemAvailable fallback,0,19495898,1219,4,,
1799.974,30723.0,76065692,WSL MemTotal-MemAvailable fallback,0,19495898,1219,4,,
1801.022,30723.0,76079000,WSL MemTotal-MemAvailable fallback,0,19495898,1219,4,,
1802.06,30723.0,76090548,WSL MemTotal-MemAvailable fallback,0,19495898,1219,4,,
1803.102,30723.0,76105980,WSL MemTotal-MemAvailable fallback,0,19495898,1219,4,,
1804.141,30723.0,76122316,WSL MemTotal-MemAvailable fallback,0,19495898,1219,4,,
1805.189,30723.0,76123604,WSL MemTotal-MemAvailable fallback,0,19495898,1219,4,,
1806.23,30723.0,76125556,WSL MemTotal-MemAvailable fallback,0,19495898,1219,4,,
1807.268,30723.0,76112364,WSL MemTotal-MemAvailable fallback,0,19495898,1219,4,,
1808.307,30723.0,76089260,WSL MemTotal-MemAvailable fallback,0,19495898,1219,4,,
1809.347,30723.0,76086428,WSL MemTotal-MemAvailable fallback,0,19495898,1219,4,,
1810.379,30723.0,76074192,WSL MemTotal-MemAvailable fallback,0,19495898,1219,4,,
1811.413,30723.0,76060900,WSL MemTotal-MemAvailable fallback,0,19495898,1219,4,,
1812.456,30723.0,76049128,WSL MemTotal-MemAvailable fallback,0,19495898,1219,4,,
1813.498,30723.0,76041108,WSL MemTotal-MemAvailable fallback,0,19495898,1219,4,,
1814.538,30723.0,76039708,WSL MemTotal-MemAvailable fallback,0,19495898,1219,4,,
1815.574,30723.0,76024356,WSL MemTotal-MemAvailable fallback,0,19495898,1219,4,,
1816.609,30723.0,76018292,WSL MemTotal-MemAvailable fallback,0,19495898,1219,4,,
1817.644,30723.0,76017072,WSL MemTotal-MemAvailable fallback,0,19495898,1219,4,,
1818.68,30723.0,76020412,WSL MemTotal-MemAvailable fallback,0,19495898,1219,4,,
1819.721,30723.0,76027664,WSL MemTotal-MemAvailable fallback,0,19495898,1219,4,,
1820.753,30718.0,76023984,WSL MemTotal-MemAvailable fallback,0,19495898,1219,4,,
1821.793,30718.0,76010408,WSL MemTotal-MemAvailable fallback,0,19495898,1219,4,,
1822.829,30718.0,76009160,WSL MemTotal-MemAvailable fallback,0,19495898,1219,4,,
1823.865,30723.0,76014200,WSL MemTotal-MemAvailable fallback,0,19495898,1219,4,,
1824.902,30723.0,76012496,WSL MemTotal-MemAvailable fallback,0,19495898,1219,4,,
1825.951,30723.0,76015232,WSL MemTotal-MemAvailable fallback,0,19495898,1219,4,,
1826.992,30723.0,76015912,WSL MemTotal-MemAvailable fallback,0,19495898,1219,4,,
1828.038,30723.0,76009864,WSL MemTotal-MemAvailable fallback,0,19495898,1219,4,,
1829.08,30718.0,76010664,WSL MemTotal-MemAvailable fallback,0,19495898,1219,4,,
1830.114,30718.0,76017796,WSL MemTotal-MemAvailable fallback,0,19495898,1219,4,,
1831.168,30723.0,76016032,WSL MemTotal-MemAvailable fallback,0,19495898,1219,4,,
1832.205,30723.0,76010372,WSL MemTotal-MemAvailable fallback,0,19495898,1219,4,,
1833.239,30724.0,76013160,WSL MemTotal-MemAvailable fallback,0,19495898,1219,4,,
1834.28,30724.0,76012776,WSL MemTotal-MemAvailable fallback,0,19495898,1219,4,,
1835.319,30724.0,76012052,WSL MemTotal-MemAvailable fallback,0,19495898,1219,4,,
1836.367,30724.0,76014712,WSL MemTotal-MemAvailable fallback,0,19495898,1219,4,,
1837.4,30724.0,76015004,WSL MemTotal-MemAvailable fallback,0,19495898,1219,4,,
1838.441,30723.0,76013384,WSL MemTotal-MemAvailable fallback,0,19495898,1219,4,,
1839.481,30723.0,76009248,WSL MemTotal-MemAvailable fallback,0,19495898,1219,4,,
1840.523,30723.0,76012580,WSL MemTotal-MemAvailable fallback,0,19495898,1219,4,,
1841.564,30723.0,76004092,WSL MemTotal-MemAvailable fallback,0,19495898,1219,4,,
1842.606,30718.0,76011764,WSL MemTotal-MemAvailable fallback,0,19495898,1219,4,,
1843.647,30718.0,76008708,WSL MemTotal-MemAvailable fallback,0,19495898,1219,4,,
1844.688,30718.0,76013592,WSL MemTotal-MemAvailable fallback,0,19495898,1219,4,,
1845.731,30718.0,76011608,WSL MemTotal-MemAvailable fallback,0,19495898,1219,4,,
1846.77,30718.0,76008668,WSL MemTotal-MemAvailable fallback,0,19495898,1219,4,,
1847.816,30718.0,76012224,WSL MemTotal-MemAvailable fallback,0,19495898,1219,4,,
1848.854,30718.0,76011832,WSL MemTotal-MemAvailable fallback,0,19495898,1219,4,,
1849.895,30718.0,76010284,WSL MemTotal-MemAvailable fallback,0,19495898,1219,4,,
1850.931,30718.0,76000960,WSL MemTotal-MemAvailable fallback,0,19495898,1219,4,,
1851.979,30718.0,76006200,WSL MemTotal-MemAvailable fallback,0,19495898,1219,4,,
1853.023,30718.0,76007336,WSL MemTotal-MemAvailable fallback,0,19495898,1219,4,,
1854.073,30718.0,76006260,WSL MemTotal-MemAvailable fallback,0,19495898,1219,4,,
1855.118,30718.0,76022220,WSL MemTotal-MemAvailable fallback,0,19495898,1219,4,,
1856.155,30718.0,76038852,WSL MemTotal-MemAvailable fallback,0,19495898,1219,4,,
1857.204,30718.0,76054980,WSL MemTotal-MemAvailable fallback,0,19495898,1219,4,,
1858.244,30718.0,76057752,WSL MemTotal-MemAvailable fallback,0,19495898,1219,4,,
1859.296,30718.0,76073264,WSL MemTotal-MemAvailable fallback,0,19495898,1219,4,,
1860.34,30718.0,76089392,WSL MemTotal-MemAvailable fallback,0,19495898,1219,4,,
1861.389,30718.0,76090400,WSL MemTotal-MemAvailable fallback,0,19495898,1219,4,,
1862.435,30718.0,76084200,WSL MemTotal-MemAvailable fallback,0,19495898,1219,4,,
1863.479,30718.0,76084604,WSL MemTotal-MemAvailable fallback,0,19495898,1219,4,,
1864.53,30718.0,76072096,WSL MemTotal-MemAvailable fallback,0,19495898,1219,4,,
1865.58,30718.0,76074900,WSL MemTotal-MemAvailable fallback,0,19495898,1219,4,,
1866.624,30718.0,76067512,WSL MemTotal-MemAvailable fallback,0,19495898,1219,4,,
1867.676,30718.0,76059952,WSL MemTotal-MemAvailable fallback,0,19495898,1219,4,,
1868.716,30718.0,76044224,WSL MemTotal-MemAvailable fallback,0,19495898,1219,4,,
1869.765,30718.0,76026836,WSL MemTotal-MemAvailable fallback,0,19495898,1219,4,,
1870.811,30718.0,76015412,WSL MemTotal-MemAvailable fallback,0,19495898,1219,4,,
1871.853,30718.0,76015460,WSL MemTotal-MemAvailable fallback,0,19495898,1219,4,,
1872.899,30718.0,76028736,WSL MemTotal-MemAvailable fallback,0,19495898,1219,4,,
1873.943,30718.0,76024368,WSL MemTotal-MemAvailable fallback,0,19495898,1219,4,,
1874.986,30718.0,76029004,WSL MemTotal-MemAvailable fallback,0,19495898,1219,4,,
1876.032,30723.0,76028488,WSL MemTotal-MemAvailable fallback,0,19495898,1219,4,,
1877.072,30723.0,76033348,WSL MemTotal-MemAvailable fallback,0,19495898,1219,4,,
1878.11,30723.0,76030388,WSL MemTotal-MemAvailable fallback,0,19495898,1219,4,,
1879.15,30723.0,76033868,WSL MemTotal-MemAvailable fallback,0,19495898,1219,4,,
1880.187,30718.0,76032892,WSL MemTotal-MemAvailable fallback,0,19495898,1219,4,,
1881.227,30718.0,76047800,WSL MemTotal-MemAvailable fallback,0,19495898,1219,4,,
1882.261,30718.0,76032108,WSL MemTotal-MemAvailable fallback,0,19495898,1219,4,,
1883.299,30723.0,76046812,WSL MemTotal-MemAvailable fallback,0,19495898,1219,4,,
1884.343,30723.0,76042464,WSL MemTotal-MemAvailable fallback,0,19495898,1219,4,,
1885.394,30723.0,76042136,WSL MemTotal-MemAvailable fallback,0,19495898,1219,4,,
1886.436,30723.0,76056900,WSL MemTotal-MemAvailable fallback,0,19495898,1219,4,,
1887.471,30723.0,76044380,WSL MemTotal-MemAvailable fallback,0,19495898,1219,4,,
1888.503,30718.0,76044196,WSL MemTotal-MemAvailable fallback,0,19495898,1219,4,,
1889.544,30718.0,76048148,WSL MemTotal-MemAvailable fallback,0,19495898,1219,4,,
1890.58,30718.0,76044252,WSL MemTotal-MemAvailable fallback,0,19495898,1219,4,,
1891.623,30718.0,76042824,WSL MemTotal-MemAvailable fallback,0,19495898,1219,4,,
1892.668,30718.0,76038488,WSL MemTotal-MemAvailable fallback,0,19495898,1219,4,,
1893.719,30718.0,76036504,WSL MemTotal-MemAvailable fallback,0,19495898,1219,4,,
1894.764,30718.0,76033820,WSL MemTotal-MemAvailable fallback,0,19495898,1219,4,,
1895.796,30718.0,76030452,WSL MemTotal-MemAvailable fallback,0,19495898,1219,4,,
1896.84,30718.0,76031908,WSL MemTotal-MemAvailable fallback,0,19495898,1219,4,,
1897.887,30718.0,76030604,WSL MemTotal-MemAvailable fallback,0,19495898,1219,4,,
1898.92,30718.0,76027188,WSL MemTotal-MemAvailable fallback,0,19495898,1219,4,,
1899.957,30718.0,76017676,WSL MemTotal-MemAvailable fallback,0,19495898,1219,4,,
1901.002,30717.0,76015008,WSL MemTotal-MemAvailable fallback,0,19495898,1219,4,,
1902.04,30718.0,76010504,WSL MemTotal-MemAvailable fallback,0,19495898,1219,4,,
1903.08,30718.0,76014764,WSL MemTotal-MemAvailable fallback,0,19495898,1219,4,,
1904.121,30718.0,76012572,WSL MemTotal-MemAvailable fallback,0,19495898,1219,4,,
1905.163,30723.0,76016884,WSL MemTotal-MemAvailable fallback,0,19495898,1219,4,,
1906.204,30723.0,76015920,WSL MemTotal-MemAvailable fallback,0,19495898,1219,4,,
1907.243,30723.0,76021608,WSL MemTotal-MemAvailable fallback,0,19495898,1219,4,,
1908.286,30722.0,76021804,WSL MemTotal-MemAvailable fallback,0,19495898,1219,4,,
1909.324,30722.0,76013744,WSL MemTotal-MemAvailable fallback,0,19495898,1219,4,,
1910.37,30722.0,76013508,WSL MemTotal-MemAvailable fallback,0,19495898,1219,4,,
1911.407,30722.0,76012728,WSL MemTotal-MemAvailable fallback,0,19495898,1219,4,,
1912.447,30722.0,76015764,WSL MemTotal-MemAvailable fallback,0,19495898,1219,4,,
1913.484,30722.0,76015996,WSL MemTotal-MemAvailable fallback,0,19495898,1219,4,,
1914.525,30722.0,76022660,WSL MemTotal-MemAvailable fallback,0,19495898,1219,4,,
1915.576,30722.0,76026472,WSL MemTotal-MemAvailable fallback,0,19495898,1219,4,,
1916.626,30717.0,76027152,WSL MemTotal-MemAvailable fallback,0,19495898,1219,4,,
1917.675,30717.0,76023948,WSL MemTotal-MemAvailable fallback,0,19495898,1219,4,,
1918.723,30717.0,76013764,WSL MemTotal-MemAvailable fallback,0,19495898,1219,4,,
1919.767,30717.0,76028512,WSL MemTotal-MemAvailable fallback,0,19495898,1219,4,,
1920.803,30717.0,76017796,WSL MemTotal-MemAvailable fallback,0,19495898,1219,4,,
1921.844,30717.0,76014568,WSL MemTotal-MemAvailable fallback,0,19495898,1219,4,,
1922.897,30717.0,76017188,WSL MemTotal-MemAvailable fallback,0,19495898,1219,4,,
1923.944,30717.0,76015472,WSL MemTotal-MemAvailable fallback,0,19495898,1219,4,,
1924.986,30717.0,76029980,WSL MemTotal-MemAvailable fallback,0,19495898,1219,4,,
1926.028,30717.0,76027864,WSL MemTotal-MemAvailable fallback,0,19495898,1219,4,,
1927.073,30717.0,76025948,WSL MemTotal-MemAvailable fallback,0,19495898,1219,4,,
1928.115,30717.0,76030264,WSL MemTotal-MemAvailable fallback,0,19495898,1219,4,,
1929.156,30717.0,76024400,WSL MemTotal-MemAvailable fallback,0,19495898,1219,4,,
1930.189,30717.0,76026636,WSL MemTotal-MemAvailable fallback,0,19495898,1219,4,,
1931.228,30717.0,76031008,WSL MemTotal-MemAvailable fallback,0,19495898,1219,4,,
1932.264,30717.0,76031796,WSL MemTotal-MemAvailable fallback,0,19495898,1219,4,,
1933.3,30724.0,76034824,WSL MemTotal-MemAvailable fallback,0,19495898,1219,4,,
1934.338,30724.0,76034644,WSL MemTotal-MemAvailable fallback,0,19495898,1219,4,,
1935.373,30724.0,76028836,WSL MemTotal-MemAvailable fallback,0,19495898,1219,4,,
1936.407,30724.0,76031148,WSL MemTotal-MemAvailable fallback,0,19495898,1219,4,,
1937.449,30724.0,76029368,WSL MemTotal-MemAvailable fallback,0,19495898,1219,4,,
1938.487,30723.0,76020432,WSL MemTotal-MemAvailable fallback,0,19495898,1219,4,,
1939.526,30723.0,76021776,WSL MemTotal-MemAvailable fallback,0,19495898,1219,4,,
1940.562,30723.0,76022740,WSL MemTotal-MemAvailable fallback,0,19495898,1219,4,,
1941.597,30723.0,76019448,WSL MemTotal-MemAvailable fallback,0,19495898,1219,4,,
1942.641,30723.0,76020904,WSL MemTotal-MemAvailable fallback,0,19495898,1219,4,,
1943.679,30718.0,76012420,WSL MemTotal-MemAvailable fallback,0,19495898,1219,4,,
1944.718,30718.0,76017020,WSL MemTotal-MemAvailable fallback,0,19495898,1219,4,,
1945.757,30718.0,76023844,WSL MemTotal-MemAvailable fallback,0,19495898,1219,4,,
1946.792,30723.0,76022508,WSL MemTotal-MemAvailable fallback,0,19495898,1219,4,,
1947.833,30723.0,76017012,WSL MemTotal-MemAvailable fallback,0,19495898,1219,4,,
1948.883,30723.0,76020344,WSL MemTotal-MemAvailable fallback,0,19495898,1219,4,,
1949.915,30723.0,76017840,WSL MemTotal-MemAvailable fallback,0,19495898,1219,4,,
1950.956,30723.0,76021144,WSL MemTotal-MemAvailable fallback,0,19495898,1219,4,,
1951.995,30723.0,76019700,WSL MemTotal-MemAvailable fallback,0,19495898,1219,4,,
1953.033,30723.0,76017492,WSL MemTotal-MemAvailable fallback,0,19495898,1219,4,,
1954.084,30723.0,76019712,WSL MemTotal-MemAvailable fallback,0,19495898,1219,4,,
1955.125,30723.0,76013852,WSL MemTotal-MemAvailable fallback,0,19495898,1219,4,,
1956.166,30723.0,76019476,WSL MemTotal-MemAvailable fallback,0,19495898,1219,4,,
1957.204,30723.0,76015676,WSL MemTotal-MemAvailable fallback,0,19495898,1219,4,,
1958.245,30723.0,76014780,WSL MemTotal-MemAvailable fallback,0,19495898,1219,4,,
1959.285,30723.0,76011956,WSL MemTotal-MemAvailable fallback,0,19495898,1219,4,,
1960.33,30723.0,76019000,WSL MemTotal-MemAvailable fallback,0,19495898,1219,4,,
1961.374,30723.0,76020432,WSL MemTotal-MemAvailable fallback,0,19495898,1219,4,,
1962.422,30723.0,76019528,WSL MemTotal-MemAvailable fallback,0,19495898,1219,4,,
1963.464,30723.0,76019220,WSL MemTotal-MemAvailable fallback,0,19495898,1219,4,,
1964.509,30723.0,76018864,WSL MemTotal-MemAvailable fallback,0,19495898,1219,4,,
1965.548,30723.0,76021108,WSL MemTotal-MemAvailable fallback,0,19495898,1219,4,,
1966.587,30723.0,76022492,WSL MemTotal-MemAvailable fallback,0,19495898,1219,4,,
1967.623,30723.0,76030020,WSL MemTotal-MemAvailable fallback,0,19495898,1219,4,,
1968.658,30723.0,76023216,WSL MemTotal-MemAvailable fallback,0,19495898,1219,4,,
1969.7,30723.0,76016012,WSL MemTotal-MemAvailable fallback,0,19495898,1219,4,,
1970.736,30723.0,76021240,WSL MemTotal-MemAvailable fallback,0,19495898,1219,4,,
1971.769,30723.0,76021336,WSL MemTotal-MemAvailable fallback,0,19495898,1219,4,,
1972.811,30723.0,76024184,WSL MemTotal-MemAvailable fallback,0,19495898,1219,4,,
1973.847,30723.0,76022508,WSL MemTotal-MemAvailable fallback,0,19495898,1219,4,,
1974.885,30723.0,76017892,WSL MemTotal-MemAvailable fallback,0,19495898,1219,4,,
1975.926,30723.0,76024416,WSL MemTotal-MemAvailable fallback,0,19495898,1219,4,,
1976.967,30717.0,76028148,WSL MemTotal-MemAvailable fallback,0,19495898,1219,4,,
1978.008,30717.0,76027752,WSL MemTotal-MemAvailable fallback,0,19495898,1219,4,,
1979.052,30718.0,76025188,WSL MemTotal-MemAvailable fallback,0,19495898,1219,4,,
1980.089,30723.0,76024240,WSL MemTotal-MemAvailable fallback,0,19495898,1219,4,,
1981.13,30723.0,76017172,WSL MemTotal-MemAvailable fallback,0,19495898,1219,4,,
1982.168,30723.0,76022548,WSL MemTotal-MemAvailable fallback,0,19495898,1219,4,,
1983.206,30723.0,76020604,WSL MemTotal-MemAvailable fallback,0,19495898,1219,4,,
1984.244,30723.0,76036972,WSL MemTotal-MemAvailable fallback,0,19495898,1219,4,,
1985.276,30718.0,76060660,WSL MemTotal-MemAvailable fallback,0,19495898,1219,4,,
1986.313,30718.0,76076788,WSL MemTotal-MemAvailable fallback,0,19495898,1219,4,,
1987.351,30723.0,76092664,WSL MemTotal-MemAvailable fallback,0,19495898,1219,4,,
1988.385,30723.0,76092412,WSL MemTotal-MemAvailable fallback,0,19495898,1219,4,,
1989.419,30723.0,76081912,WSL MemTotal-MemAvailable fallback,0,19495898,1219,4,,
1990.461,30723.0,76083700,WSL MemTotal-MemAvailable fallback,0,19495898,1219,4,,
1991.499,30723.0,76083644,WSL MemTotal-MemAvailable fallback,0,19495898,1219,4,,
1992.546,30718.0,76072376,WSL MemTotal-MemAvailable fallback,0,19495898,1219,4,,
1993.582,30717.0,76066624,WSL MemTotal-MemAvailable fallback,0,19495898,1219,4,,
1994.625,30718.0,76063496,WSL MemTotal-MemAvailable fallback,0,19495898,1219,4,,
1995.674,30723.0,76061896,WSL MemTotal-MemAvailable fallback,0,19495898,1219,4,,
1996.71,30723.0,76055540,WSL MemTotal-MemAvailable fallback,0,19495898,1219,4,,
1997.758,30723.0,76063484,WSL MemTotal-MemAvailable fallback,0,19495898,1219,4,,
1998.798,30723.0,76043352,WSL MemTotal-MemAvailable fallback,0,19495898,1219,4,,
1999.835,30723.0,76032228,WSL MemTotal-MemAvailable fallback,0,19495898,1219,4,,
2000.889,30724.0,76029880,WSL MemTotal-MemAvailable fallback,0,19495898,1219,4,,
2001.927,30724.0,76030624,WSL MemTotal-MemAvailable fallback,0,19495898,1219,4,,
2002.967,30724.0,76030124,WSL MemTotal-MemAvailable fallback,0,19495898,1219,4,,
2004.008,30724.0,76031464,WSL MemTotal-MemAvailable fallback,0,19495898,1219,4,,
2005.042,30724.0,76026512,WSL MemTotal-MemAvailable fallback,0,19495898,1219,4,,
2006.08,30724.0,76028156,WSL MemTotal-MemAvailable fallback,0,19495898,1219,4,,
2007.114,30724.0,76024616,WSL MemTotal-MemAvailable fallback,0,19495898,1219,4,,
2008.149,30724.0,76025008,WSL MemTotal-MemAvailable fallback,0,19495898,1219,4,,
2009.189,30724.0,76023428,WSL MemTotal-MemAvailable fallback,0,19495898,1219,4,,
2010.226,30723.0,76020892,WSL MemTotal-MemAvailable fallback,0,19495898,1219,4,,
2011.26,30723.0,76017324,WSL MemTotal-MemAvailable fallback,0,19495898,1219,4,,
2012.305,30723.0,76018356,WSL MemTotal-MemAvailable fallback,0,19495898,1219,4,,
2013.346,30723.0,76022812,WSL MemTotal-MemAvailable fallback,0,19495898,1219,4,,
2014.388,30723.0,76021628,WSL MemTotal-MemAvailable fallback,0,19495898,1219,4,,
2015.421,30723.0,76015344,WSL MemTotal-MemAvailable fallback,0,19495898,1219,4,,
2016.46,30718.0,76014832,WSL MemTotal-MemAvailable fallback,0,19495898,1219,4,,
2017.494,30718.0,76010352,WSL MemTotal-MemAvailable fallback,0,19495898,1219,4,,
2018.533,30718.0,76025052,WSL MemTotal-MemAvailable fallback,0,19495898,1219,4,,
2019.568,30718.0,76017968,WSL MemTotal-MemAvailable fallback,0,19495898,1219,4,,
2020.609,30718.0,76016652,WSL MemTotal-MemAvailable fallback,0,19495898,1219,4,,
2021.644,30718.0,76016688,WSL MemTotal-MemAvailable fallback,0,19495898,1219,4,,
2022.684,30723.0,76015884,WSL MemTotal-MemAvailable fallback,0,19495898,1219,4,,
2023.731,30723.0,76016080,WSL MemTotal-MemAvailable fallback,0,19495898,1219,4,,
2024.769,30723.0,76014272,WSL MemTotal-MemAvailable fallback,0,19495898,1219,4,,
2025.809,30723.0,76008160,WSL MemTotal-MemAvailable fallback,0,19495898,1219,4,,
2026.852,30723.0,76007708,WSL MemTotal-MemAvailable fallback,0,19495898,1219,4,,
2027.892,30717.0,76003264,WSL MemTotal-MemAvailable fallback,0,19495898,1219,4,,
2028.934,30717.0,76003432,WSL MemTotal-MemAvailable fallback,0,19495898,1219,4,,
2029.975,30717.0,76003416,WSL MemTotal-MemAvailable fallback,0,19495898,1219,4,,
2031.011,30718.0,76005684,WSL MemTotal-MemAvailable fallback,0,19495898,1219,4,,
2032.047,30718.0,76005940,WSL MemTotal-MemAvailable fallback,0,19495898,1219,4,,
2033.083,30718.0,76021792,WSL MemTotal-MemAvailable fallback,0,19495898,1219,4,,
2034.119,30718.0,76037920,WSL MemTotal-MemAvailable fallback,0,19495898,1219,4,,
2035.153,30718.0,76053764,WSL MemTotal-MemAvailable fallback,0,19495898,1219,4,,
2036.188,30718.0,76069640,WSL MemTotal-MemAvailable fallback,0,19495898,1219,4,,
2037.229,30717.0,76093136,WSL MemTotal-MemAvailable fallback,0,19495898,1219,4,,
2038.275,30717.0,76109012,WSL MemTotal-MemAvailable fallback,0,19495898,1219,4,,
2039.316,30722.0,76099644,WSL MemTotal-MemAvailable fallback,0,19495898,1219,4,,
2040.359,30722.0,76094504,WSL MemTotal-MemAvailable fallback,0,19495898,1219,4,,
2041.4,30722.0,76085600,WSL MemTotal-MemAvailable fallback,0,19495898,1219,4,,
2042.438,30722.0,76074696,WSL MemTotal-MemAvailable fallback,0,19495898,1219,4,,
2043.492,30722.0,76060128,WSL MemTotal-MemAvailable fallback,0,19495898,1219,4,,
2044.54,30717.0,76056620,WSL MemTotal-MemAvailable fallback,0,19495898,1219,4,,
2045.589,30717.0,76051584,WSL MemTotal-MemAvailable fallback,0,19495898,1219,4,,
2046.628,30717.0,76044824,WSL MemTotal-MemAvailable fallback,0,19495898,1219,4,,
2047.668,30722.0,76045480,WSL MemTotal-MemAvailable fallback,0,19495898,1219,4,,
2048.71,30722.0,76040752,WSL MemTotal-MemAvailable fallback,0,19495898,1219,4,,
2049.745,30722.0,76031712,WSL MemTotal-MemAvailable fallback,0,19495898,1219,4,,
2050.783,30723.0,76035504,WSL MemTotal-MemAvailable fallback,0,19495898,1219,4,,
2051.824,30722.0,76031680,WSL MemTotal-MemAvailable fallback,0,19495898,1219,4,,
2052.862,30717.0,76028212,WSL MemTotal-MemAvailable fallback,0,19495898,1219,4,,
2053.899,30717.0,76015644,WSL MemTotal-MemAvailable fallback,0,19495898,1219,4,,
2054.935,30717.0,75999912,WSL MemTotal-MemAvailable fallback,0,19495898,1219,4,,
2055.98,30717.0,76009880,WSL MemTotal-MemAvailable fallback,0,19495898,1219,4,,
2057.023,30717.0,76012256,WSL MemTotal-MemAvailable fallback,0,19495898,1219,4,,
2058.058,30717.0,76016592,WSL MemTotal-MemAvailable fallback,0,19495898,1219,4,,
2059.097,30723.0,76016468,WSL MemTotal-MemAvailable fallback,0,19495898,1219,4,,
2060.131,30722.0,76014268,WSL MemTotal-MemAvailable fallback,0,19495898,1219,4,,
2061.165,30722.0,76021888,WSL MemTotal-MemAvailable fallback,0,19495898,1219,4,,
2062.201,30723.0,76022404,WSL MemTotal-MemAvailable fallback,0,19495898,1219,4,,
2063.237,30723.0,76020116,WSL MemTotal-MemAvailable fallback,0,19495898,1219,4,,
2064.274,30717.0,76023836,WSL MemTotal-MemAvailable fallback,0,19495898,1219,4,,
2065.322,30717.0,76032228,WSL MemTotal-MemAvailable fallback,0,19495898,1219,4,,
2066.359,30717.0,76031800,WSL MemTotal-MemAvailable fallback,0,19495898,1219,4,,
2067.413,30717.0,76028896,WSL MemTotal-MemAvailable fallback,0,19495898,1219,4,,
2068.459,30717.0,76029024,WSL MemTotal-MemAvailable fallback,0,19495898,1219,4,,
2069.514,30717.0,76042596,WSL MemTotal-MemAvailable fallback,0,19495898,1219,4,,
2070.555,30717.0,76044168,WSL MemTotal-MemAvailable fallback,0,19495898,1219,4,,
2071.604,30717.0,76042412,WSL MemTotal-MemAvailable fallback,0,19495898,1219,4,,
2072.644,30717.0,76046332,WSL MemTotal-MemAvailable fallback,0,19495898,1219,4,,
2073.684,30717.0,76045800,WSL MemTotal-MemAvailable fallback,0,19495898,1219,4,,
2074.731,30717.0,76038676,WSL MemTotal-MemAvailable fallback,0,19495898,1219,4,,
2075.77,30717.0,76031796,WSL MemTotal-MemAvailable fallback,0,19495898,1219,4,,
2076.804,30717.0,76035916,WSL MemTotal-MemAvailable fallback,0,19495898,1219,4,,
2077.836,30717.0,76050660,WSL MemTotal-MemAvailable fallback,0,19495898,1219,4,,
2078.87,30717.0,76065516,WSL MemTotal-MemAvailable fallback,0,19495898,1219,4,,
2079.904,30717.0,76072296,WSL MemTotal-MemAvailable fallback,0,19495898,1219,4,,
2080.937,30717.0,76074572,WSL MemTotal-MemAvailable fallback,0,19495898,1219,4,,
2081.973,30717.0,76064792,WSL MemTotal-MemAvailable fallback,0,19495898,1219,4,,
2083.013,30717.0,76066052,WSL MemTotal-MemAvailable fallback,0,19495898,1219,4,,
2084.061,30717.0,76058676,WSL MemTotal-MemAvailable fallback,0,19495898,1219,4,,
2085.096,30717.0,76057952,WSL MemTotal-MemAvailable fallback,0,19495898,1219,4,,
2086.135,30717.0,76063532,WSL MemTotal-MemAvailable fallback,0,19495898,1219,4,,
2087.175,30717.0,76060872,WSL MemTotal-MemAvailable fallback,0,19495898,1219,4,,
2088.228,30723.0,76057932,WSL MemTotal-MemAvailable fallback,0,19495898,1219,4,,
2089.267,30723.0,76055096,WSL MemTotal-MemAvailable fallback,0,19495898,1219,4,,
2090.31,30723.0,76051508,WSL MemTotal-MemAvailable fallback,0,19495898,1219,4,,
2091.351,30723.0,76040320,WSL MemTotal-MemAvailable fallback,0,19495898,1219,4,,
2092.394,30723.0,76041064,WSL MemTotal-MemAvailable fallback,0,19495898,1219,4,,
2093.428,30717.0,76043332,WSL MemTotal-MemAvailable fallback,0,19495898,1219,4,,
2094.462,30717.0,76044116,WSL MemTotal-MemAvailable fallback,0,19495898,1219,4,,
2095.497,30717.0,76039636,WSL MemTotal-MemAvailable fallback,0,19495898,1219,4,,
2096.541,30717.0,76047116,WSL MemTotal-MemAvailable fallback,0,19495898,1219,4,,
2097.574,30717.0,76052660,WSL MemTotal-MemAvailable fallback,0,19495898,1219,4,,
2098.609,30717.0,76052040,WSL MemTotal-MemAvailable fallback,0,19495898,1219,4,,
2099.653,30717.0,76052232,WSL MemTotal-MemAvailable fallback,0,19495898,1219,4,,
2100.69,30717.0,76048164,WSL MemTotal-MemAvailable fallback,0,19495898,1219,4,,
2101.723,30717.0,76039812,WSL MemTotal-MemAvailable fallback,0,19495898,1219,4,,
2102.77,30717.0,76038396,WSL MemTotal-MemAvailable fallback,0,19495898,1219,4,,
2103.805,30717.0,76038872,WSL MemTotal-MemAvailable fallback,0,19495898,1219,4,,
2104.846,30717.0,76039340,WSL MemTotal-MemAvailable fallback,0,19495898,1219,4,,
2105.886,30717.0,76037836,WSL MemTotal-MemAvailable fallback,0,19495898,1219,4,,
2106.925,30717.0,76039052,WSL MemTotal-MemAvailable fallback,0,19495898,1219,4,,
2107.961,30717.0,76040576,WSL MemTotal-MemAvailable fallback,0,19495898,1219,4,,
2109.002,30724.0,76036692,WSL MemTotal-MemAvailable fallback,0,19495898,1219,4,,
2110.056,30724.0,76029876,WSL MemTotal-MemAvailable fallback,0,19495898,1219,4,,
2111.092,30724.0,76039660,WSL MemTotal-MemAvailable fallback,0,19495898,1219,4,,
2112.127,30724.0,76035304,WSL MemTotal-MemAvailable fallback,0,19495898,1219,4,,
2113.163,30724.0,76031148,WSL MemTotal-MemAvailable fallback,0,19495898,1219,4,,
2114.198,30723.0,76031828,WSL MemTotal-MemAvailable fallback,0,19495898,1219,4,,
2115.236,30723.0,76025728,WSL MemTotal-MemAvailable fallback,0,19495898,1219,4,,
2116.271,30723.0,76021288,WSL MemTotal-MemAvailable fallback,0,19495898,1219,4,,
2117.304,30723.0,76021528,WSL MemTotal-MemAvailable fallback,0,19495898,1219,4,,
2118.356,30723.0,76023096,WSL MemTotal-MemAvailable fallback,0,19495898,1219,4,,
2119.392,30723.0,76022600,WSL MemTotal-MemAvailable fallback,0,19495898,1219,4,,
2120.43,30723.0,76016680,WSL MemTotal-MemAvailable fallback,0,19495898,1219,4,,
2121.484,30722.0,76024996,WSL MemTotal-MemAvailable fallback,0,19495898,1219,4,,
2122.525,30723.0,76029368,WSL MemTotal-MemAvailable fallback,0,19495898,1219,4,,
2123.567,30723.0,76024688,WSL MemTotal-MemAvailable fallback,0,19495898,1219,4,,
2124.606,30717.0,76025972,WSL MemTotal-MemAvailable fallback,0,19495898,1219,4,,
2125.641,30717.0,76029236,WSL MemTotal-MemAvailable fallback,0,19495898,1219,4,,
2126.674,30718.0,76036668,WSL MemTotal-MemAvailable fallback,0,19495898,1219,4,,
2127.716,30717.0,76033208,WSL MemTotal-MemAvailable fallback,0,19495898,1219,4,,
2128.752,30717.0,76033240,WSL MemTotal-MemAvailable fallback,0,19495898,1219,4,,
2129.789,30717.0,76025836,WSL MemTotal-MemAvailable fallback,0,19495898,1219,4,,
2130.823,30717.0,76022228,WSL MemTotal-MemAvailable fallback,0,19495898,1219,4,,
2131.864,30717.0,76019004,WSL MemTotal-MemAvailable fallback,0,19495898,1219,4,,
2132.905,30717.0,76020336,WSL MemTotal-MemAvailable fallback,0,19495898,1219,4,,
2133.959,30717.0,76033944,WSL MemTotal-MemAvailable fallback,0,19495898,1219,4,,
2135.002,30717.0,76036924,WSL MemTotal-MemAvailable fallback,0,19495898,1219,4,,
2136.044,30723.0,76045416,WSL MemTotal-MemAvailable fallback,0,19495898,1219,4,,
2137.082,30723.0,76041116,WSL MemTotal-MemAvailable fallback,0,19495898,1219,4,,
2138.125,30723.0,76040372,WSL MemTotal-MemAvailable fallback,0,19495898,1219,4,,
2139.164,30723.0,76035788,WSL MemTotal-MemAvailable fallback,0,19495898,1219,4,,
2140.207,30723.0,76026616,WSL MemTotal-MemAvailable fallback,0,19495898,1219,4,,
2141.249,30717.0,76026808,WSL MemTotal-MemAvailable fallback,0,19495898,1219,4,,
2142.284,30717.0,76030424,WSL MemTotal-MemAvailable fallback,0,19495898,1219,4,,
2143.321,30718.0,76026364,WSL MemTotal-MemAvailable fallback,0,19495898,1219,4,,
2144.367,30717.0,76021660,WSL MemTotal-MemAvailable fallback,0,19495898,1219,4,,
2145.401,30717.0,76019384,WSL MemTotal-MemAvailable fallback,0,19495898,1219,4,,
2146.441,30717.0,76020912,WSL MemTotal-MemAvailable fallback,0,19495898,1219,4,,
2147.478,30717.0,76017000,WSL MemTotal-MemAvailable fallback,0,19495898,1219,4,,
2148.521,30717.0,76018412,WSL MemTotal-MemAvailable fallback,0,19495898,1219,4,,
2149.563,30723.0,76021764,WSL MemTotal-MemAvailable fallback,0,19495898,1219,4,,
2150.605,30723.0,76021496,WSL MemTotal-MemAvailable fallback,0,19495898,1219,4,,
2151.643,30723.0,76021256,WSL MemTotal-MemAvailable fallback,0,19495898,1219,4,,
2152.676,30723.0,76029820,WSL MemTotal-MemAvailable fallback,0,19495898,1219,4,,
2153.724,30723.0,76025536,WSL MemTotal-MemAvailable fallback,0,19495898,1219,4,,
2154.769,30718.0,76019756,WSL MemTotal-MemAvailable fallback,0,19495898,1219,4,,
2155.815,30717.0,76026968,WSL MemTotal-MemAvailable fallback,0,19495898,1219,4,,
2156.864,30717.0,76029572,WSL MemTotal-MemAvailable fallback,0,19495898,1219,4,,
2157.914,30717.0,76021756,WSL MemTotal-MemAvailable fallback,0,19495898,1219,4,,
2158.948,30717.0,76022760,WSL MemTotal-MemAvailable fallback,0,19495898,1219,4,,
2159.981,30717.0,76025348,WSL MemTotal-MemAvailable fallback,0,19495898,1219,4,,
2161.018,30717.0,76019600,WSL MemTotal-MemAvailable fallback,0,19495898,1219,4,,
2162.059,30717.0,76035068,WSL MemTotal-MemAvailable fallback,0,19495898,1219,4,,
2163.092,30723.0,76037820,WSL MemTotal-MemAvailable fallback,0,19495898,1219,4,,
2164.137,30722.0,76040684,WSL MemTotal-MemAvailable fallback,0,19495898,1219,4,,
2165.175,30723.0,76046956,WSL MemTotal-MemAvailable fallback,0,19495898,1219,4,,
2166.217,30723.0,76046160,WSL MemTotal-MemAvailable fallback,0,19495898,1219,4,,
2167.266,30722.0,76040260,WSL MemTotal-MemAvailable fallback,0,19495898,1219,4,,
2168.305,30722.0,76039088,WSL MemTotal-MemAvailable fallback,0,19495898,1219,4,,
2169.344,30722.0,76041000,WSL MemTotal-MemAvailable fallback,0,19495898,1219,4,,
2170.399,30723.0,76041608,WSL MemTotal-MemAvailable fallback,0,19495898,1219,4,,
2171.44,30723.0,76041608,WSL MemTotal-MemAvailable fallback,0,19495898,1219,4,,
2172.476,30717.0,76040296,WSL MemTotal-MemAvailable fallback,0,19495898,1219,4,,
2173.518,30717.0,76039272,WSL MemTotal-MemAvailable fallback,0,19495898,1219,4,,
2174.559,30717.0,76039464,WSL MemTotal-MemAvailable fallback,0,19495898,1219,4,,
2175.597,30717.0,76042364,WSL MemTotal-MemAvailable fallback,0,19495898,1219,4,,
2176.64,30717.0,76032588,WSL MemTotal-MemAvailable fallback,0,19495898,1219,4,,
2177.682,30717.0,76030884,WSL MemTotal-MemAvailable fallback,0,19495898,1219,4,,
2178.722,30717.0,76034440,WSL MemTotal-MemAvailable fallback,0,19495898,1219,4,,
2179.755,30722.0,76030444,WSL MemTotal-MemAvailable fallback,0,19495898,1219,4,,
2180.789,30722.0,76032572,WSL MemTotal-MemAvailable fallback,0,19495898,1219,4,,
2181.834,30722.0,76036444,WSL MemTotal-MemAvailable fallback,0,19495898,1219,4,,
2182.867,30723.0,76033236,WSL MemTotal-MemAvailable fallback,0,19495898,1219,4,,
2183.914,30717.0,76037228,WSL MemTotal-MemAvailable fallback,0,19495898,1219,4,,
2184.962,30717.0,76036720,WSL MemTotal-MemAvailable fallback,0,19495898,1219,4,,
2185.996,30717.0,76040504,WSL MemTotal-MemAvailable fallback,0,19495898,1219,4,,
2187.03,30717.0,76041332,WSL MemTotal-MemAvailable fallback,0,19495898,1219,4,,
2188.066,30723.0,76056260,WSL MemTotal-MemAvailable fallback,0,19495898,1219,4,,
2189.101,30722.0,76059456,WSL MemTotal-MemAvailable fallback,0,19495898,1219,4,,
2190.139,30722.0,76057828,WSL MemTotal-MemAvailable fallback,0,19495898,1219,4,,
2191.177,30722.0,76052860,WSL MemTotal-MemAvailable fallback,0,19495898,1219,4,,
2192.214,30722.0,76042144,WSL MemTotal-MemAvailable fallback,0,19495898,1219,4,,
2193.258,30722.0,76040028,WSL MemTotal-MemAvailable fallback,0,19495898,1219,4,,
2194.296,30722.0,76036904,WSL MemTotal-MemAvailable fallback,0,19495898,1219,4,,
2195.335,30723.0,76029144,WSL MemTotal-MemAvailable fallback,0,19495898,1219,4,,
2196.375,30722.0,76031696,WSL MemTotal-MemAvailable fallback,0,19495898,1219,4,,
2197.413,30722.0,76035580,WSL MemTotal-MemAvailable fallback,0,19495898,1219,4,,
2198.459,30723.0,76047012,WSL MemTotal-MemAvailable fallback,0,19495898,1219,4,,
2199.497,30723.0,76054200,WSL MemTotal-MemAvailable fallback,0,19495898,1219,4,,
2200.537,30717.0,76063512,WSL MemTotal-MemAvailable fallback,0,19495898,1219,4,,
2201.573,30717.0,76057384,WSL MemTotal-MemAvailable fallback,0,19495898,1219,4,,
2202.608,30717.0,76052296,WSL MemTotal-MemAvailable fallback,0,19495898,1219,4,,
2203.654,30717.0,76050896,WSL MemTotal-MemAvailable fallback,0,19495898,1219,4,,
2204.698,30717.0,76036524,WSL MemTotal-MemAvailable fallback,0,19495898,1219,4,,
2205.736,30717.0,76041160,WSL MemTotal-MemAvailable fallback,0,19495898,1219,4,,
2206.779,30718.0,76035368,WSL MemTotal-MemAvailable fallback,0,19495898,1219,4,,
2207.815,30717.0,76032228,WSL MemTotal-MemAvailable fallback,0,19495898,1219,4,,
2208.856,30717.0,76032260,WSL MemTotal-MemAvailable fallback,0,19495898,1219,4,,
2209.9,30717.0,76025184,WSL MemTotal-MemAvailable fallback,0,19495898,1219,4,,
2210.934,30729.0,76026880,WSL MemTotal-MemAvailable fallback,0,19495898,1219,4,,
2211.973,30740.0,76030296,WSL MemTotal-MemAvailable fallback,0,19495898,1219,4,,
2213.011,30740.0,76025000,WSL MemTotal-MemAvailable fallback,0,19495898,1219,4,,
2214.055,30740.0,76028664,WSL MemTotal-MemAvailable fallback,0,19495898,1219,4,,
2215.095,30740.0,76023512,WSL MemTotal-MemAvailable fallback,0,19495898,1219,4,,
2216.143,30740.0,76019728,WSL MemTotal-MemAvailable fallback,0,19495898,1219,4,,
2217.178,30740.0,76020028,WSL MemTotal-MemAvailable fallback,0,19495898,1219,4,,
2218.211,30740.0,76023128,WSL MemTotal-MemAvailable fallback,0,19495898,1219,4,,
2219.248,30740.0,76023860,WSL MemTotal-MemAvailable fallback,0,19495898,1219,4,,
2220.285,30729.0,76027164,WSL MemTotal-MemAvailable fallback,0,19495898,1219,4,,
2221.318,30728.0,76028044,WSL MemTotal-MemAvailable fallback,0,19495898,1219,4,,
2222.37,30728.0,76026460,WSL MemTotal-MemAvailable fallback,0,19495898,1219,4,,
2223.405,30728.0,76029200,WSL MemTotal-MemAvailable fallback,0,19495898,1219,4,,
2224.447,30728.0,76023684,WSL MemTotal-MemAvailable fallback,0,19495898,1219,4,,
2225.487,30728.0,76027216,WSL MemTotal-MemAvailable fallback,0,19495898,1219,4,,
2226.526,30729.0,76024164,WSL MemTotal-MemAvailable fallback,0,19495898,1219,4,,
2227.566,30728.0,76026476,WSL MemTotal-MemAvailable fallback,0,19495898,1219,4,,
2228.605,30729.0,76024464,WSL MemTotal-MemAvailable fallback,0,19495898,1219,4,,
2229.645,30729.0,76029576,WSL MemTotal-MemAvailable fallback,0,19495898,1219,4,,
2230.688,30729.0,76025344,WSL MemTotal-MemAvailable fallback,0,19495898,1219,4,,
2231.727,30739.0,76020668,WSL MemTotal-MemAvailable fallback,0,19495898,1219,4,,
2232.771,30739.0,76026432,WSL MemTotal-MemAvailable fallback,0,19495898,1219,4,,
2233.811,30739.0,76028000,WSL MemTotal-MemAvailable fallback,0,19495898,1219,4,,
2234.853,30739.0,76032228,WSL MemTotal-MemAvailable fallback,0,19495898,1219,4,,
2235.89,30739.0,76030588,WSL MemTotal-MemAvailable fallback,0,19495898,1219,4,,
2236.931,30728.0,76029636,WSL MemTotal-MemAvailable fallback,0,19495898,1219,4,,
2237.971,30728.0,76031416,WSL MemTotal-MemAvailable fallback,0,19495898,1219,4,,
2239.01,30729.0,76032248,WSL MemTotal-MemAvailable fallback,0,19495898,1219,4,,
2240.049,30729.0,76030712,WSL MemTotal-MemAvailable fallback,0,19495898,1219,4,,
2241.09,30729.0,76029920,WSL MemTotal-MemAvailable fallback,0,19495898,1219,4,,
2242.129,30729.0,76025820,WSL MemTotal-MemAvailable fallback,0,19495898,1219,4,,
2243.178,30739.0,76032120,WSL MemTotal-MemAvailable fallback,0,19495898,1219,4,,
2244.217,30739.0,76033996,WSL MemTotal-MemAvailable fallback,0,19495898,1219,4,,
2245.259,30739.0,76028952,WSL MemTotal-MemAvailable fallback,0,19495898,1219,4,,
2246.295,30739.0,76028076,WSL MemTotal-MemAvailable fallback,0,19495898,1219,4,,
2247.329,30739.0,76027424,WSL MemTotal-MemAvailable fallback,0,19495898,1219,4,,
2248.365,30739.0,76027208,WSL MemTotal-MemAvailable fallback,0,19495898,1219,4,,
2249.397,30739.0,76031688,WSL MemTotal-MemAvailable fallback,0,19495898,1219,4,,
2250.435,30739.0,76031064,WSL MemTotal-MemAvailable fallback,0,19495898,1219,4,,
2251.473,30740.0,76026320,WSL MemTotal-MemAvailable fallback,0,19495898,1219,4,,
2252.515,30728.0,76015872,WSL MemTotal-MemAvailable fallback,0,19495898,1219,4,,
2253.562,30729.0,76011516,WSL MemTotal-MemAvailable fallback,0,19495898,1219,4,,
2254.597,30729.0,76014288,WSL MemTotal-MemAvailable fallback,0,19495898,1219,4,,
2255.632,30739.0,76010924,WSL MemTotal-MemAvailable fallback,0,19495898,1219,4,,
2256.665,30739.0,76012912,WSL MemTotal-MemAvailable fallback,0,19495898,1219,4,,
2257.702,30739.0,76020120,WSL MemTotal-MemAvailable fallback,0,19495898,1219,4,,
2258.739,30740.0,76024188,WSL MemTotal-MemAvailable fallback,0,19495898,1219,4,,
2259.787,30739.0,76025168,WSL MemTotal-MemAvailable fallback,0,19495898,1219,4,,
2260.834,30728.0,76025440,WSL MemTotal-MemAvailable fallback,0,19495898,1219,4,,
2261.868,30728.0,76040480,WSL MemTotal-MemAvailable fallback,0,19495899,1219,4,,
2262.908,30729.0,76038832,WSL MemTotal-MemAvailable fallback,0,19495899,1219,4,,
2263.957,30728.0,76038636,WSL MemTotal-MemAvailable fallback,0,19495901,1219,4,,
2264.993,30728.0,76054408,WSL MemTotal-MemAvailable fallback,0,19495901,1219,4,,
2266.035,30728.0,76041768,WSL MemTotal-MemAvailable fallback,0,19495901,1219,4,,
2267.073,30728.0,76044024,WSL MemTotal-MemAvailable fallback,0,19495901,1219,4,,
2268.11,30728.0,76047612,WSL MemTotal-MemAvailable fallback,0,19495903,1219,4,,
2269.149,30728.0,76045124,WSL MemTotal-MemAvailable fallback,0,19495903,1219,4,,
2270.195,30728.0,76047448,WSL MemTotal-MemAvailable fallback,0,19495903,1219,4,,
2271.229,30729.0,76048808,WSL MemTotal-MemAvailable fallback,0,19495904,1219,4,,
2272.27,30728.0,76056016,WSL MemTotal-MemAvailable fallback,0,19495904,1219,4,,
2273.303,30729.0,76061044,WSL MemTotal-MemAvailable fallback,0,19495904,1219,4,,
2274.342,30728.0,76048640,WSL MemTotal-MemAvailable fallback,0,19495905,1219,4,,
2275.38,30728.0,76047208,WSL MemTotal-MemAvailable fallback,0,19495905,1219,4,,
2276.423,30728.0,76026496,WSL MemTotal-MemAvailable fallback,0,19495905,1219,4,,
2277.462,30728.0,76023440,WSL MemTotal-MemAvailable fallback,0,19495905,1219,4,,
2278.498,30728.0,76030828,WSL MemTotal-MemAvailable fallback,0,19495906,1219,4,,
2279.539,30728.0,76030244,WSL MemTotal-MemAvailable fallback,0,19495906,1219,4,,
2280.579,30728.0,76032124,WSL MemTotal-MemAvailable fallback,0,19495906,1219,4,,
2281.639,30728.0,76032000,WSL MemTotal-MemAvailable fallback,0,19495907,1219,4,,
2282.679,30739.0,76020828,WSL MemTotal-MemAvailable fallback,0,19495907,1219,4,,
2283.718,30739.0,76020752,WSL MemTotal-MemAvailable fallback,0,19495907,1219,4,,
2284.756,30739.0,76015948,WSL MemTotal-MemAvailable fallback,0,19495907,1219,4,,
2285.791,30739.0,76024444,WSL MemTotal-MemAvailable fallback,0,19495909,1219,4,,
2286.832,30739.0,76025512,WSL MemTotal-MemAvailable fallback,0,19495909,1219,4,,
2287.879,30728.0,76032600,WSL MemTotal-MemAvailable fallback,0,19495909,1219,4,,
2288.918,30728.0,76035832,WSL MemTotal-MemAvailable fallback,0,19495909,1219,4,,
2289.956,30728.0,76038000,WSL MemTotal-MemAvailable fallback,0,19495910,1219,4,,
2290.997,30728.0,76022916,WSL MemTotal-MemAvailable fallback,0,19495910,1219,4,,
2292.03,30728.0,76014048,WSL MemTotal-MemAvailable fallback,0,19495910,1219,4,,
2293.07,30728.0,76011972,WSL MemTotal-MemAvailable fallback,0,19495910,1219,4,,
2294.11,30728.0,76012732,WSL MemTotal-MemAvailable fallback,0,19495911,1219,4,,
2295.15,30728.0,76016160,WSL MemTotal-MemAvailable fallback,0,19495912,1219,4,,
2296.195,30728.0,76017492,WSL MemTotal-MemAvailable fallback,0,19495912,1219,4,,
2297.236,30728.0,76011960,WSL MemTotal-MemAvailable fallback,0,19495912,1219,4,,
2298.275,30728.0,76013568,WSL MemTotal-MemAvailable fallback,0,19495913,1219,4,,
2299.312,30728.0,76015776,WSL MemTotal-MemAvailable fallback,0,19495913,1219,4,,
2300.346,30728.0,76020452,WSL MemTotal-MemAvailable fallback,0,19495913,1219,4,,
2301.386,30728.0,76042584,WSL MemTotal-MemAvailable fallback,0,19495913,1219,4,,
2302.425,30728.0,76040416,WSL MemTotal-MemAvailable fallback,0,19495914,1219,4,,
2303.467,30728.0,76021004,WSL MemTotal-MemAvailable fallback,0,19495914,1219,4,,
2304.504,30728.0,76020952,WSL MemTotal-MemAvailable fallback,0,19495914,1219,4,,
2305.544,30728.0,76013668,WSL MemTotal-MemAvailable fallback,0,19495916,1219,4,,
2306.58,30728.0,76014292,WSL MemTotal-MemAvailable fallback,0,19495916,1219,4,,
2307.627,30728.0,76022840,WSL MemTotal-MemAvailable fallback,0,19495916,1219,4,,
2308.666,30728.0,76018436,WSL MemTotal-MemAvailable fallback,0,19495916,1219,4,,
2309.703,30728.0,76019852,WSL MemTotal-MemAvailable fallback,0,19495917,1219,4,,
2310.745,30728.0,76016724,WSL MemTotal-MemAvailable fallback,0,19495917,1219,4,,
2311.786,30728.0,76017316,WSL MemTotal-MemAvailable fallback,0,19495918,1219,4,,
2312.828,30728.0,76015260,WSL MemTotal-MemAvailable fallback,0,19495918,1219,4,,
2313.865,30728.0,76015316,WSL MemTotal-MemAvailable fallback,0,19495919,1219,4,,
2314.904,30728.0,76021148,WSL MemTotal-MemAvailable fallback,0,19495920,1219,4,,
2315.948,30739.0,76021804,WSL MemTotal-MemAvailable fallback,0,19495920,1219,4,,
2316.984,30739.0,76035692,WSL MemTotal-MemAvailable fallback,0,19495920,1219,4,,
2318.025,30739.0,76036628,WSL MemTotal-MemAvailable fallback,0,19495920,1219,4,,
2319.065,30739.0,76038844,WSL MemTotal-MemAvailable fallback,0,19495921,1219,4,,
2320.102,30739.0,76036552,WSL MemTotal-MemAvailable fallback,0,19495921,1219,4,,
2321.146,30728.0,76037976,WSL MemTotal-MemAvailable fallback,0,19495921,1219,4,,
2322.188,30728.0,76029476,WSL MemTotal-MemAvailable fallback,0,19495921,1219,4,,
2323.228,30728.0,76032744,WSL MemTotal-MemAvailable fallback,0,19495923,1219,4,,
2324.269,30728.0,76041712,WSL MemTotal-MemAvailable fallback,0,19495923,1219,4,,
2325.306,30728.0,76029788,WSL MemTotal-MemAvailable fallback,0,19495923,1219,4,,
2326.342,30728.0,76029212,WSL MemTotal-MemAvailable fallback,0,19495923,1219,4,,
2327.387,30728.0,76028504,WSL MemTotal-MemAvailable fallback,0,19495924,1219,4,,
2328.427,30728.0,76023848,WSL MemTotal-MemAvailable fallback,0,19495924,1219,4,,
2329.476,30728.0,76027272,WSL MemTotal-MemAvailable fallback,0,19495924,1219,4,,
2330.515,30728.0,76022464,WSL MemTotal-MemAvailable fallback,0,19495924,1219,4,,
2331.549,30728.0,76028188,WSL MemTotal-MemAvailable fallback,0,19495924,1219,4,,
2332.591,30728.0,76020936,WSL MemTotal-MemAvailable fallback,0,19495926,1219,4,,
2333.63,30728.0,76017804,WSL MemTotal-MemAvailable fallback,0,19495926,1219,4,,
2334.668,30728.0,76015040,WSL MemTotal-MemAvailable fallback,0,19495926,1219,4,,
2335.709,30728.0,76011368,WSL MemTotal-MemAvailable fallback,0,19495926,1219,4,,
2336.763,30728.0,76097748,WSL MemTotal-MemAvailable fallback,0,19495926,1219,4,,
2337.797,30728.0,76112316,WSL MemTotal-MemAvailable fallback,0,19495926,1219,4,,
2338.841,30728.0,76082412,WSL MemTotal-MemAvailable fallback,0,19525285,1219,4,,
2339.874,30728.0,76089356,WSL MemTotal-MemAvailable fallback,0,19525285,1219,4,,
2340.915,30728.0,76092068,WSL MemTotal-MemAvailable fallback,0,19525285,1219,4,,
2341.956,30728.0,76087840,WSL MemTotal-MemAvailable fallback,0,19525285,1219,4,,
2343.002,30728.0,76082720,WSL MemTotal-MemAvailable fallback,0,19525285,1219,4,,
2344.053,30728.0,76076964,WSL MemTotal-MemAvailable fallback,0,19525285,1219,4,,
2345.098,30728.0,76079196,WSL MemTotal-MemAvailable fallback,0,19525285,1219,4,,
2346.134,30728.0,76076932,WSL MemTotal-MemAvailable fallback,0,19525285,1219,4,,
2347.17,30739.0,76070428,WSL MemTotal-MemAvailable fallback,0,19525285,1219,4,,
2348.207,30739.0,76067468,WSL MemTotal-MemAvailable fallback,0,19525285,1219,4,,
2349.247,30739.0,76066136,WSL MemTotal-MemAvailable fallback,0,19525285,1219,4,,
2350.287,30739.0,76068096,WSL MemTotal-MemAvailable fallback,0,19525285,1219,4,,
2351.332,30739.0,76063004,WSL MemTotal-MemAvailable fallback,0,19525285,1219,4,,
2352.38,30739.0,76065040,WSL MemTotal-MemAvailable fallback,0,19525285,1219,4,,
2353.427,30739.0,76062916,WSL MemTotal-MemAvailable fallback,0,19525285,1219,4,,
2354.47,30739.0,76063704,WSL MemTotal-MemAvailable fallback,0,19525285,1219,4,,
2355.509,30739.0,76065240,WSL MemTotal-MemAvailable fallback,0,19525285,1219,4,,
2356.551,30739.0,76062752,WSL MemTotal-MemAvailable fallback,0,19525285,1219,4,,
2357.595,30739.0,76057856,WSL MemTotal-MemAvailable fallback,0,19525285,1219,4,,
2358.635,30739.0,76060516,WSL MemTotal-MemAvailable fallback,0,19525285,1219,4,,
2359.67,30739.0,76048836,WSL MemTotal-MemAvailable fallback,0,19525285,1219,4,,
2360.709,30739.0,76053568,WSL MemTotal-MemAvailable fallback,0,19525285,1219,4,,
2361.746,30739.0,76049216,WSL MemTotal-MemAvailable fallback,0,19525285,1219,4,,
2362.784,30739.0,76061444,WSL MemTotal-MemAvailable fallback,0,19525285,1219,4,,
2363.821,30739.0,76049372,WSL MemTotal-MemAvailable fallback,0,19525285,1219,4,,
2364.864,30739.0,76046600,WSL MemTotal-MemAvailable fallback,0,19525285,1219,4,,
2365.901,30739.0,76050492,WSL MemTotal-MemAvailable fallback,0,19525285,1219,4,,
2366.948,30739.0,76044784,WSL MemTotal-MemAvailable fallback,0,19525285,1219,4,,
2367.987,30739.0,76043260,WSL MemTotal-MemAvailable fallback,0,19525285,1219,4,,
2369.021,30739.0,76045872,WSL MemTotal-MemAvailable fallback,0,19525285,1219,4,,
2370.06,30741.0,76054884,WSL MemTotal-MemAvailable fallback,0,19525285,1219,4,,
2371.101,30740.0,76055980,WSL MemTotal-MemAvailable fallback,0,19525285,1219,4,,
2372.136,30740.0,76051128,WSL MemTotal-MemAvailable fallback,0,19525285,1219,4,,
2373.169,30740.0,76046676,WSL MemTotal-MemAvailable fallback,0,19525285,1219,4,,
2374.204,30740.0,76043840,WSL MemTotal-MemAvailable fallback,0,19525285,1219,4,,
2375.243,30730.0,76044348,WSL MemTotal-MemAvailable fallback,0,19525285,1219,4,,
2376.285,30723.0,76044836,WSL MemTotal-MemAvailable fallback,0,19525285,1219,4,,
2377.318,30723.0,76045704,WSL MemTotal-MemAvailable fallback,0,19525285,1219,4,,
2378.361,30723.0,76048140,WSL MemTotal-MemAvailable fallback,0,19525285,1219,4,,
2379.397,30723.0,76051336,WSL MemTotal-MemAvailable fallback,0,19525285,1219,4,,
2380.43,30723.0,76052716,WSL MemTotal-MemAvailable fallback,0,19525285,1219,4,,
2381.466,30723.0,76054736,WSL MemTotal-MemAvailable fallback,0,19525285,1219,4,,
2382.5,30723.0,76048928,WSL MemTotal-MemAvailable fallback,0,19525285,1219,4,,
2383.536,30723.0,76052564,WSL MemTotal-MemAvailable fallback,0,19525285,1219,4,,
2384.573,30718.0,76047612,WSL MemTotal-MemAvailable fallback,0,19525285,1219,4,,
2385.616,30718.0,76046704,WSL MemTotal-MemAvailable fallback,0,19525285,1219,4,,
2386.664,30718.0,76043108,WSL MemTotal-MemAvailable fallback,0,19525285,1219,4,,
2387.704,30723.0,76046056,WSL MemTotal-MemAvailable fallback,0,19525285,1219,4,,
2388.751,30723.0,76046800,WSL MemTotal-MemAvailable fallback,0,19525285,1219,4,,
2389.789,30723.0,76047956,WSL MemTotal-MemAvailable fallback,0,19525285,1219,4,,
2390.83,30724.0,76046060,WSL MemTotal-MemAvailable fallback,0,19525285,1219,4,,
2391.869,30723.0,76051588,WSL MemTotal-MemAvailable fallback,0,19525285,1219,4,,
2392.901,30724.0,76042588,WSL MemTotal-MemAvailable fallback,0,19525285,1219,4,,
2393.942,30724.0,76040656,WSL MemTotal-MemAvailable fallback,0,19525285,1219,4,,
2394.979,30723.0,76042484,WSL MemTotal-MemAvailable fallback,0,19525285,1219,4,,
2396.014,30718.0,76041952,WSL MemTotal-MemAvailable fallback,0,19525285,1219,4,,
2397.047,30718.0,76047016,WSL MemTotal-MemAvailable fallback,0,19525285,1219,4,,
2398.082,30718.0,76043332,WSL MemTotal-MemAvailable fallback,0,19525285,1219,4,,
2399.125,30718.0,76041000,WSL MemTotal-MemAvailable fallback,0,19525285,1219,4,,
2400.167,30718.0,76042532,WSL MemTotal-MemAvailable fallback,0,19525285,1219,4,,
2401.209,30718.0,76042396,WSL MemTotal-MemAvailable fallback,0,19525285,1219,4,,
2402.251,30718.0,76043436,WSL MemTotal-MemAvailable fallback,0,19525285,1219,4,,
2403.284,30718.0,76046956,WSL MemTotal-MemAvailable fallback,0,19525285,1219,4,,
2404.317,30718.0,76044356,WSL MemTotal-MemAvailable fallback,0,19525285,1219,4,,
2405.351,30718.0,76047668,WSL MemTotal-MemAvailable fallback,0,19525285,1219,4,,
2406.388,30718.0,76047860,WSL MemTotal-MemAvailable fallback,0,19525285,1219,4,,
2407.424,30718.0,76037528,WSL MemTotal-MemAvailable fallback,0,19525285,1219,4,,
2408.457,30718.0,76044232,WSL MemTotal-MemAvailable fallback,0,19525285,1219,4,,
2409.494,30718.0,76045020,WSL MemTotal-MemAvailable fallback,0,19525285,1219,4,,
2410.528,30718.0,76041772,WSL MemTotal-MemAvailable fallback,0,19525285,1219,4,,
2411.562,30723.0,76039660,WSL MemTotal-MemAvailable fallback,0,19525285,1219,4,,
2412.6,30723.0,76042376,WSL MemTotal-MemAvailable fallback,0,19525285,1219,4,,
2413.642,30723.0,76034960,WSL MemTotal-MemAvailable fallback,0,19525285,1219,4,,
2414.681,30723.0,76042256,WSL MemTotal-MemAvailable fallback,0,19525285,1219,4,,
2415.72,30723.0,76036732,WSL MemTotal-MemAvailable fallback,0,19525285,1219,4,,
2416.757,30718.0,76036876,WSL MemTotal-MemAvailable fallback,0,19525285,1219,4,,
2417.797,30718.0,76035292,WSL MemTotal-MemAvailable fallback,0,19525285,1219,4,,
2418.848,30724.0,76036680,WSL MemTotal-MemAvailable fallback,0,19525285,1219,4,,
2419.891,30723.0,76041628,WSL MemTotal-MemAvailable fallback,0,19525285,1219,4,,
2420.933,30723.0,76046624,WSL MemTotal-MemAvailable fallback,0,19525285,1219,4,,
2421.981,30723.0,76047468,WSL MemTotal-MemAvailable fallback,0,19525285,1219,4,,
2423.018,30723.0,76041600,WSL MemTotal-MemAvailable fallback,0,19525285,1219,4,,
2424.053,30718.0,76057112,WSL MemTotal-MemAvailable fallback,0,19525285,1219,4,,
2425.087,30718.0,76052764,WSL MemTotal-MemAvailable fallback,0,19525285,1219,4,,
2426.131,30718.0,76051084,WSL MemTotal-MemAvailable fallback,0,19525285,1219,4,,
2427.164,30718.0,76047332,WSL MemTotal-MemAvailable fallback,0,19525285,1219,4,,
2428.198,30718.0,76039828,WSL MemTotal-MemAvailable fallback,0,19525285,1219,4,,
2429.24,30718.0,76039888,WSL MemTotal-MemAvailable fallback,0,19525285,1219,4,,
2430.275,30718.0,76035388,WSL MemTotal-MemAvailable fallback,0,19525285,1219,4,,
2431.311,30718.0,76051424,WSL MemTotal-MemAvailable fallback,0,19525285,1219,4,,
2432.36,30718.0,76067296,WSL MemTotal-MemAvailable fallback,0,19525285,1219,4,,
2433.399,30718.0,76075092,WSL MemTotal-MemAvailable fallback,0,19525285,1219,4,,
2434.433,30718.0,76060728,WSL MemTotal-MemAvailable fallback,0,19525285,1219,4,,
2435.48,30718.0,76048480,WSL MemTotal-MemAvailable fallback,0,19525285,1219,4,,
2436.52,30724.0,76045412,WSL MemTotal-MemAvailable fallback,0,19525285,1219,4,,
2437.557,30724.0,76040736,WSL MemTotal-MemAvailable fallback,0,19525285,1219,4,,
2438.593,30724.0,76044224,WSL MemTotal-MemAvailable fallback,0,19525285,1219,4,,
2439.638,30724.0,76037160,WSL MemTotal-MemAvailable fallback,0,19525285,1219,4,,
2440.68,30724.0,76033900,WSL MemTotal-MemAvailable fallback,0,19525285,1219,4,,
2441.729,30724.0,76034660,WSL MemTotal-MemAvailable fallback,0,19525285,1219,4,,
2442.774,30724.0,76035156,WSL MemTotal-MemAvailable fallback,0,19525285,1219,4,,
2443.833,30723.0,76036704,WSL MemTotal-MemAvailable fallback,0,19525285,1219,4,,
2444.878,30724.0,76035904,WSL MemTotal-MemAvailable fallback,0,19525285,1219,4,,
2445.914,30724.0,76032436,WSL MemTotal-MemAvailable fallback,0,19525285,1219,4,,
2446.953,30718.0,76043132,WSL MemTotal-MemAvailable fallback,0,19525285,1219,4,,
2447.996,30718.0,76040876,WSL MemTotal-MemAvailable fallback,0,19525285,1219,4,,
2449.055,30718.0,76043268,WSL MemTotal-MemAvailable fallback,0,19525285,1219,4,,
2450.113,30718.0,76041300,WSL MemTotal-MemAvailable fallback,0,19525285,1219,4,,
2451.17,30718.0,76047324,WSL MemTotal-MemAvailable fallback,0,19525285,1219,4,,
2452.217,30718.0,76045128,WSL MemTotal-MemAvailable fallback,0,19525285,1219,4,,
2453.262,30718.0,76042128,WSL MemTotal-MemAvailable fallback,0,19525285,1219,4,,
2454.306,30718.0,76043396,WSL MemTotal-MemAvailable fallback,0,19525285,1219,4,,
2455.347,30718.0,76047752,WSL MemTotal-MemAvailable fallback,0,19525285,1219,4,,
2456.386,30718.0,76046008,WSL MemTotal-MemAvailable fallback,0,19525285,1219,4,,
2457.42,30718.0,76041608,WSL MemTotal-MemAvailable fallback,0,19525285,1219,4,,
2458.453,30718.0,76044344,WSL MemTotal-MemAvailable fallback,0,19525285,1219,4,,
2459.487,30723.0,76035212,WSL MemTotal-MemAvailable fallback,0,19525285,1219,4,,
2460.52,30723.0,76041084,WSL MemTotal-MemAvailable fallback,0,19525285,1219,4,,
2461.562,30723.0,76041712,WSL MemTotal-MemAvailable fallback,0,19525285,1219,4,,
2462.601,30723.0,76041272,WSL MemTotal-MemAvailable fallback,0,19525285,1219,4,,
2463.643,30723.0,76042980,WSL MemTotal-MemAvailable fallback,0,19525285,1219,4,,
2464.688,30718.0,76041972,WSL MemTotal-MemAvailable fallback,0,19525285,1219,4,,
2465.721,30718.0,76037972,WSL MemTotal-MemAvailable fallback,0,19525285,1219,4,,
2466.76,30718.0,76041080,WSL MemTotal-MemAvailable fallback,0,19525285,1219,4,,
2467.792,30718.0,76041196,WSL MemTotal-MemAvailable fallback,0,19525285,1219,4,,
2468.835,30718.0,76039892,WSL MemTotal-MemAvailable fallback,0,19525285,1219,4,,
2469.88,30718.0,76034716,WSL MemTotal-MemAvailable fallback,0,19525285,1219,4,,
2470.923,30718.0,76038752,WSL MemTotal-MemAvailable fallback,0,19525285,1219,4,,
2471.96,30718.0,76055836,WSL MemTotal-MemAvailable fallback,0,19525285,1219,4,,
2473.0,30718.0,76048016,WSL MemTotal-MemAvailable fallback,0,19525285,1219,4,,
2474.043,30718.0,76049156,WSL MemTotal-MemAvailable fallback,0,19525285,1219,4,,
2475.088,30718.0,76032676,WSL MemTotal-MemAvailable fallback,0,19525285,1219,4,,
2476.134,30718.0,76034796,WSL MemTotal-MemAvailable fallback,0,19525285,1219,4,,
2477.176,30718.0,76033032,WSL MemTotal-MemAvailable fallback,0,19525285,1219,4,,
2478.218,30718.0,76035360,WSL MemTotal-MemAvailable fallback,0,19525285,1219,4,,
2479.253,30718.0,76034140,WSL MemTotal-MemAvailable fallback,0,19525285,1219,4,,
2480.298,30717.0,76036976,WSL MemTotal-MemAvailable fallback,0,19525285,1219,4,,
2481.341,30717.0,76035016,WSL MemTotal-MemAvailable fallback,0,19525285,1219,4,,
2482.374,30717.0,76031632,WSL MemTotal-MemAvailable fallback,0,19525285,1219,4,,
2483.408,30722.0,76034740,WSL MemTotal-MemAvailable fallback,0,19525285,1219,4,,
2484.446,30722.0,76034340,WSL MemTotal-MemAvailable fallback,0,19525285,1219,4,,
2485.48,30722.0,76031656,WSL MemTotal-MemAvailable fallback,0,19525285,1219,4,,
2486.529,30722.0,76032104,WSL MemTotal-MemAvailable fallback,0,19525285,1219,4,,
2487.564,30722.0,76028660,WSL MemTotal-MemAvailable fallback,0,19525285,1219,4,,
2488.605,30717.0,76032160,WSL MemTotal-MemAvailable fallback,0,19525285,1219,4,,
2489.646,30717.0,76035284,WSL MemTotal-MemAvailable fallback,0,19525285,1219,4,,
2490.684,30717.0,76033684,WSL MemTotal-MemAvailable fallback,0,19525285,1219,4,,
2491.725,30717.0,76036516,WSL MemTotal-MemAvailable fallback,0,19525285,1219,4,,
2492.77,30717.0,76043916,WSL MemTotal-MemAvailable fallback,0,19525285,1219,4,,
2493.82,30717.0,76051272,WSL MemTotal-MemAvailable fallback,0,19525285,1219,4,,
2494.871,30717.0,76051820,WSL MemTotal-MemAvailable fallback,0,19525285,1219,4,,
2495.909,30722.0,76051376,WSL MemTotal-MemAvailable fallback,0,19525285,1219,4,,
2496.952,30722.0,76050260,WSL MemTotal-MemAvailable fallback,0,19525285,1219,4,,
2497.993,30722.0,76046744,WSL MemTotal-MemAvailable fallback,0,19525285,1219,4,,
2499.035,30722.0,76038656,WSL MemTotal-MemAvailable fallback,0,19525285,1219,4,,
2500.079,30722.0,76044540,WSL MemTotal-MemAvailable fallback,0,19525285,1219,4,,
2501.131,30717.0,76041284,WSL MemTotal-MemAvailable fallback,0,19525285,1219,4,,
2502.172,30717.0,76030560,WSL MemTotal-MemAvailable fallback,0,19525285,1219,4,,
2503.22,30722.0,76035696,WSL MemTotal-MemAvailable fallback,0,19525285,1219,4,,
2504.253,30722.0,76030720,WSL MemTotal-MemAvailable fallback,0,19525285,1219,4,,
2505.294,30722.0,76027612,WSL MemTotal-MemAvailable fallback,0,19525285,1219,4,,
2506.329,30722.0,76030720,WSL MemTotal-MemAvailable fallback,0,19525285,1219,4,,
2507.371,30722.0,76038772,WSL MemTotal-MemAvailable fallback,0,19525285,1219,4,,
2508.408,30722.0,76043424,WSL MemTotal-MemAvailable fallback,0,19525285,1219,4,,
2509.448,30722.0,76042144,WSL MemTotal-MemAvailable fallback,0,19525285,1219,4,,
2510.486,30722.0,76038576,WSL MemTotal-MemAvailable fallback,0,19525285,1219,4,,
2511.519,30722.0,76039280,WSL MemTotal-MemAvailable fallback,0,19525285,1219,4,,
2512.557,30722.0,76039560,WSL MemTotal-MemAvailable fallback,0,19525285,1219,4,,
2513.592,30722.0,76036076,WSL MemTotal-MemAvailable fallback,0,19525285,1219,4,,
2514.639,30722.0,76037012,WSL MemTotal-MemAvailable fallback,0,19525285,1219,4,,
2515.673,30722.0,76037688,WSL MemTotal-MemAvailable fallback,0,19525285,1219,4,,
2516.709,30717.0,76042720,WSL MemTotal-MemAvailable fallback,0,19525285,1219,4,,
2517.741,30717.0,76034224,WSL MemTotal-MemAvailable fallback,0,19525285,1219,4,,
2518.784,30717.0,76036864,WSL MemTotal-MemAvailable fallback,0,19525285,1219,4,,
2519.832,30722.0,76047640,WSL MemTotal-MemAvailable fallback,0,19525285,1219,4,,
2520.877,30722.0,76051736,WSL MemTotal-MemAvailable fallback,0,19525285,1219,4,,
2521.922,30722.0,76044388,WSL MemTotal-MemAvailable fallback,0,19525285,1219,4,,
2522.958,30722.0,76044952,WSL MemTotal-MemAvailable fallback,0,19525285,1219,4,,
2524.003,30716.0,76045740,WSL MemTotal-MemAvailable fallback,0,19525285,1219,4,,
2525.042,30716.0,76041944,WSL MemTotal-MemAvailable fallback,0,19525285,1219,4,,
2526.091,30716.0,76039172,WSL MemTotal-MemAvailable fallback,0,19525285,1219,4,,
2527.13,30716.0,76042964,WSL MemTotal-MemAvailable fallback,0,19525285,1219,4,,
2528.176,30716.0,76057512,WSL MemTotal-MemAvailable fallback,0,19525285,1219,4,,
2529.217,30717.0,76039116,WSL MemTotal-MemAvailable fallback,0,19525285,1219,4,,
2530.254,30717.0,76055140,WSL MemTotal-MemAvailable fallback,0,19525285,1219,4,,
2531.289,30722.0,76049092,WSL MemTotal-MemAvailable fallback,0,19525285,1219,4,,
2532.324,30722.0,76045292,WSL MemTotal-MemAvailable fallback,0,19525285,1219,4,,
2533.36,30722.0,76045852,WSL MemTotal-MemAvailable fallback,0,19525285,1219,4,,
2534.394,30722.0,76046056,WSL MemTotal-MemAvailable fallback,0,19525285,1219,4,,
2535.437,30722.0,76042444,WSL MemTotal-MemAvailable fallback,0,19525285,1219,4,,
2536.475,30723.0,76036760,WSL MemTotal-MemAvailable fallback,0,19525285,1219,4,,
2537.509,30723.0,76035992,WSL MemTotal-MemAvailable fallback,0,19525285,1219,4,,
2538.551,30723.0,76047504,WSL MemTotal-MemAvailable fallback,0,19525285,1219,4,,
2539.588,30723.0,76042880,WSL MemTotal-MemAvailable fallback,0,19525285,1219,4,,
2540.627,30723.0,76045740,WSL MemTotal-MemAvailable fallback,0,19525285,1219,4,,
2541.667,30717.0,76049996,WSL MemTotal-MemAvailable fallback,0,19525285,1219,4,,
2542.712,30717.0,76045188,WSL MemTotal-MemAvailable fallback,0,19525285,1219,4,,
2543.753,30717.0,76043104,WSL MemTotal-MemAvailable fallback,0,19525285,1219,4,,
2544.797,30717.0,76046712,WSL MemTotal-MemAvailable fallback,0,19525285,1219,4,,
2545.836,30717.0,76039112,WSL MemTotal-MemAvailable fallback,0,19525285,1219,4,,
2546.873,30717.0,76039392,WSL MemTotal-MemAvailable fallback,0,19525285,1219,4,,
2547.906,30717.0,76045084,WSL MemTotal-MemAvailable fallback,0,19525285,1219,4,,
2548.939,30717.0,76045460,WSL MemTotal-MemAvailable fallback,0,19525285,1219,4,,
2549.973,30717.0,76047728,WSL MemTotal-MemAvailable fallback,0,19525285,1219,4,,
2551.008,30717.0,76046864,WSL MemTotal-MemAvailable fallback,0,19525285,1219,4,,
2552.052,30717.0,76036876,WSL MemTotal-MemAvailable fallback,0,19525285,1219,4,,
2553.086,30717.0,76044912,WSL MemTotal-MemAvailable fallback,0,19525285,1219,4,,
2554.131,30717.0,76043044,WSL MemTotal-MemAvailable fallback,0,19525285,1219,4,,
2555.168,30723.0,76031544,WSL MemTotal-MemAvailable fallback,0,19525285,1219,4,,
2556.211,30722.0,76034568,WSL MemTotal-MemAvailable fallback,0,19525285,1219,4,,
2557.26,30722.0,76027512,WSL MemTotal-MemAvailable fallback,0,19525285,1219,4,,
2558.311,30722.0,76030856,WSL MemTotal-MemAvailable fallback,0,19525285,1219,4,,
2559.356,30722.0,76046228,WSL MemTotal-MemAvailable fallback,0,19525285,1219,4,,
2560.392,30717.0,76040432,WSL MemTotal-MemAvailable fallback,0,19525285,1219,4,,
2561.433,30717.0,76043012,WSL MemTotal-MemAvailable fallback,0,19525285,1219,4,,
2562.474,30717.0,76037180,WSL MemTotal-MemAvailable fallback,0,19525285,1219,4,,
2563.515,30717.0,76036524,WSL MemTotal-MemAvailable fallback,0,19525285,1219,4,,
2564.558,30717.0,76039320,WSL MemTotal-MemAvailable fallback,0,19525285,1219,4,,
2565.595,30717.0,76040328,WSL MemTotal-MemAvailable fallback,0,19525285,1219,4,,
2566.629,30717.0,76039880,WSL MemTotal-MemAvailable fallback,0,19525285,1219,4,,
2567.663,30723.0,76037432,WSL MemTotal-MemAvailable fallback,0,19525285,1219,4,,
2568.697,30723.0,76033600,WSL MemTotal-MemAvailable fallback,0,19525285,1219,4,,
2569.73,30723.0,76036876,WSL MemTotal-MemAvailable fallback,0,19525285,1219,4,,
2570.768,30723.0,76026608,WSL MemTotal-MemAvailable fallback,0,19525285,1219,4,,
2571.803,30723.0,76031676,WSL MemTotal-MemAvailable fallback,0,19525285,1219,4,,
2572.836,30717.0,76030936,WSL MemTotal-MemAvailable fallback,0,19525285,1219,4,,
2573.871,30717.0,76032776,WSL MemTotal-MemAvailable fallback,0,19525285,1219,4,,
2574.904,30717.0,76036964,WSL MemTotal-MemAvailable fallback,0,19525285,1219,4,,
2575.941,30717.0,76034280,WSL MemTotal-MemAvailable fallback,0,19525285,1219,4,,
2576.974,30717.0,76038928,WSL MemTotal-MemAvailable fallback,0,19525285,1219,4,,
2578.012,30717.0,76036700,WSL MemTotal-MemAvailable fallback,0,19525285,1219,4,,
2579.046,30723.0,76038056,WSL MemTotal-MemAvailable fallback,0,19525285,1219,4,,
2580.087,30723.0,76053632,WSL MemTotal-MemAvailable fallback,0,19525285,1219,4,,
2581.13,30723.0,76037548,WSL MemTotal-MemAvailable fallback,0,19525285,1219,4,,
2582.167,30723.0,76045088,WSL MemTotal-MemAvailable fallback,0,19525285,1219,4,,
2583.21,30723.0,76049120,WSL MemTotal-MemAvailable fallback,0,19525285,1219,4,,
2584.249,30723.0,76042368,WSL MemTotal-MemAvailable fallback,0,19525285,1219,4,,
2585.294,30723.0,76045740,WSL MemTotal-MemAvailable fallback,0,19525285,1219,4,,
2586.334,30722.0,76043388,WSL MemTotal-MemAvailable fallback,0,19525285,1219,4,,
2587.39,30723.0,76032820,WSL MemTotal-MemAvailable fallback,0,19525285,1219,4,,
2588.427,30717.0,76038728,WSL MemTotal-MemAvailable fallback,0,19525285,1219,4,,
2589.469,30717.0,76030184,WSL MemTotal-MemAvailable fallback,0,19525285,1219,4,,
2590.504,30717.0,76032536,WSL MemTotal-MemAvailable fallback,0,19525285,1219,4,,
2591.548,30717.0,76037128,WSL MemTotal-MemAvailable fallback,0,19525285,1219,4,,
2592.59,30717.0,76035472,WSL MemTotal-MemAvailable fallback,0,19525285,1219,4,,
2593.625,30717.0,76037180,WSL MemTotal-MemAvailable fallback,0,19525285,1219,4,,
2594.659,30717.0,76036920,WSL MemTotal-MemAvailable fallback,0,19525285,1219,4,,
2595.692,30717.0,76037400,WSL MemTotal-MemAvailable fallback,0,19525285,1219,4,,
2596.736,30717.0,76033576,WSL MemTotal-MemAvailable fallback,0,19525285,1219,4,,
2597.777,30717.0,76034444,WSL MemTotal-MemAvailable fallback,0,19525285,1219,4,,
2598.813,30723.0,76031656,WSL MemTotal-MemAvailable fallback,0,19525285,1219,4,,
2599.852,30723.0,76036136,WSL MemTotal-MemAvailable fallback,0,19525285,1219,4,,
2600.885,30723.0,76039456,WSL MemTotal-MemAvailable fallback,0,19525285,1219,4,,
2601.929,30722.0,76042556,WSL MemTotal-MemAvailable fallback,0,19525285,1219,4,,
2602.977,30722.0,76031700,WSL MemTotal-MemAvailable fallback,0,19525285,1219,4,,
2604.025,30721.0,76032412,WSL MemTotal-MemAvailable fallback,0,19525285,1219,4,,
2605.065,30722.0,76034240,WSL MemTotal-MemAvailable fallback,0,19525285,1219,4,,
2606.114,30723.0,76036228,WSL MemTotal-MemAvailable fallback,0,19525285,1219,4,,
2607.162,30724.0,76034144,WSL MemTotal-MemAvailable fallback,0,19525285,1219,4,,
2608.204,30723.0,76040376,WSL MemTotal-MemAvailable fallback,0,19525285,1219,4,,
2609.248,30723.0,76041652,WSL MemTotal-MemAvailable fallback,0,19525285,1219,4,,
2610.307,30723.0,76035500,WSL MemTotal-MemAvailable fallback,0,19525285,1219,4,,
2611.349,30723.0,76038928,WSL MemTotal-MemAvailable fallback,0,19525285,1219,4,,
2612.387,30723.0,76039132,WSL MemTotal-MemAvailable fallback,0,19525285,1219,4,,
2613.421,30723.0,76032764,WSL MemTotal-MemAvailable fallback,0,19525285,1219,4,,
2614.454,30723.0,76025936,WSL MemTotal-MemAvailable fallback,0,19525285,1219,4,,
2615.492,30723.0,76038452,WSL MemTotal-MemAvailable fallback,0,19525285,1219,4,,
2616.526,30717.0,76038688,WSL MemTotal-MemAvailable fallback,0,19525285,1219,4,,
2617.568,30717.0,76028340,WSL MemTotal-MemAvailable fallback,0,19525285,1219,4,,
2618.613,30717.0,76033660,WSL MemTotal-MemAvailable fallback,0,19525285,1219,4,,
2619.655,30717.0,76029056,WSL MemTotal-MemAvailable fallback,0,19525285,1219,4,,
2620.704,30717.0,76031324,WSL MemTotal-MemAvailable fallback,0,19525285,1219,4,,
2621.74,30717.0,76034600,WSL MemTotal-MemAvailable fallback,0,19525285,1219,4,,
2622.78,30722.0,76038112,WSL MemTotal-MemAvailable fallback,0,19525285,1219,4,,
2623.823,30722.0,76040916,WSL MemTotal-MemAvailable fallback,0,19525285,1219,4,,
2624.863,30722.0,76038180,WSL MemTotal-MemAvailable fallback,0,19525285,1219,4,,
2625.899,30722.0,76038164,WSL MemTotal-MemAvailable fallback,0,19525285,1219,4,,
2626.949,30722.0,76043240,WSL MemTotal-MemAvailable fallback,0,19525285,1219,4,,
2627.985,30722.0,76041096,WSL MemTotal-MemAvailable fallback,0,19525285,1219,4,,
2629.024,30722.0,76037516,WSL MemTotal-MemAvailable fallback,0,19525285,1219,4,,
2630.071,30722.0,76038988,WSL MemTotal-MemAvailable fallback,0,19525285,1219,4,,
2631.111,30722.0,76039324,WSL MemTotal-MemAvailable fallback,0,19525285,1219,4,,
2632.152,30717.0,76051040,WSL MemTotal-MemAvailable fallback,0,19525285,1219,4,,
2633.188,30717.0,76040540,WSL MemTotal-MemAvailable fallback,0,19525285,1219,4,,
2634.224,30717.0,76048092,WSL MemTotal-MemAvailable fallback,0,19525285,1219,4,,
2635.262,30717.0,76049100,WSL MemTotal-MemAvailable fallback,0,19525285,1219,4,,
2636.295,30717.0,76046384,WSL MemTotal-MemAvailable fallback,0,19525285,1219,4,,
2637.332,30717.0,76042948,WSL MemTotal-MemAvailable fallback,0,19525285,1219,4,,
2638.369,30717.0,76042288,WSL MemTotal-MemAvailable fallback,0,19525285,1219,4,,
2639.404,30717.0,76046616,WSL MemTotal-MemAvailable fallback,0,19525285,1219,4,,
2640.442,30723.0,76043308,WSL MemTotal-MemAvailable fallback,0,19525285,1219,4,,
2641.479,30722.0,76042444,WSL MemTotal-MemAvailable fallback,0,19525285,1219,4,,
2642.517,30723.0,76047292,WSL MemTotal-MemAvailable fallback,0,19525285,1219,4,,
2643.558,30723.0,76050876,WSL MemTotal-MemAvailable fallback,0,19525285,1219,4,,
2644.595,30723.0,76051500,WSL MemTotal-MemAvailable fallback,0,19525285,1219,4,,
2645.636,30722.0,76047076,WSL MemTotal-MemAvailable fallback,0,19525285,1219,4,,
2646.677,30722.0,76048956,WSL MemTotal-MemAvailable fallback,0,19525285,1219,4,,
2647.716,30722.0,76047764,WSL MemTotal-MemAvailable fallback,0,19525285,1219,4,,
2648.755,30722.0,76055084,WSL MemTotal-MemAvailable fallback,0,19525285,1219,4,,
2649.812,30722.0,76054884,WSL MemTotal-MemAvailable fallback,0,19525285,1219,4,,
2650.852,30717.0,76054380,WSL MemTotal-MemAvailable fallback,0,19525285,1219,4,,
2651.896,30717.0,76052268,WSL MemTotal-MemAvailable fallback,0,19525285,1219,4,,
2652.932,30716.0,76044488,WSL MemTotal-MemAvailable fallback,0,19525285,1219,4,,
2653.968,30716.0,76043464,WSL MemTotal-MemAvailable fallback,0,19525285,1219,4,,
2655.005,30716.0,76040724,WSL MemTotal-MemAvailable fallback,0,19525285,1219,4,,
2656.04,30716.0,76038652,WSL MemTotal-MemAvailable fallback,0,19525285,1219,4,,
2657.078,30716.0,76040000,WSL MemTotal-MemAvailable fallback,0,19525285,1219,4,,
2658.11,30716.0,76055420,WSL MemTotal-MemAvailable fallback,0,19525285,1219,4,,
2659.143,30716.0,76053528,WSL MemTotal-MemAvailable fallback,0,19525285,1219,4,,
2660.176,30716.0,76054064,WSL MemTotal-MemAvailable fallback,0,19525285,1219,4,,
2661.209,30717.0,76049692,WSL MemTotal-MemAvailable fallback,0,19525285,1219,4,,
2662.244,30716.0,76047768,WSL MemTotal-MemAvailable fallback,0,19525285,1219,4,,
2663.279,30722.0,76050572,WSL MemTotal-MemAvailable fallback,0,19525285,1219,4,,
2664.32,30722.0,76051496,WSL MemTotal-MemAvailable fallback,0,19525285,1219,4,,
2665.365,30722.0,76066300,WSL MemTotal-MemAvailable fallback,0,19525285,1219,4,,
2666.404,30722.0,76063776,WSL MemTotal-MemAvailable fallback,0,19525285,1219,4,,
2667.445,30722.0,76071492,WSL MemTotal-MemAvailable fallback,0,19525285,1219,4,,
2668.488,30717.0,76058640,WSL MemTotal-MemAvailable fallback,0,19525285,1219,4,,
2669.531,30717.0,76049704,WSL MemTotal-MemAvailable fallback,0,19525285,1219,4,,
2670.567,30717.0,76050524,WSL MemTotal-MemAvailable fallback,0,19525285,1219,4,,
2671.601,30717.0,76043816,WSL MemTotal-MemAvailable fallback,0,19525285,1219,4,,
2672.641,30717.0,76048404,WSL MemTotal-MemAvailable fallback,0,19525285,1219,4,,
2673.674,30717.0,76043952,WSL MemTotal-MemAvailable fallback,0,19525285,1219,4,,
2674.711,30717.0,76044192,WSL MemTotal-MemAvailable fallback,0,19525285,1219,4,,
2675.751,30717.0,76051304,WSL MemTotal-MemAvailable fallback,0,19525285,1219,4,,
2676.795,30717.0,76054428,WSL MemTotal-MemAvailable fallback,0,19525285,1219,4,,
2677.833,30717.0,76052532,WSL MemTotal-MemAvailable fallback,0,19525285,1219,4,,
2678.878,30717.0,76054036,WSL MemTotal-MemAvailable fallback,0,19525285,1219,4,,
2679.911,30722.0,76054760,WSL MemTotal-MemAvailable fallback,0,19525285,1219,4,,
2680.948,30722.0,76049088,WSL MemTotal-MemAvailable fallback,0,19525285,1219,4,,
2681.989,30721.0,76047636,WSL MemTotal-MemAvailable fallback,0,19525285,1219,4,,
2683.026,30722.0,76043500,WSL MemTotal-MemAvailable fallback,0,19525285,1219,4,,
2684.08,30722.0,76034904,WSL MemTotal-MemAvailable fallback,0,19525285,1219,4,,
2685.115,30722.0,76043996,WSL MemTotal-MemAvailable fallback,0,19525285,1219,4,,
2686.155,30722.0,76039700,WSL MemTotal-MemAvailable fallback,0,19525285,1219,4,,
2687.191,30722.0,76040392,WSL MemTotal-MemAvailable fallback,0,19525285,1219,4,,
2688.233,30722.0,76036148,WSL MemTotal-MemAvailable fallback,0,19525285,1219,4,,
2689.273,30722.0,76034636,WSL MemTotal-MemAvailable fallback,0,19525285,1219,4,,
2690.319,30722.0,76039004,WSL MemTotal-MemAvailable fallback,0,19525285,1219,4,,
2691.359,30722.0,76047496,WSL MemTotal-MemAvailable fallback,0,19525285,1219,4,,
2692.399,30722.0,76049764,WSL MemTotal-MemAvailable fallback,0,19525285,1219,4,,
2693.433,30722.0,76051696,WSL MemTotal-MemAvailable fallback,0,19525285,1219,4,,
2694.467,30722.0,76048156,WSL MemTotal-MemAvailable fallback,0,19525285,1219,4,,
2695.509,30722.0,76051688,WSL MemTotal-MemAvailable fallback,0,19525285,1219,4,,
2696.548,30717.0,76047496,WSL MemTotal-MemAvailable fallback,0,19525285,1219,4,,
2697.592,30717.0,76045512,WSL MemTotal-MemAvailable fallback,0,19525285,1219,4,,
2698.632,30717.0,76060828,WSL MemTotal-MemAvailable fallback,0,19525285,1219,4,,
2699.671,30722.0,76054536,WSL MemTotal-MemAvailable fallback,0,19525285,1219,4,,
2700.712,30722.0,76049520,WSL MemTotal-MemAvailable fallback,0,19525285,1219,4,,
2701.753,30722.0,76046132,WSL MemTotal-MemAvailable fallback,0,19525285,1219,4,,
2702.791,30722.0,76045912,WSL MemTotal-MemAvailable fallback,0,19525285,1219,4,,
2703.836,30722.0,76044760,WSL MemTotal-MemAvailable fallback,0,19525285,1219,4,,
2704.87,30717.0,76041544,WSL MemTotal-MemAvailable fallback,0,19525285,1219,4,,
2705.905,30717.0,76044628,WSL MemTotal-MemAvailable fallback,0,19525285,1219,4,,
2706.939,30722.0,76046968,WSL MemTotal-MemAvailable fallback,0,19525285,1219,4,,
2707.981,30723.0,76045468,WSL MemTotal-MemAvailable fallback,0,19525285,1219,4,,
2709.019,30723.0,76048748,WSL MemTotal-MemAvailable fallback,0,19525285,1219,4,,
2710.063,30723.0,76047944,WSL MemTotal-MemAvailable fallback,0,19525285,1219,4,,
2711.105,30723.0,76046140,WSL MemTotal-MemAvailable fallback,0,19525285,1219,4,,
2712.138,30723.0,76055008,WSL MemTotal-MemAvailable fallback,0,19525285,1219,4,,
2713.187,30722.0,76039564,WSL MemTotal-MemAvailable fallback,0,19525285,1219,4,,
2714.226,30722.0,76042808,WSL MemTotal-MemAvailable fallback,0,19525285,1219,4,,
2715.278,30722.0,76059944,WSL MemTotal-MemAvailable fallback,0,19525285,1219,4,,
2716.323,30722.0,76076324,WSL MemTotal-MemAvailable fallback,0,19525285,1219,4,,
2717.368,30717.0,76077144,WSL MemTotal-MemAvailable fallback,0,19525285,1219,4,,
2718.402,30717.0,76070512,WSL MemTotal-MemAvailable fallback,0,19525285,1219,4,,
2719.447,30722.0,76065972,WSL MemTotal-MemAvailable fallback,0,19525285,1219,4,,
2720.481,30722.0,76061200,WSL MemTotal-MemAvailable fallback,0,19525285,1219,4,,
2721.514,30722.0,76057312,WSL MemTotal-MemAvailable fallback,0,19525285,1219,4,,
2722.547,30722.0,76054204,WSL MemTotal-MemAvailable fallback,0,19525285,1219,4,,
2723.58,30722.0,76038192,WSL MemTotal-MemAvailable fallback,0,19525285,1219,4,,
2724.631,30722.0,76035308,WSL MemTotal-MemAvailable fallback,0,19525285,1219,4,,
2725.673,30722.0,76039228,WSL MemTotal-MemAvailable fallback,0,19525285,1219,4,,
2726.722,30722.0,76039408,WSL MemTotal-MemAvailable fallback,0,19525285,1219,4,,
2727.757,30722.0,76029848,WSL MemTotal-MemAvailable fallback,0,19525285,1219,4,,
2728.797,30722.0,76033680,WSL MemTotal-MemAvailable fallback,0,19525285,1219,4,,
2729.831,30722.0,76035104,WSL MemTotal-MemAvailable fallback,0,19525285,1219,4,,
2730.874,30722.0,76024220,WSL MemTotal-MemAvailable fallback,0,19525285,1219,4,,
2731.912,30722.0,76029864,WSL MemTotal-MemAvailable fallback,0,19525285,1219,4,,
2732.945,30717.0,76028192,WSL MemTotal-MemAvailable fallback,0,19525285,1219,4,,
2733.981,30717.0,76032576,WSL MemTotal-MemAvailable fallback,0,19525285,1219,4,,
2735.028,30717.0,76036020,WSL MemTotal-MemAvailable fallback,0,19525285,1219,4,,
2736.062,30717.0,76035156,WSL MemTotal-MemAvailable fallback,0,19525285,1219,4,,
2737.109,30717.0,76037068,WSL MemTotal-MemAvailable fallback,0,19525285,1219,4,,
2738.159,30717.0,76035080,WSL MemTotal-MemAvailable fallback,0,19525285,1219,4,,
2739.199,30723.0,76035348,WSL MemTotal-MemAvailable fallback,0,19525285,1219,4,,
2740.244,30722.0,76035924,WSL MemTotal-MemAvailable fallback,0,19525285,1219,4,,
2741.301,30722.0,76040764,WSL MemTotal-MemAvailable fallback,0,19525285,1219,4,,
2742.354,30722.0,76056436,WSL MemTotal-MemAvailable fallback,0,19525285,1219,4,,
2743.394,30722.0,76055612,WSL MemTotal-MemAvailable fallback,0,19525285,1219,4,,
2744.433,30722.0,76052296,WSL MemTotal-MemAvailable fallback,0,19525285,1219,4,,
2745.471,30722.0,76067972,WSL MemTotal-MemAvailable fallback,0,19525285,1219,4,,
2746.505,30722.0,76055376,WSL MemTotal-MemAvailable fallback,0,19525285,1219,4,,
2747.541,30722.0,76052516,WSL MemTotal-MemAvailable fallback,0,19525285,1219,4,,
2748.575,30717.0,76041300,WSL MemTotal-MemAvailable fallback,0,19525285,1219,4,,
2749.608,30717.0,76042056,WSL MemTotal-MemAvailable fallback,0,19525285,1219,4,,
2750.656,30722.0,76048656,WSL MemTotal-MemAvailable fallback,0,19525285,1219,4,,
2751.694,30717.0,76049264,WSL MemTotal-MemAvailable fallback,0,19525285,1219,4,,
2752.734,30717.0,76046864,WSL MemTotal-MemAvailable fallback,0,19525285,1219,4,,
2753.774,30717.0,76050852,WSL MemTotal-MemAvailable fallback,0,19525285,1219,4,,
2754.813,30717.0,76066192,WSL MemTotal-MemAvailable fallback,0,19525285,1219,4,,
2755.863,30722.0,76079800,WSL MemTotal-MemAvailable fallback,0,19525285,1219,4,,
2756.897,30722.0,76062712,WSL MemTotal-MemAvailable fallback,0,19525285,1219,4,,
2757.93,30722.0,76058740,WSL MemTotal-MemAvailable fallback,0,19525285,1219,4,,
2758.972,30723.0,76061244,WSL MemTotal-MemAvailable fallback,0,19525285,1219,4,,
2760.006,30722.0,76059632,WSL MemTotal-MemAvailable fallback,0,19525285,1219,4,,
2761.048,30722.0,76062900,WSL MemTotal-MemAvailable fallback,0,19525285,1219,4,,
2762.084,30722.0,76058192,WSL MemTotal-MemAvailable fallback,0,19525285,1219,4,,
2763.139,30723.0,76058172,WSL MemTotal-MemAvailable fallback,0,19525285,1219,4,,
2764.175,30723.0,76065924,WSL MemTotal-MemAvailable fallback,0,19525285,1219,4,,
2765.221,30717.0,76058968,WSL MemTotal-MemAvailable fallback,0,19525285,1219,4,,
2766.26,30717.0,76050536,WSL MemTotal-MemAvailable fallback,0,19525285,1219,4,,
2767.298,30717.0,76056920,WSL MemTotal-MemAvailable fallback,0,19525285,1219,4,,
2768.333,30717.0,76057664,WSL MemTotal-MemAvailable fallback,0,19525285,1219,4,,
2769.367,30717.0,76051540,WSL MemTotal-MemAvailable fallback,0,19525285,1219,4,,
2770.409,30717.0,76047316,WSL MemTotal-MemAvailable fallback,0,19525285,1219,4,,
2771.452,30717.0,76047900,WSL MemTotal-MemAvailable fallback,0,19525285,1219,4,,
2772.485,30718.0,76051860,WSL MemTotal-MemAvailable fallback,0,19525285,1219,4,,
2773.526,30717.0,76047564,WSL MemTotal-MemAvailable fallback,0,19525285,1219,4,,
2774.569,30723.0,76047344,WSL MemTotal-MemAvailable fallback,0,19525285,1219,4,,
2775.617,30723.0,76043800,WSL MemTotal-MemAvailable fallback,0,19525285,1219,4,,
2776.655,30723.0,76046852,WSL MemTotal-MemAvailable fallback,0,19525285,1219,4,,
2777.699,30723.0,76045180,WSL MemTotal-MemAvailable fallback,0,19525285,1219,4,,
2778.734,30723.0,76048020,WSL MemTotal-MemAvailable fallback,0,19525285,1219,4,,
2779.766,30728.0,76045576,WSL MemTotal-MemAvailable fallback,0,19525285,1219,4,,
2780.802,30728.0,76041616,WSL MemTotal-MemAvailable fallback,0,19525285,1219,4,,
2781.847,30728.0,76041216,WSL MemTotal-MemAvailable fallback,0,19525285,1219,4,,
2782.892,30728.0,76043316,WSL MemTotal-MemAvailable fallback,0,19525285,1219,4,,
2783.937,30728.0,76043516,WSL MemTotal-MemAvailable fallback,0,19525285,1219,4,,
2784.985,30717.0,76046844,WSL MemTotal-MemAvailable fallback,0,19525285,1219,4,,
2786.034,30717.0,76042636,WSL MemTotal-MemAvailable fallback,0,19525285,1219,4,,
2787.081,30717.0,76045128,WSL MemTotal-MemAvailable fallback,0,19525285,1219,4,,
2788.121,30717.0,76049632,WSL MemTotal-MemAvailable fallback,0,19525285,1219,4,,
2789.173,30717.0,76046880,WSL MemTotal-MemAvailable fallback,0,19525285,1219,4,,
2790.212,30717.0,76049920,WSL MemTotal-MemAvailable fallback,0,19525285,1219,4,,
2791.254,30722.0,76047512,WSL MemTotal-MemAvailable fallback,0,19525285,1219,4,,
2792.304,30722.0,76056036,WSL MemTotal-MemAvailable fallback,0,19525285,1219,4,,
2793.341,30722.0,76063748,WSL MemTotal-MemAvailable fallback,0,19525285,1219,4,,
2794.381,30722.0,76064000,WSL MemTotal-MemAvailable fallback,0,19525285,1219,4,,
2795.431,30722.0,76062524,WSL MemTotal-MemAvailable fallback,0,19525285,1219,4,,
2796.466,30717.0,76061864,WSL MemTotal-MemAvailable fallback,0,19525285,1219,4,,
2797.501,30717.0,76068056,WSL MemTotal-MemAvailable fallback,0,19525285,1219,4,,
2798.544,30717.0,76052180,WSL MemTotal-MemAvailable fallback,0,19525285,1219,4,,
2799.584,30717.0,76047932,WSL MemTotal-MemAvailable fallback,0,19525285,1219,4,,
2800.635,30717.0,76053748,WSL MemTotal-MemAvailable fallback,0,19525285,1219,4,,
2801.673,30717.0,76046056,WSL MemTotal-MemAvailable fallback,0,19525285,1219,4,,
2802.713,30717.0,76046756,WSL MemTotal-MemAvailable fallback,0,19525285,1219,4,,
2803.752,30717.0,76045164,WSL MemTotal-MemAvailable fallback,0,19525285,1219,4,,
2804.785,30717.0,76041068,WSL MemTotal-MemAvailable fallback,0,19525285,1219,4,,
2805.826,30717.0,76042888,WSL MemTotal-MemAvailable fallback,0,19525285,1219,4,,
2806.868,30717.0,76047936,WSL MemTotal-MemAvailable fallback,0,19525285,1219,4,,
2807.915,30717.0,76047784,WSL MemTotal-MemAvailable fallback,0,19525285,1219,4,,
2808.952,30717.0,76049828,WSL MemTotal-MemAvailable fallback,0,19525285,1219,4,,
2810.002,30717.0,76045388,WSL MemTotal-MemAvailable fallback,0,19525285,1219,4,,
2811.043,30722.0,76047924,WSL MemTotal-MemAvailable fallback,0,19525285,1219,4,,
2812.085,30722.0,76055832,WSL MemTotal-MemAvailable fallback,0,19525285,1219,4,,
2813.128,30722.0,76058856,WSL MemTotal-MemAvailable fallback,0,19525285,1219,4,,
2814.162,30722.0,76054808,WSL MemTotal-MemAvailable fallback,0,19525285,1219,4,,
2815.2,30722.0,76056848,WSL MemTotal-MemAvailable fallback,0,19525285,1219,4,,
2816.238,30722.0,76054076,WSL MemTotal-MemAvailable fallback,0,19525285,1219,4,,
2817.278,30723.0,76057056,WSL MemTotal-MemAvailable fallback,0,19525285,1219,4,,
2818.316,30722.0,76058132,WSL MemTotal-MemAvailable fallback,0,19525285,1219,4,,
2819.361,30722.0,76073928,WSL MemTotal-MemAvailable fallback,0,19525285,1219,4,,
2820.399,30717.0,76061328,WSL MemTotal-MemAvailable fallback,0,19525285,1219,4,,
2821.432,30717.0,76074584,WSL MemTotal-MemAvailable fallback,0,19525285,1219,4,,
2822.469,30717.0,76080508,WSL MemTotal-MemAvailable fallback,0,19525285,1219,4,,
2823.51,30722.0,76075172,WSL MemTotal-MemAvailable fallback,0,19525285,1219,4,,
2824.545,30722.0,76076568,WSL MemTotal-MemAvailable fallback,0,19525285,1219,4,,
2825.591,30722.0,76081352,WSL MemTotal-MemAvailable fallback,0,19525285,1219,4,,
2826.629,30722.0,76079756,WSL MemTotal-MemAvailable fallback,0,19525285,1219,4,,
2827.679,30722.0,76074880,WSL MemTotal-MemAvailable fallback,0,19525285,1219,4,,
2828.715,30722.0,76068300,WSL MemTotal-MemAvailable fallback,0,19525285,1219,4,,
2829.749,30722.0,76070904,WSL MemTotal-MemAvailable fallback,0,19525285,1219,4,,
2830.788,30722.0,76070736,WSL MemTotal-MemAvailable fallback,0,19525285,1219,4,,
2831.831,30722.0,76061128,WSL MemTotal-MemAvailable fallback,0,19525285,1219,4,,
2832.867,30722.0,76056200,WSL MemTotal-MemAvailable fallback,0,19525285,1219,4,,
2833.901,30722.0,76059376,WSL MemTotal-MemAvailable fallback,0,19525285,1219,4,,
2834.936,30722.0,76062552,WSL MemTotal-MemAvailable fallback,0,19525285,1219,4,,
2835.971,30722.0,76052996,WSL MemTotal-MemAvailable fallback,0,19525285,1219,4,,
2837.009,30717.0,76057148,WSL MemTotal-MemAvailable fallback,0,19525285,1219,4,,
2838.053,30717.0,76053720,WSL MemTotal-MemAvailable fallback,0,19525285,1219,4,,
2839.092,30717.0,76058624,WSL MemTotal-MemAvailable fallback,0,19525285,1219,4,,
2840.13,30717.0,76055456,WSL MemTotal-MemAvailable fallback,0,19525285,1219,4,,
2841.175,30717.0,76054660,WSL MemTotal-MemAvailable fallback,0,19525285,1219,4,,
2842.22,30717.0,76054200,WSL MemTotal-MemAvailable fallback,0,19525285,1219,4,,
2843.26,30717.0,76060536,WSL MemTotal-MemAvailable fallback,0,19525285,1219,4,,
2844.293,30716.0,76075512,WSL MemTotal-MemAvailable fallback,0,19525285,1219,4,,
2845.325,30716.0,76072656,WSL MemTotal-MemAvailable fallback,0,19525285,1219,4,,
2846.364,30714.0,76068056,WSL MemTotal-MemAvailable fallback,0,19525285,1219,4,,
2847.404,30721.0,76069000,WSL MemTotal-MemAvailable fallback,0,19525285,1219,4,,
2848.439,30722.0,76055692,WSL MemTotal-MemAvailable fallback,0,19525285,1219,4,,
2849.475,30722.0,76054396,WSL MemTotal-MemAvailable fallback,0,19525285,1219,4,,
2850.521,30722.0,76053432,WSL MemTotal-MemAvailable fallback,0,19525285,1219,4,,
2851.555,30722.0,76046912,WSL MemTotal-MemAvailable fallback,0,19525285,1219,4,,
2852.604,30716.0,76050488,WSL MemTotal-MemAvailable fallback,0,19525285,1219,4,,
2853.644,30716.0,76048248,WSL MemTotal-MemAvailable fallback,0,19525285,1219,4,,
2854.693,30717.0,76048532,WSL MemTotal-MemAvailable fallback,0,19525285,1219,4,,
2855.745,30722.0,76046224,WSL MemTotal-MemAvailable fallback,0,19525285,1219,4,,
2856.794,30722.0,76043484,WSL MemTotal-MemAvailable fallback,0,19525285,1219,4,,
2857.835,30722.0,76042576,WSL MemTotal-MemAvailable fallback,0,19525285,1219,4,,
2858.871,30722.0,76047120,WSL MemTotal-MemAvailable fallback,0,19525285,1219,4,,
2859.909,30722.0,76045564,WSL MemTotal-MemAvailable fallback,0,19525285,1219,4,,
2860.952,30723.0,76033504,WSL MemTotal-MemAvailable fallback,0,19525285,1219,4,,
2861.999,30723.0,76037816,WSL MemTotal-MemAvailable fallback,0,19525285,1219,4,,
2863.038,30724.0,76035280,WSL MemTotal-MemAvailable fallback,0,19525285,1219,4,,
2864.081,30723.0,76037700,WSL MemTotal-MemAvailable fallback,0,19525285,1219,4,,
2865.135,30723.0,76038384,WSL MemTotal-MemAvailable fallback,0,19525285,1219,4,,
2866.172,30722.0,76055928,WSL MemTotal-MemAvailable fallback,0,19525285,1219,4,,
2867.211,30722.0,76043512,WSL MemTotal-MemAvailable fallback,0,19525285,1219,4,,
2868.25,30722.0,76058996,WSL MemTotal-MemAvailable fallback,0,19525285,1219,4,,
2869.293,30722.0,76055316,WSL MemTotal-MemAvailable fallback,0,19525285,1219,4,,
2870.333,30722.0,76049280,WSL MemTotal-MemAvailable fallback,0,19525285,1219,4,,
2871.368,30722.0,76051076,WSL MemTotal-MemAvailable fallback,0,19525285,1219,4,,
2872.4,30717.0,76047416,WSL MemTotal-MemAvailable fallback,0,19525285,1219,4,,
2873.435,30717.0,76050732,WSL MemTotal-MemAvailable fallback,0,19525285,1219,4,,
2874.469,30717.0,76050400,WSL MemTotal-MemAvailable fallback,0,19525285,1219,4,,
2875.507,30722.0,76049992,WSL MemTotal-MemAvailable fallback,0,19525285,1219,4,,
2876.54,30722.0,76045956,WSL MemTotal-MemAvailable fallback,0,19525285,1219,4,,
2877.573,30722.0,76043716,WSL MemTotal-MemAvailable fallback,0,19525285,1219,4,,
2878.608,30722.0,76044636,WSL MemTotal-MemAvailable fallback,0,19525285,1219,4,,
2879.648,30722.0,76039496,WSL MemTotal-MemAvailable fallback,0,19525285,1219,4,,
2880.694,30722.0,76043740,WSL MemTotal-MemAvailable fallback,0,19525285,1219,4,,
2881.735,30722.0,76046264,WSL MemTotal-MemAvailable fallback,0,19525285,1219,4,,
2882.783,30722.0,76041476,WSL MemTotal-MemAvailable fallback,0,19525285,1219,4,,
2883.824,30722.0,76044520,WSL MemTotal-MemAvailable fallback,0,19525285,1219,4,,
2884.86,30722.0,76061480,WSL MemTotal-MemAvailable fallback,0,19525285,1219,4,,
2885.904,30722.0,76062236,WSL MemTotal-MemAvailable fallback,0,19525285,1219,4,,
2886.938,30722.0,76058920,WSL MemTotal-MemAvailable fallback,0,19525285,1219,4,,
2887.978,30716.0,76055644,WSL MemTotal-MemAvailable fallback,0,19525285,1219,4,,
2889.013,30716.0,76054960,WSL MemTotal-MemAvailable fallback,0,19525285,1219,4,,
2890.049,30716.0,76052628,WSL MemTotal-MemAvailable fallback,0,19525285,1219,4,,
2891.098,30717.0,76055192,WSL MemTotal-MemAvailable fallback,0,19525285,1219,4,,
2892.135,30716.0,76056200,WSL MemTotal-MemAvailable fallback,0,19525285,1219,4,,
2893.179,30716.0,76051260,WSL MemTotal-MemAvailable fallback,0,19525285,1219,4,,
2894.214,30716.0,76050852,WSL MemTotal-MemAvailable fallback,0,19525285,1219,4,,
2895.252,30717.0,76050324,WSL MemTotal-MemAvailable fallback,0,19525285,1219,4,,
2896.301,30717.0,76051880,WSL MemTotal-MemAvailable fallback,0,19525285,1219,4,,
2897.349,30717.0,76044520,WSL MemTotal-MemAvailable fallback,0,19525285,1219,4,,
2898.389,30717.0,76038092,WSL MemTotal-MemAvailable fallback,0,19525285,1219,4,,
2899.423,30722.0,76037044,WSL MemTotal-MemAvailable fallback,0,19525285,1219,4,,
2900.463,30722.0,76036440,WSL MemTotal-MemAvailable fallback,0,19525285,1219,4,,
2901.497,30722.0,76034348,WSL MemTotal-MemAvailable fallback,0,19525285,1219,4,,
2902.536,30723.0,76032800,WSL MemTotal-MemAvailable fallback,0,19525286,1219,4,,
2903.569,30722.0,76030060,WSL MemTotal-MemAvailable fallback,0,19525286,1219,4,,
2904.609,30722.0,76029148,WSL MemTotal-MemAvailable fallback,0,19525286,1219,4,,
2905.643,30722.0,76045020,WSL MemTotal-MemAvailable fallback,0,19525288,1219,4,,
2906.68,30722.0,76040112,WSL MemTotal-MemAvailable fallback,0,19525288,1219,4,,
2907.72,30722.0,76041580,WSL MemTotal-MemAvailable fallback,0,19525288,1219,4,,
2908.754,30722.0,76057948,WSL MemTotal-MemAvailable fallback,0,19525288,1219,4,,
2909.791,30716.0,76054392,WSL MemTotal-MemAvailable fallback,0,19525288,1219,4,,
2910.834,30717.0,76061252,WSL MemTotal-MemAvailable fallback,0,19525288,1219,4,,
2911.874,30716.0,76056540,WSL MemTotal-MemAvailable fallback,0,19525288,1219,4,,
2912.909,30717.0,76057832,WSL MemTotal-MemAvailable fallback,0,19525288,1219,4,,
2913.943,30717.0,76047728,WSL MemTotal-MemAvailable fallback,0,19525288,1219,4,,
2914.979,30717.0,76048844,WSL MemTotal-MemAvailable fallback,0,19525288,1219,4,,
2916.017,30717.0,76045612,WSL MemTotal-MemAvailable fallback,0,19525288,1219,4,,
2917.053,30716.0,76040856,WSL MemTotal-MemAvailable fallback,0,19525288,1219,4,,
2918.087,30717.0,76037256,WSL MemTotal-MemAvailable fallback,0,19525288,1219,4,,
2919.125,30717.0,76043632,WSL MemTotal-MemAvailable fallback,0,19525288,1219,4,,
2920.174,30717.0,76051380,WSL MemTotal-MemAvailable fallback,0,19525288,1219,4,,
2921.22,30717.0,76066404,WSL MemTotal-MemAvailable fallback,0,19525288,1219,4,,
2922.262,30717.0,76059964,WSL MemTotal-MemAvailable fallback,0,19525288,1219,4,,
2923.302,30717.0,76067832,WSL MemTotal-MemAvailable fallback,0,19525288,1219,4,,
2924.34,30717.0,76073308,WSL MemTotal-MemAvailable fallback,0,19525288,1219,4,,
2925.374,30717.0,76066996,WSL MemTotal-MemAvailable fallback,0,19525288,1219,4,,
2926.416,30717.0,76061864,WSL MemTotal-MemAvailable fallback,0,19525288,1219,4,,
2927.464,30717.0,76050140,WSL MemTotal-MemAvailable fallback,0,19525288,1219,4,,
2928.501,30723.0,76045372,WSL MemTotal-MemAvailable fallback,0,19525288,1219,4,,
2929.535,30723.0,76048984,WSL MemTotal-MemAvailable fallback,0,19525288,1219,4,,
2930.569,30720.0,76062556,WSL MemTotal-MemAvailable fallback,0,19525288,1219,4,,
2931.608,30709.0,76053552,WSL MemTotal-MemAvailable fallback,0,19525288,1219,4,,
2932.644,30722.0,76050972,WSL MemTotal-MemAvailable fallback,0,19525288,1219,4,,
2933.678,30721.0,76030592,WSL MemTotal-MemAvailable fallback,0,19525288,1219,4,,
2934.714,30716.0,76037864,WSL MemTotal-MemAvailable fallback,0,19525288,1219,4,,
2935.751,30716.0,76024812,WSL MemTotal-MemAvailable fallback,0,19525288,1219,4,,
2936.789,30716.0,76031944,WSL MemTotal-MemAvailable fallback,0,19525288,1219,4,,
2937.827,30716.0,76034744,WSL MemTotal-MemAvailable fallback,0,19525288,1219,4,,
2938.862,30716.0,76039652,WSL MemTotal-MemAvailable fallback,0,19525288,1219,4,,
2939.9,30716.0,76036752,WSL MemTotal-MemAvailable fallback,0,19525288,1219,4,,
2940.935,30716.0,76038140,WSL MemTotal-MemAvailable fallback,0,19525288,1219,4,,
2941.97,30716.0,76044584,WSL MemTotal-MemAvailable fallback,0,19525288,1219,4,,
2943.012,30716.0,76051276,WSL MemTotal-MemAvailable fallback,0,19525288,1219,4,,
2944.048,30716.0,76052464,WSL MemTotal-MemAvailable fallback,0,19525293,1219,4,,
2945.083,30716.0,76058252,WSL MemTotal-MemAvailable fallback,0,19525293,1219,4,,
2946.124,30716.0,76053788,WSL MemTotal-MemAvailable fallback,0,19525293,1219,4,,
2947.159,30716.0,76036216,WSL MemTotal-MemAvailable fallback,0,19525293,1219,4,,
2948.197,30716.0,76030836,WSL MemTotal-MemAvailable fallback,0,19525293,1219,4,,
2949.237,30716.0,76027900,WSL MemTotal-MemAvailable fallback,0,19525293,1219,4,,
2950.275,30716.0,76028748,WSL MemTotal-MemAvailable fallback,0,19525293,1219,4,,
2951.31,30716.0,76037276,WSL MemTotal-MemAvailable fallback,0,19525293,1219,4,,
2952.351,30716.0,76026176,WSL MemTotal-MemAvailable fallback,0,19525293,1219,4,,
2953.391,30716.0,76028824,WSL MemTotal-MemAvailable fallback,0,19525293,1219,4,,
2954.427,30716.0,76028360,WSL MemTotal-MemAvailable fallback,0,19525293,1219,4,,
2955.47,30716.0,76042388,WSL MemTotal-MemAvailable fallback,0,19525293,1219,4,,
2956.508,30716.0,76039600,WSL MemTotal-MemAvailable fallback,0,19525293,1219,4,,
2957.549,30716.0,76040484,WSL MemTotal-MemAvailable fallback,0,19525293,1219,4,,
2958.593,30716.0,76043340,WSL MemTotal-MemAvailable fallback,0,19525293,1219,4,,
2959.631,30716.0,76041768,WSL MemTotal-MemAvailable fallback,0,19525293,1219,4,,
2960.671,30716.0,76044028,WSL MemTotal-MemAvailable fallback,0,19525293,1219,4,,
2961.709,30716.0,76051428,WSL MemTotal-MemAvailable fallback,0,19525293,1219,4,,
2962.749,30717.0,76039268,WSL MemTotal-MemAvailable fallback,0,19525293,1219,4,,
2963.783,30716.0,76041176,WSL MemTotal-MemAvailable fallback,0,19525293,1219,4,,
2964.818,30716.0,76040292,WSL MemTotal-MemAvailable fallback,0,19525293,1219,4,,
2965.861,30716.0,76055276,WSL MemTotal-MemAvailable fallback,0,19525293,1219,4,,
2966.899,30717.0,76061228,WSL MemTotal-MemAvailable fallback,0,19525293,1219,4,,
2967.938,30716.0,76055412,WSL MemTotal-MemAvailable fallback,0,19525293,1219,4,,
2968.973,30716.0,76053644,WSL MemTotal-MemAvailable fallback,0,19525293,1219,4,,
2970.011,30716.0,76036272,WSL MemTotal-MemAvailable fallback,0,19525293,1219,4,,
2971.052,30723.0,76030880,WSL MemTotal-MemAvailable fallback,0,19525293,1219,4,,
2972.094,30723.0,76029300,WSL MemTotal-MemAvailable fallback,0,19525293,1219,4,,
2973.128,30723.0,76017724,WSL MemTotal-MemAvailable fallback,0,19525293,1219,4,,
2974.165,30723.0,76025608,WSL MemTotal-MemAvailable fallback,0,19525293,1219,4,,
2975.208,30723.0,76023460,WSL MemTotal-MemAvailable fallback,0,19525293,1219,4,,
2976.251,30722.0,76024444,WSL MemTotal-MemAvailable fallback,0,19525293,1219,4,,
2977.286,30722.0,76031140,WSL MemTotal-MemAvailable fallback,0,19525293,1219,4,,
2978.324,30722.0,76038196,WSL MemTotal-MemAvailable fallback,0,19525293,1219,4,,
2979.361,30722.0,76043520,WSL MemTotal-MemAvailable fallback,0,19525293,1219,4,,
2980.4,30722.0,76060768,WSL MemTotal-MemAvailable fallback,0,19525293,1219,4,,
2981.437,30717.0,76054960,WSL MemTotal-MemAvailable fallback,0,19525293,1219,4,,
2982.474,30717.0,76062140,WSL MemTotal-MemAvailable fallback,0,19525293,1219,4,,
2983.511,30717.0,76046464,WSL MemTotal-MemAvailable fallback,0,19525293,1219,4,,
2984.552,30717.0,76047728,WSL MemTotal-MemAvailable fallback,0,19525293,1219,4,,
2985.59,30717.0,76048784,WSL MemTotal-MemAvailable fallback,0,19525293,1219,4,,
2986.63,30717.0,76052860,WSL MemTotal-MemAvailable fallback,0,19525293,1219,4,,
2987.669,30717.0,76066312,WSL MemTotal-MemAvailable fallback,0,19525293,1219,4,,
2988.703,30717.0,76052448,WSL MemTotal-MemAvailable fallback,0,19525293,1219,4,,
2989.748,30717.0,76055328,WSL MemTotal-MemAvailable fallback,0,19525293,1219,4,,
2990.788,30717.0,76056576,WSL MemTotal-MemAvailable fallback,0,19525293,1219,4,,
2991.827,30717.0,76062592,WSL MemTotal-MemAvailable fallback,0,19525293,1219,4,,
2992.868,30717.0,76058660,WSL MemTotal-MemAvailable fallback,0,19525293,1219,4,,
2993.912,30717.0,76063352,WSL MemTotal-MemAvailable fallback,0,19525293,1219,4,,
2994.95,30717.0,76063208,WSL MemTotal-MemAvailable fallback,0,19525293,1219,4,,
2995.985,30717.0,76064160,WSL MemTotal-MemAvailable fallback,0,19525293,1219,4,,
2997.021,30717.0,76059756,WSL MemTotal-MemAvailable fallback,0,19525293,1219,4,,
2998.059,30717.0,76052984,WSL MemTotal-MemAvailable fallback,0,19551215,1219,4,,
2999.095,30717.0,76051432,WSL MemTotal-MemAvailable fallback,0,19551215,1219,4,,
3000.13,30717.0,76056132,WSL MemTotal-MemAvailable fallback,0,19551215,1219,4,,
3001.185,30717.0,76054308,WSL MemTotal-MemAvailable fallback,0,19551216,1219,4,,
3002.22,30717.0,76061392,WSL MemTotal-MemAvailable fallback,0,19551216,1219,4,,
3003.254,30717.0,76051124,WSL MemTotal-MemAvailable fallback,0,19551217,1219,4,,
3004.297,30717.0,76056140,WSL MemTotal-MemAvailable fallback,0,19551217,1219,4,,
3005.336,30717.0,76054724,WSL MemTotal-MemAvailable fallback,0,19551217,1219,4,,
3006.375,30717.0,76051604,WSL MemTotal-MemAvailable fallback,0,19551217,1219,4,,
3007.41,30722.0,76044420,WSL MemTotal-MemAvailable fallback,0,19551217,1219,4,,
3008.445,30722.0,76042604,WSL MemTotal-MemAvailable fallback,0,19551217,1219,4,,
3009.484,30722.0,76045920,WSL MemTotal-MemAvailable fallback,0,19551217,1219,4,,
3010.523,30722.0,76043684,WSL MemTotal-MemAvailable fallback,0,19551217,1219,4,,
3011.558,30722.0,76045716,WSL MemTotal-MemAvailable fallback,0,19551217,1219,4,,
3012.599,30717.0,76061504,WSL MemTotal-MemAvailable fallback,0,19551217,1219,4,,
3013.639,30717.0,76075988,WSL MemTotal-MemAvailable fallback,0,19551217,1219,4,,
3014.678,30717.0,76055548,WSL MemTotal-MemAvailable fallback,0,19551217,1219,4,,
3015.713,30717.0,76055696,WSL MemTotal-MemAvailable fallback,0,19551217,1219,4,,
3016.749,30717.0,76056684,WSL MemTotal-MemAvailable fallback,0,19551217,1219,4,,
3017.79,30717.0,76054780,WSL MemTotal-MemAvailable fallback,0,19551218,1219,4,,
3018.825,30717.0,76059652,WSL MemTotal-MemAvailable fallback,0,19551218,1219,4,,
3019.868,30717.0,76049248,WSL MemTotal-MemAvailable fallback,0,19551218,1219,4,,
3020.907,30717.0,76048684,WSL MemTotal-MemAvailable fallback,0,19551218,1219,4,,
3021.945,30717.0,76051204,WSL MemTotal-MemAvailable fallback,0,19551218,1219,4,,
3022.988,30723.0,76046444,WSL MemTotal-MemAvailable fallback,0,19551218,1219,4,,
3024.026,30722.0,76049304,WSL MemTotal-MemAvailable fallback,0,19551218,1219,4,,
3025.066,30723.0,76048644,WSL MemTotal-MemAvailable fallback,0,19551218,1219,4,,
3026.106,30723.0,76046008,WSL MemTotal-MemAvailable fallback,0,19551218,1219,4,,
3027.143,30723.0,76042156,WSL MemTotal-MemAvailable fallback,0,19551218,1219,4,,
3028.181,30717.0,76037528,WSL MemTotal-MemAvailable fallback,0,19551218,1219,4,,
3029.224,30717.0,76033196,WSL MemTotal-MemAvailable fallback,0,19551218,1219,4,,
3030.275,30717.0,76037992,WSL MemTotal-MemAvailable fallback,0,19551218,1219,4,,
3031.319,30723.0,76042528,WSL MemTotal-MemAvailable fallback,0,19551218,1219,4,,
3032.36,30723.0,76042504,WSL MemTotal-MemAvailable fallback,0,19551218,1219,4,,
3033.399,30723.0,76041280,WSL MemTotal-MemAvailable fallback,0,19551218,1219,4,,
3034.447,30723.0,76040424,WSL MemTotal-MemAvailable fallback,0,19551218,1219,4,,
3035.483,30723.0,76040548,WSL MemTotal-MemAvailable fallback,0,19551218,1219,4,,
3036.522,30717.0,76044496,WSL MemTotal-MemAvailable fallback,0,19551218,1219,4,,
3037.561,30718.0,76040072,WSL MemTotal-MemAvailable fallback,0,19551218,1219,4,,
3038.603,30717.0,76028216,WSL MemTotal-MemAvailable fallback,0,19551218,1219,4,,
3039.641,30723.0,76031712,WSL MemTotal-MemAvailable fallback,0,19551218,1219,4,,
3040.676,30723.0,76031176,WSL MemTotal-MemAvailable fallback,0,19551218,1219,4,,
3041.717,30723.0,76031840,WSL MemTotal-MemAvailable fallback,0,19551218,1219,4,,
3042.759,30723.0,76048364,WSL MemTotal-MemAvailable fallback,0,19551218,1219,4,,
3043.793,30723.0,76048416,WSL MemTotal-MemAvailable fallback,0,19551218,1219,4,,
3044.834,30717.0,76028344,WSL MemTotal-MemAvailable fallback,0,19551218,1219,4,,
3045.875,30717.0,76029764,WSL MemTotal-MemAvailable fallback,0,19551218,1219,4,,
3046.93,30717.0,76037480,WSL MemTotal-MemAvailable fallback,0,19551218,1219,4,,
3047.969,30723.0,76049556,WSL MemTotal-MemAvailable fallback,0,19551218,1219,4,,
3049.005,30723.0,76050840,WSL MemTotal-MemAvailable fallback,0,19551218,1219,4,,
3050.05,30723.0,76050780,WSL MemTotal-MemAvailable fallback,0,19551218,1219,4,,
3051.09,30723.0,76057264,WSL MemTotal-MemAvailable fallback,0,19551219,1219,4,,
3052.124,30723.0,76044892,WSL MemTotal-MemAvailable fallback,0,19551219,1219,4,,
3053.164,30723.0,76044120,WSL MemTotal-MemAvailable fallback,0,19551219,1219,4,,
3054.209,30722.0,76044552,WSL MemTotal-MemAvailable fallback,0,19551219,1219,4,,
3055.256,30722.0,76043368,WSL MemTotal-MemAvailable fallback,0,19551219,1219,4,,
3056.291,30722.0,76039072,WSL MemTotal-MemAvailable fallback,0,19551219,1219,4,,
3057.327,30722.0,76041976,WSL MemTotal-MemAvailable fallback,0,19551219,1219,4,,
3058.375,30724.0,76041264,WSL MemTotal-MemAvailable fallback,0,19551219,1219,4,,
3059.416,30724.0,76044432,WSL MemTotal-MemAvailable fallback,0,19551219,1219,4,,
3060.451,30730.0,76045492,WSL MemTotal-MemAvailable fallback,0,19551219,1219,4,,
3061.493,30730.0,76061056,WSL MemTotal-MemAvailable fallback,0,19551219,1219,4,,
3062.531,30730.0,76047276,WSL MemTotal-MemAvailable fallback,0,19551219,1219,4,,
3063.579,30730.0,76054548,WSL MemTotal-MemAvailable fallback,0,19551219,1219,4,,
3064.615,30730.0,76058076,WSL MemTotal-MemAvailable fallback,0,19551219,1219,4,,
3065.651,30724.0,76061464,WSL MemTotal-MemAvailable fallback,0,19551219,1219,4,,
3066.695,30724.0,76057392,WSL MemTotal-MemAvailable fallback,0,19551219,1219,4,,
3067.733,30723.0,76056136,WSL MemTotal-MemAvailable fallback,0,19551219,1219,4,,
3068.772,30723.0,76058528,WSL MemTotal-MemAvailable fallback,0,19551219,1219,4,,
3069.809,30723.0,76063196,WSL MemTotal-MemAvailable fallback,0,19551219,1219,4,,
3070.853,30723.0,76071512,WSL MemTotal-MemAvailable fallback,0,19551219,1219,4,,
3071.886,30718.0,76073908,WSL MemTotal-MemAvailable fallback,0,19551219,1219,4,,
3072.92,30718.0,76081972,WSL MemTotal-MemAvailable fallback,0,19551219,1219,4,,
3073.958,30718.0,76064708,WSL MemTotal-MemAvailable fallback,0,19551219,1219,4,,
3074.997,30718.0,76060672,WSL MemTotal-MemAvailable fallback,0,19551219,1219,4,,
3076.04,30718.0,76062152,WSL MemTotal-MemAvailable fallback,0,19551219,1219,4,,
3077.076,30718.0,76075028,WSL MemTotal-MemAvailable fallback,0,19551219,1219,4,,
3078.113,30718.0,76079960,WSL MemTotal-MemAvailable fallback,0,19551219,1219,4,,
3079.157,30718.0,76078588,WSL MemTotal-MemAvailable fallback,0,19551219,1219,4,,
3080.19,30723.0,76076840,WSL MemTotal-MemAvailable fallback,0,19551219,1219,4,,
3081.226,30723.0,76080320,WSL MemTotal-MemAvailable fallback,0,19551219,1219,4,,
3082.27,30723.0,76086244,WSL MemTotal-MemAvailable fallback,0,19551219,1219,4,,
3083.31,30723.0,76082916,WSL MemTotal-MemAvailable fallback,0,19551219,1219,4,,
3084.354,30723.0,76087396,WSL MemTotal-MemAvailable fallback,0,19551219,1219,4,,
3085.392,30723.0,76089680,WSL MemTotal-MemAvailable fallback,0,19551219,1219,4,,
3086.427,30723.0,76082352,WSL MemTotal-MemAvailable fallback,0,19551219,1219,4,,
3087.477,30723.0,76086152,WSL MemTotal-MemAvailable fallback,0,19551219,1219,4,,
3088.515,30717.0,76079512,WSL MemTotal-MemAvailable fallback,0,19551219,1219,4,,
3089.55,30717.0,76071612,WSL MemTotal-MemAvailable fallback,0,19551219,1219,4,,
3090.602,30717.0,76061588,WSL MemTotal-MemAvailable fallback,0,19551220,1219,4,,
3091.653,30717.0,76049784,WSL MemTotal-MemAvailable fallback,0,19551220,1219,4,,
3092.693,30717.0,76044432,WSL MemTotal-MemAvailable fallback,0,19551221,1219,4,,
3093.727,30717.0,76041512,WSL MemTotal-MemAvailable fallback,0,19551221,1219,4,,
3094.765,30717.0,76044048,WSL MemTotal-MemAvailable fallback,0,19551221,1219,4,,
3095.806,30717.0,76044020,WSL MemTotal-MemAvailable fallback,0,19551221,1219,4,,
3096.85,30717.0,76030744,WSL MemTotal-MemAvailable fallback,0,19551221,1219,4,,
3097.889,30717.0,76047504,WSL MemTotal-MemAvailable fallback,0,19551221,1219,4,,
3098.936,30717.0,76051596,WSL MemTotal-MemAvailable fallback,0,19551491,1219,4,,
3099.994,30717.0,76050532,WSL MemTotal-MemAvailable fallback,0,19551491,1219,4,,
3101.037,30717.0,76043952,WSL MemTotal-MemAvailable fallback,0,19551491,1219,4,,
3102.07,30717.0,76048912,WSL MemTotal-MemAvailable fallback,0,19551491,1219,4,,
3103.103,30717.0,76044100,WSL MemTotal-MemAvailable fallback,0,19551491,1219,4,,
3104.151,30717.0,76036676,WSL MemTotal-MemAvailable fallback,0,19551491,1219,4,,
3105.185,30717.0,76052300,WSL MemTotal-MemAvailable fallback,0,19551491,1219,4,,
3106.221,30717.0,76051920,WSL MemTotal-MemAvailable fallback,0,19551491,1219,4,,
3107.262,30717.0,76051260,WSL MemTotal-MemAvailable fallback,0,19551491,1219,4,,
3108.304,30717.0,76052088,WSL MemTotal-MemAvailable fallback,0,19551491,1219,4,,
3109.343,30717.0,76049912,WSL MemTotal-MemAvailable fallback,0,19551491,1219,4,,
3110.376,30717.0,76048012,WSL MemTotal-MemAvailable fallback,0,19551491,1219,4,,
3111.416,30717.0,76051220,WSL MemTotal-MemAvailable fallback,0,19551491,1219,4,,
3112.457,30717.0,76068164,WSL MemTotal-MemAvailable fallback,0,19551491,1219,4,,
3113.491,30717.0,76065752,WSL MemTotal-MemAvailable fallback,0,19551491,1219,4,,
3114.529,30717.0,76054108,WSL MemTotal-MemAvailable fallback,0,19551491,1219,4,,
3115.578,30717.0,76039404,WSL MemTotal-MemAvailable fallback,0,19551491,1219,4,,
3116.62,30717.0,76040220,WSL MemTotal-MemAvailable fallback,0,19551491,1219,4,,
3117.659,30717.0,76043296,WSL MemTotal-MemAvailable fallback,0,19551491,1219,4,,
3118.695,30717.0,76035264,WSL MemTotal-MemAvailable fallback,0,19551491,1219,4,,
3119.732,30722.0,76037992,WSL MemTotal-MemAvailable fallback,0,19551491,1219,4,,
3120.781,30722.0,76041460,WSL MemTotal-MemAvailable fallback,0,19551491,1219,4,,
3121.825,30723.0,76037212,WSL MemTotal-MemAvailable fallback,0,19551491,1219,4,,
3122.864,30723.0,76039908,WSL MemTotal-MemAvailable fallback,0,19551491,1219,4,,
3123.904,30723.0,76039712,WSL MemTotal-MemAvailable fallback,0,19551491,1219,4,,
3124.949,30717.0,76043836,WSL MemTotal-MemAvailable fallback,0,19551491,1219,4,,
3125.991,30717.0,76031500,WSL MemTotal-MemAvailable fallback,0,19551491,1219,4,,
3127.039,30717.0,76035800,WSL MemTotal-MemAvailable fallback,0,19551491,1219,4,,
3128.074,30722.0,76037116,WSL MemTotal-MemAvailable fallback,0,19551491,1219,4,,
3129.128,30722.0,76054068,WSL MemTotal-MemAvailable fallback,0,19551491,1219,4,,
3130.171,30722.0,76055828,WSL MemTotal-MemAvailable fallback,0,19551491,1219,4,,
3131.211,30722.0,76071300,WSL MemTotal-MemAvailable fallback,0,19551491,1219,4,,
3132.253,30722.0,76058580,WSL MemTotal-MemAvailable fallback,0,19551491,1219,4,,
3133.291,30722.0,76060536,WSL MemTotal-MemAvailable fallback,0,19551491,1219,4,,
3134.331,30722.0,76056444,WSL MemTotal-MemAvailable fallback,0,19551491,1219,4,,
3135.365,30722.0,76053052,WSL MemTotal-MemAvailable fallback,0,19551491,1219,4,,
3136.404,30717.0,76047736,WSL MemTotal-MemAvailable fallback,0,19551491,1219,4,,
3137.438,30717.0,76050720,WSL MemTotal-MemAvailable fallback,0,19551491,1219,4,,
3138.47,30717.0,76050292,WSL MemTotal-MemAvailable fallback,0,19551491,1219,4,,
3139.504,30716.0,76049340,WSL MemTotal-MemAvailable fallback,0,19551491,1219,4,,
3140.535,30716.0,76055916,WSL MemTotal-MemAvailable fallback,0,19551491,1219,4,,
3141.567,30716.0,76051608,WSL MemTotal-MemAvailable fallback,0,19551491,1219,4,,
3142.599,30716.0,76059428,WSL MemTotal-MemAvailable fallback,0,19551491,1219,4,,
3143.633,30716.0,76055448,WSL MemTotal-MemAvailable fallback,0,19551491,1219,4,,
3144.678,30716.0,76052292,WSL MemTotal-MemAvailable fallback,0,19551491,1219,4,,
3145.716,30716.0,76059184,WSL MemTotal-MemAvailable fallback,0,19551491,1219,4,,
3146.754,30716.0,76043492,WSL MemTotal-MemAvailable fallback,0,19551491,1219,4,,
3147.792,30716.0,76047244,WSL MemTotal-MemAvailable fallback,0,19551491,1219,4,,
3148.827,30716.0,76039588,WSL MemTotal-MemAvailable fallback,0,19551491,1219,4,,
3149.867,30716.0,76039144,WSL MemTotal-MemAvailable fallback,0,19551491,1219,4,,
3150.905,30716.0,76039716,WSL MemTotal-MemAvailable fallback,0,19551491,1219,4,,
3151.945,30725.0,76042516,WSL MemTotal-MemAvailable fallback,0,19551492,1219,4,,
3152.983,30725.0,76049176,WSL MemTotal-MemAvailable fallback,0,19551498,1219,4,,
3154.024,30725.0,76055356,WSL MemTotal-MemAvailable fallback,0,19551525,1219,4,,
3155.058,30725.0,76053324,WSL MemTotal-MemAvailable fallback,0,19551525,1219,4,,
3156.091,30725.0,76052720,WSL MemTotal-MemAvailable fallback,0,19551525,1219,4,,
3157.123,30724.0,76051952,WSL MemTotal-MemAvailable fallback,0,19551525,1219,4,,
3158.157,30724.0,76053340,WSL MemTotal-MemAvailable fallback,0,19551525,1219,4,,
3159.191,30722.0,76054628,WSL MemTotal-MemAvailable fallback,0,19551525,1219,4,,
3160.225,30722.0,76054752,WSL MemTotal-MemAvailable fallback,0,19551525,1219,4,,
3161.259,30722.0,76055132,WSL MemTotal-MemAvailable fallback,0,19551525,1219,4,,
3162.292,30722.0,76051112,WSL MemTotal-MemAvailable fallback,0,19551525,1219,4,,
3163.325,30722.0,76045212,WSL MemTotal-MemAvailable fallback,0,19551525,1219,4,,
3164.358,30716.0,76051876,WSL MemTotal-MemAvailable fallback,0,19551525,1219,4,,
3165.392,30716.0,76048388,WSL MemTotal-MemAvailable fallback,0,19551525,1219,4,,
3166.425,30717.0,76046204,WSL MemTotal-MemAvailable fallback,0,19551525,1219,4,,
3167.465,30717.0,76037040,WSL MemTotal-MemAvailable fallback,0,19551525,1219,4,,
3168.499,30717.0,76053060,WSL MemTotal-MemAvailable fallback,0,19551525,1219,4,,
3169.53,30717.0,76068236,WSL MemTotal-MemAvailable fallback,0,19551525,1219,4,,
3170.564,30717.0,76065720,WSL MemTotal-MemAvailable fallback,0,19551525,1219,4,,
3171.597,30717.0,76062836,WSL MemTotal-MemAvailable fallback,0,19551525,1219,4,,
3172.629,30717.0,76059980,WSL MemTotal-MemAvailable fallback,0,19551525,1219,4,,
3173.661,30717.0,76048032,WSL MemTotal-MemAvailable fallback,0,19551525,1219,4,,
3174.699,30731.0,76047000,WSL MemTotal-MemAvailable fallback,0,19551525,1219,4,,
3175.737,30729.0,76031100,WSL MemTotal-MemAvailable fallback,0,19551525,1219,4,,
3176.774,30729.0,76034900,WSL MemTotal-MemAvailable fallback,0,19551525,1219,4,,
3177.813,30729.0,76033248,WSL MemTotal-MemAvailable fallback,0,19551525,1219,4,,
3178.85,30729.0,76029036,WSL MemTotal-MemAvailable fallback,0,19551525,1219,4,,
3179.888,30718.0,76026288,WSL MemTotal-MemAvailable fallback,0,19551525,1219,4,,
3180.926,30718.0,76024536,WSL MemTotal-MemAvailable fallback,0,19551525,1219,4,,
3181.971,30718.0,76015780,WSL MemTotal-MemAvailable fallback,0,19551525,1219,4,,
3183.005,30723.0,76020656,WSL MemTotal-MemAvailable fallback,0,19551525,1219,4,,
3184.037,30724.0,76029364,WSL MemTotal-MemAvailable fallback,0,19551525,1219,4,,
3185.068,30723.0,76028440,WSL MemTotal-MemAvailable fallback,0,19551525,1219,4,,
3186.101,30730.0,76036080,WSL MemTotal-MemAvailable fallback,0,19551525,1219,4,,
3187.134,30731.0,76033308,WSL MemTotal-MemAvailable fallback,0,19551525,1219,4,,
3188.166,30729.0,76026472,WSL MemTotal-MemAvailable fallback,0,19551525,1219,4,,
3189.203,30729.0,76030112,WSL MemTotal-MemAvailable fallback,0,19551525,1219,4,,
3190.242,30730.0,76027368,WSL MemTotal-MemAvailable fallback,0,19551525,1219,4,,
3191.278,30732.0,76022716,WSL MemTotal-MemAvailable fallback,0,19551525,1219,4,,
3192.313,30730.0,76037032,WSL MemTotal-MemAvailable fallback,0,19551525,1219,4,,
3193.346,30730.0,76041540,WSL MemTotal-MemAvailable fallback,0,19551525,1219,4,,
3194.379,30730.0,76043592,WSL MemTotal-MemAvailable fallback,0,19551525,1219,4,,
3195.412,30724.0,76044600,WSL MemTotal-MemAvailable fallback,0,19551525,1219,4,,
3196.448,30724.0,76040112,WSL MemTotal-MemAvailable fallback,0,19551525,1219,4,,
3197.49,30724.0,76035436,WSL MemTotal-MemAvailable fallback,0,19551525,1219,4,,
3198.523,30723.0,76036600,WSL MemTotal-MemAvailable fallback,0,19551525,1219,4,,
3199.555,30724.0,76037624,WSL MemTotal-MemAvailable fallback,0,19551525,1219,4,,
3200.588,30724.0,76030716,WSL MemTotal-MemAvailable fallback,0,19551525,1219,4,,
3201.621,30718.0,76038860,WSL MemTotal-MemAvailable fallback,0,19551525,1219,4,,
3202.653,30718.0,76040620,WSL MemTotal-MemAvailable fallback,0,19551525,1219,4,,
3203.687,30718.0,76037088,WSL MemTotal-MemAvailable fallback,0,19551525,1219,4,,
3204.725,30718.0,76034316,WSL MemTotal-MemAvailable fallback,0,19551525,1219,4,,
3205.764,30718.0,76036036,WSL MemTotal-MemAvailable fallback,0,19551525,1219,4,,
3206.804,30718.0,76048892,WSL MemTotal-MemAvailable fallback,0,19551525,1219,4,,
3207.842,30719.0,76043156,WSL MemTotal-MemAvailable fallback,0,19551525,1219,4,,
3208.88,30718.0,76046288,WSL MemTotal-MemAvailable fallback,0,19551525,1219,4,,
3209.917,30719.0,76047704,WSL MemTotal-MemAvailable fallback,0,19551525,1219,4,,
3210.956,30719.0,76038456,WSL MemTotal-MemAvailable fallback,0,19551525,1219,4,,
3211.995,30718.0,76057512,WSL MemTotal-MemAvailable fallback,0,19551525,1219,4,,
3213.031,30718.0,76061796,WSL MemTotal-MemAvailable fallback,0,19551525,1219,4,,
3214.065,30718.0,76063020,WSL MemTotal-MemAvailable fallback,0,19551525,1219,4,,
3215.101,30719.0,76064060,WSL MemTotal-MemAvailable fallback,0,19551525,1219,4,,
3216.134,30719.0,76062476,WSL MemTotal-MemAvailable fallback,0,19551525,1219,4,,
3217.166,30724.0,76068292,WSL MemTotal-MemAvailable fallback,0,19551525,1219,4,,
3218.199,30724.0,76066852,WSL MemTotal-MemAvailable fallback,0,19551525,1219,4,,
3219.231,30724.0,76068116,WSL MemTotal-MemAvailable fallback,0,19551525,1219,4,,
3220.264,30724.0,76086224,WSL MemTotal-MemAvailable fallback,0,19551525,1219,4,,
3221.3,30724.0,76074968,WSL MemTotal-MemAvailable fallback,0,19551525,1219,4,,
3222.333,30724.0,76070176,WSL MemTotal-MemAvailable fallback,0,19551525,1219,4,,
3223.366,30724.0,76069760,WSL MemTotal-MemAvailable fallback,0,19551525,1219,4,,
3224.4,30724.0,76084668,WSL MemTotal-MemAvailable fallback,0,19551525,1219,4,,
3225.433,30724.0,76081708,WSL MemTotal-MemAvailable fallback,0,19551525,1219,4,,
3226.471,30724.0,76068276,WSL MemTotal-MemAvailable fallback,0,19551525,1219,4,,
3227.517,30723.0,76066608,WSL MemTotal-MemAvailable fallback,0,19551525,1219,4,,
3228.55,30724.0,76078312,WSL MemTotal-MemAvailable fallback,0,19551525,1219,4,,
3229.581,30724.0,76084484,WSL MemTotal-MemAvailable fallback,0,19551525,1219,4,,
3230.613,30724.0,76097844,WSL MemTotal-MemAvailable fallback,0,19551525,1219,4,,
3231.646,30724.0,76091612,WSL MemTotal-MemAvailable fallback,0,19551525,1219,4,,
3232.679,30724.0,76084176,WSL MemTotal-MemAvailable fallback,0,19551525,1219,4,,
3233.712,30724.0,76076652,WSL MemTotal-MemAvailable fallback,0,19551525,1219,4,,
3234.749,30724.0,76064024,WSL MemTotal-MemAvailable fallback,0,19551525,1219,4,,
3235.799,30724.0,76058280,WSL MemTotal-MemAvailable fallback,0,19551525,1219,4,,
3236.836,30724.0,76044048,WSL MemTotal-MemAvailable fallback,0,19551525,1219,4,,
3237.878,30724.0,76054888,WSL MemTotal-MemAvailable fallback,0,19551525,1219,4,,
3238.915,30724.0,76053148,WSL MemTotal-MemAvailable fallback,0,19551525,1219,4,,
3239.953,30724.0,76049324,WSL MemTotal-MemAvailable fallback,0,19551525,1219,4,,
3240.992,30724.0,76043124,WSL MemTotal-MemAvailable fallback,0,19551525,1219,4,,
3242.037,30724.0,76045476,WSL MemTotal-MemAvailable fallback,0,19551525,1219,4,,
3243.071,30724.0,76044540,WSL MemTotal-MemAvailable fallback,0,19551525,1219,4,,
3244.103,30724.0,76045928,WSL MemTotal-MemAvailable fallback,0,19551525,1219,4,,
3245.135,30724.0,76041452,WSL MemTotal-MemAvailable fallback,0,19551525,1219,4,,
3246.167,30724.0,76042708,WSL MemTotal-MemAvailable fallback,0,19551525,1219,4,,
3247.199,30724.0,76049912,WSL MemTotal-MemAvailable fallback,0,19551525,1219,4,,
3248.232,30724.0,76043976,WSL MemTotal-MemAvailable fallback,0,19551525,1219,4,,
3249.268,30724.0,76043952,WSL MemTotal-MemAvailable fallback,0,19551525,1219,4,,
3250.301,30842.0,76047028,WSL MemTotal-MemAvailable fallback,0,19551525,1219,4,,
3251.333,30841.0,76042900,WSL MemTotal-MemAvailable fallback,0,19551525,1219,4,,
3252.365,30841.0,76041020,WSL MemTotal-MemAvailable fallback,0,19551525,1219,4,,
3253.397,30841.0,76047936,WSL MemTotal-MemAvailable fallback,0,19551525,1219,4,,
3254.43,30841.0,76055420,WSL MemTotal-MemAvailable fallback,0,19551525,1219,4,,
3255.464,30841.0,76054972,WSL MemTotal-MemAvailable fallback,0,19551525,1219,4,,
3256.497,30841.0,76052416,WSL MemTotal-MemAvailable fallback,0,19551525,1219,4,,
3257.53,30841.0,76053144,WSL MemTotal-MemAvailable fallback,0,19551525,1219,4,,
3258.563,30841.0,76051884,WSL MemTotal-MemAvailable fallback,0,19551525,1219,4,,
3259.596,30848.0,76051492,WSL MemTotal-MemAvailable fallback,0,19551525,1219,4,,
3260.628,30849.0,76046904,WSL MemTotal-MemAvailable fallback,0,19551525,1219,4,,
3261.66,30849.0,76049300,WSL MemTotal-MemAvailable fallback,0,19551525,1219,4,,
3262.692,30862.0,76046684,WSL MemTotal-MemAvailable fallback,0,19551525,1219,4,,
3263.725,30868.0,76050008,WSL MemTotal-MemAvailable fallback,0,19551525,1219,4,,
3264.762,30863.0,76048964,WSL MemTotal-MemAvailable fallback,0,19551525,1219,4,,
3265.799,30901.0,76047628,WSL MemTotal-MemAvailable fallback,0,19551525,1219,4,,
3266.836,30922.0,76049948,WSL MemTotal-MemAvailable fallback,0,19551525,1219,4,,
3267.872,30933.0,76044756,WSL MemTotal-MemAvailable fallback,0,19551525,1219,4,,
3268.909,30927.0,76041260,WSL MemTotal-MemAvailable fallback,0,19551525,1219,4,,
3269.946,30909.0,76044988,WSL MemTotal-MemAvailable fallback,0,19551525,1219,4,,
3270.982,30884.0,76041176,WSL MemTotal-MemAvailable fallback,0,19551525,1219,4,,
3272.026,30884.0,76044740,WSL MemTotal-MemAvailable fallback,0,19551525,1219,4,,
3273.061,30864.0,76060828,WSL MemTotal-MemAvailable fallback,0,19551525,1219,4,,
3274.094,30864.0,76067280,WSL MemTotal-MemAvailable fallback,0,19551525,1219,4,,
3275.127,30864.0,76067780,WSL MemTotal-MemAvailable fallback,0,19551525,1219,4,,
3276.159,30864.0,76063212,WSL MemTotal-MemAvailable fallback,0,19551525,1219,4,,
3277.191,30864.0,76057412,WSL MemTotal-MemAvailable fallback,0,19551525,1219,4,,
3278.223,30864.0,76059652,WSL MemTotal-MemAvailable fallback,0,19551525,1219,4,,
3279.255,30858.0,76049800,WSL MemTotal-MemAvailable fallback,0,19551525,1219,4,,
3280.289,30858.0,76056912,WSL MemTotal-MemAvailable fallback,0,19551525,1219,4,,
3281.324,30858.0,76060656,WSL MemTotal-MemAvailable fallback,0,19551525,1219,4,,
3282.357,30858.0,76055400,WSL MemTotal-MemAvailable fallback,0,19551525,1219,4,,
3283.388,30858.0,76065876,WSL MemTotal-MemAvailable fallback,0,19551525,1219,4,,
3284.421,30858.0,76055292,WSL MemTotal-MemAvailable fallback,0,19551525,1219,4,,
3285.456,30864.0,76050848,WSL MemTotal-MemAvailable fallback,0,19551525,1219,4,,
3286.488,30871.0,76053900,WSL MemTotal-MemAvailable fallback,0,19551525,1219,4,,
3287.52,30871.0,76054500,WSL MemTotal-MemAvailable fallback,0,19551525,1219,4,,
3288.551,30871.0,76050320,WSL MemTotal-MemAvailable fallback,0,19551525,1219,4,,
3289.584,30871.0,76053480,WSL MemTotal-MemAvailable fallback,0,19551525,1219,4,,
3290.615,30871.0,76051996,WSL MemTotal-MemAvailable fallback,0,19551525,1219,4,,
3291.647,30859.0,76051140,WSL MemTotal-MemAvailable fallback,0,19551525,1219,4,,
3292.678,30864.0,76049980,WSL MemTotal-MemAvailable fallback,0,19551525,1219,4,,
3293.711,30764.0,76055156,WSL MemTotal-MemAvailable fallback,0,19551525,1219,4,,
3294.747,30764.0,76050636,WSL MemTotal-MemAvailable fallback,0,19551525,1219,4,,
3295.786,30764.0,76051944,WSL MemTotal-MemAvailable fallback,0,19551525,1219,4,,
3296.826,30765.0,76041808,WSL MemTotal-MemAvailable fallback,0,19551525,1219,4,,
3297.863,30756.0,76047264,WSL MemTotal-MemAvailable fallback,0,19551525,1219,4,,
3298.902,30756.0,76046196,WSL MemTotal-MemAvailable fallback,0,19551525,1219,4,,
3299.943,30756.0,76045236,WSL MemTotal-MemAvailable fallback,0,19551525,1219,4,,
3300.981,30756.0,76042668,WSL MemTotal-MemAvailable fallback,0,19551525,1219,4,,
3302.034,30756.0,76036604,WSL MemTotal-MemAvailable fallback,0,19551525,1219,4,,
3303.077,30756.0,76041516,WSL MemTotal-MemAvailable fallback,0,19551525,1219,4,,
3304.111,30756.0,76042584,WSL MemTotal-MemAvailable fallback,0,19551525,1219,4,,
3305.146,30756.0,76045860,WSL MemTotal-MemAvailable fallback,0,19551525,1219,4,,
3306.182,30756.0,76041240,WSL MemTotal-MemAvailable fallback,0,19551525,1219,4,,
3307.215,30756.0,76044388,WSL MemTotal-MemAvailable fallback,0,19551525,1219,4,,
3308.248,30756.0,76036672,WSL MemTotal-MemAvailable fallback,0,19551525,1219,4,,
3309.281,30756.0,76035352,WSL MemTotal-MemAvailable fallback,0,19551525,1219,4,,
3310.316,30756.0,76036444,WSL MemTotal-MemAvailable fallback,0,19551525,1219,4,,
3311.349,30756.0,76041760,WSL MemTotal-MemAvailable fallback,0,19551525,1219,4,,
3312.383,30756.0,76041744,WSL MemTotal-MemAvailable fallback,0,19551525,1219,4,,
3313.416,30756.0,76040524,WSL MemTotal-MemAvailable fallback,0,19551525,1219,4,,
3314.453,30756.0,76044384,WSL MemTotal-MemAvailable fallback,0,19551525,1219,4,,
3315.487,30756.0,76044684,WSL MemTotal-MemAvailable fallback,0,19551525,1219,4,,
3316.52,30756.0,76040148,WSL MemTotal-MemAvailable fallback,0,19551525,1219,4,,
3317.573,30756.0,76045016,WSL MemTotal-MemAvailable fallback,0,19551525,1219,4,,
3318.608,30756.0,76043948,WSL MemTotal-MemAvailable fallback,0,19551525,1219,4,,
3319.64,30756.0,76049624,WSL MemTotal-MemAvailable fallback,0,19551525,1219,4,,
3320.676,30756.0,76044712,WSL MemTotal-MemAvailable fallback,0,19551525,1219,4,,
3321.709,30756.0,76041504,WSL MemTotal-MemAvailable fallback,0,19551525,1219,4,,
3322.742,30756.0,76046316,WSL MemTotal-MemAvailable fallback,0,19551525,1219,4,,
3323.775,30756.0,76045928,WSL MemTotal-MemAvailable fallback,0,19551525,1219,4,,
3324.812,30756.0,76042860,WSL MemTotal-MemAvailable fallback,0,19551525,1219,4,,
3325.852,30756.0,76042212,WSL MemTotal-MemAvailable fallback,0,19551525,1219,4,,
3326.89,30756.0,76039000,WSL MemTotal-MemAvailable fallback,0,19551525,1219,4,,
3327.929,30756.0,76043264,WSL MemTotal-MemAvailable fallback,0,19551525,1219,4,,
3328.968,30761.0,76044052,WSL MemTotal-MemAvailable fallback,0,19551525,1219,4,,
3330.01,30761.0,76043076,WSL MemTotal-MemAvailable fallback,0,19551525,1219,4,,
3331.048,30761.0,76039508,WSL MemTotal-MemAvailable fallback,0,19551525,1219,4,,
3332.096,30762.0,76034296,WSL MemTotal-MemAvailable fallback,0,19551525,1219,4,,
3333.135,30769.0,76039012,WSL MemTotal-MemAvailable fallback,0,19551525,1219,4,,
3334.169,30769.0,76038328,WSL MemTotal-MemAvailable fallback,0,19551525,1219,4,,
3335.203,30769.0,76038380,WSL MemTotal-MemAvailable fallback,0,19551525,1219,4,,
3336.236,30768.0,76035036,WSL MemTotal-MemAvailable fallback,0,19551525,1219,4,,
3337.268,30768.0,76041392,WSL MemTotal-MemAvailable fallback,0,19551525,1219,4,,
3338.307,30767.0,76031776,WSL MemTotal-MemAvailable fallback,0,19551525,1219,4,,
3339.343,30768.0,76033328,WSL MemTotal-MemAvailable fallback,0,19551525,1219,4,,
3340.377,30767.0,76030572,WSL MemTotal-MemAvailable fallback,0,19551525,1219,4,,
3341.411,30767.0,76034964,WSL MemTotal-MemAvailable fallback,0,19551525,1219,4,,
3342.445,30767.0,76041184,WSL MemTotal-MemAvailable fallback,0,19551525,1219,4,,
3343.479,30758.0,76042544,WSL MemTotal-MemAvailable fallback,0,19551525,1219,4,,
3344.512,30758.0,76039100,WSL MemTotal-MemAvailable fallback,0,19551525,1219,4,,
3345.545,30758.0,76046860,WSL MemTotal-MemAvailable fallback,0,19551525,1219,4,,
3346.578,30758.0,76044340,WSL MemTotal-MemAvailable fallback,0,19551525,1219,4,,
3347.62,30758.0,76060356,WSL MemTotal-MemAvailable fallback,0,19551525,1219,4,,
3348.651,30753.0,76064892,WSL MemTotal-MemAvailable fallback,0,19551525,1219,4,,
3349.683,30753.0,76066536,WSL MemTotal-MemAvailable fallback,0,19551525,1219,4,,
3350.715,30753.0,76064860,WSL MemTotal-MemAvailable fallback,0,19551525,1219,4,,
3351.748,30753.0,76066172,WSL MemTotal-MemAvailable fallback,0,19551525,1219,4,,
3352.78,30753.0,76065668,WSL MemTotal-MemAvailable fallback,0,19551525,1219,4,,
3353.812,30753.0,76066940,WSL MemTotal-MemAvailable fallback,0,19551525,1219,4,,
3354.851,30753.0,76069656,WSL MemTotal-MemAvailable fallback,0,19551525,1219,4,,
3355.888,30753.0,76067660,WSL MemTotal-MemAvailable fallback,0,19551525,1219,4,,
3356.926,30753.0,76069284,WSL MemTotal-MemAvailable fallback,0,19551525,1219,4,,
3357.965,30753.0,76073044,WSL MemTotal-MemAvailable fallback,0,19551525,1219,4,,
3359.003,30753.0,76074400,WSL MemTotal-MemAvailable fallback,0,19551525,1219,4,,
3360.041,30753.0,76067256,WSL MemTotal-MemAvailable fallback,0,19551525,1219,4,,
3361.081,30753.0,76059884,WSL MemTotal-MemAvailable fallback,0,19551525,1219,4,,
3362.132,30753.0,76067636,WSL MemTotal-MemAvailable fallback,0,19551525,1219,4,,
3363.174,30760.0,76070444,WSL MemTotal-MemAvailable fallback,0,19551525,1219,4,,
3364.207,30760.0,76068208,WSL MemTotal-MemAvailable fallback,0,19551525,1219,4,,
3365.239,30760.0,76068272,WSL MemTotal-MemAvailable fallback,0,19551525,1219,4,,
3366.271,30760.0,76076380,WSL MemTotal-MemAvailable fallback,0,19551525,1219,4,,
3367.302,30760.0,76084508,WSL MemTotal-MemAvailable fallback,0,19551525,1219,4,,
3368.336,30760.0,76101640,WSL MemTotal-MemAvailable fallback,0,19551525,1219,4,,
3369.368,30753.0,76095204,WSL MemTotal-MemAvailable fallback,0,19551525,1219,4,,
3370.404,30753.0,76089588,WSL MemTotal-MemAvailable fallback,0,19551525,1219,4,,
3371.437,30753.0,76084248,WSL MemTotal-MemAvailable fallback,0,19551525,1219,4,,
3372.472,30753.0,76080348,WSL MemTotal-MemAvailable fallback,0,19551525,1219,4,,
3373.507,30753.0,76074048,WSL MemTotal-MemAvailable fallback,0,19551525,1219,4,,
3374.541,30753.0,76071268,WSL MemTotal-MemAvailable fallback,0,19551525,1219,4,,
3375.574,30753.0,76068572,WSL MemTotal-MemAvailable fallback,0,19551525,1219,4,,
3376.61,30753.0,76050360,WSL MemTotal-MemAvailable fallback,0,19551525,1219,4,,
3377.644,30753.0,76053664,WSL MemTotal-MemAvailable fallback,0,19551525,1219,4,,
3378.677,30753.0,76051800,WSL MemTotal-MemAvailable fallback,0,19551525,1219,4,,
3379.711,30753.0,76048940,WSL MemTotal-MemAvailable fallback,0,19551525,1219,4,,
3380.744,30753.0,76041116,WSL MemTotal-MemAvailable fallback,0,19551525,1219,4,,
3381.778,30753.0,76040976,WSL MemTotal-MemAvailable fallback,0,19551525,1219,4,,
3382.816,30754.0,76042308,WSL MemTotal-MemAvailable fallback,0,19551525,1219,4,,
3383.85,30753.0,76039852,WSL MemTotal-MemAvailable fallback,0,19551525,1219,4,,
3384.888,30753.0,76031860,WSL MemTotal-MemAvailable fallback,0,19551525,1219,4,,
3385.927,30753.0,76036016,WSL MemTotal-MemAvailable fallback,0,19551525,1219,4,,
3386.964,30753.0,76037184,WSL MemTotal-MemAvailable fallback,0,19551525,1219,4,,
3388.001,30754.0,76038076,WSL MemTotal-MemAvailable fallback,0,19551525,1219,4,,
3389.041,30754.0,76038992,WSL MemTotal-MemAvailable fallback,0,19551525,1219,4,,
3390.083,30753.0,76041344,WSL MemTotal-MemAvailable fallback,0,19551525,1219,4,,
3391.122,30753.0,76029404,WSL MemTotal-MemAvailable fallback,0,19551525,1219,4,,
3392.161,30753.0,76029440,WSL MemTotal-MemAvailable fallback,0,19551525,1219,4,,
3393.199,30754.0,76031272,WSL MemTotal-MemAvailable fallback,0,19551525,1219,4,,
3394.231,30753.0,76033340,WSL MemTotal-MemAvailable fallback,0,19551525,1219,4,,
3395.263,30753.0,76031356,WSL MemTotal-MemAvailable fallback,0,19551525,1219,4,,
3396.296,30753.0,76038288,WSL MemTotal-MemAvailable fallback,0,19551525,1219,4,,
3397.329,30754.0,76043368,WSL MemTotal-MemAvailable fallback,0,19551525,1219,4,,
3398.362,30753.0,76041660,WSL MemTotal-MemAvailable fallback,0,19551525,1219,4,,
3399.394,30753.0,76037928,WSL MemTotal-MemAvailable fallback,0,19551525,1219,4,,
3400.429,30753.0,76032832,WSL MemTotal-MemAvailable fallback,0,19551525,1219,4,,
3401.465,30753.0,76032772,WSL MemTotal-MemAvailable fallback,0,19551525,1219,4,,
3402.5,30753.0,76036292,WSL MemTotal-MemAvailable fallback,0,19551525,1219,4,,
3403.533,30753.0,76043276,WSL MemTotal-MemAvailable fallback,0,19551525,1219,4,,
3404.567,30753.0,76047476,WSL MemTotal-MemAvailable fallback,0,19551525,1219,4,,
3405.601,30753.0,76039792,WSL MemTotal-MemAvailable fallback,0,19551525,1219,4,,
3406.634,30753.0,76042980,WSL MemTotal-MemAvailable fallback,0,19551525,1219,4,,
3407.666,30753.0,76052016,WSL MemTotal-MemAvailable fallback,0,19551525,1219,4,,
3408.699,30753.0,76048132,WSL MemTotal-MemAvailable fallback,0,19551525,1219,4,,
3409.731,30753.0,76050076,WSL MemTotal-MemAvailable fallback,0,19551525,1219,4,,
3410.763,30753.0,76055032,WSL MemTotal-MemAvailable fallback,0,19551525,1219,4,,
3411.795,30753.0,76060564,WSL MemTotal-MemAvailable fallback,0,19551525,1219,4,,
3412.829,30753.0,76060360,WSL MemTotal-MemAvailable fallback,0,19551525,1219,4,,
3413.867,30765.0,76049944,WSL MemTotal-MemAvailable fallback,0,19551525,1219,4,,
3414.906,30766.0,76046288,WSL MemTotal-MemAvailable fallback,0,19551525,1219,4,,
3415.952,30766.0,76042764,WSL MemTotal-MemAvailable fallback,0,19551525,1219,4,,
3416.99,30766.0,76047032,WSL MemTotal-MemAvailable fallback,0,19551525,1219,4,,
3418.031,30766.0,76047260,WSL MemTotal-MemAvailable fallback,0,19551525,1219,4,,
3419.069,30760.0,76042372,WSL MemTotal-MemAvailable fallback,0,19551525,1219,4,,
3420.111,30765.0,76044720,WSL MemTotal-MemAvailable fallback,0,19551525,1219,4,,
3421.151,30766.0,76043964,WSL MemTotal-MemAvailable fallback,0,19551525,1219,4,,
3422.198,30765.0,76045900,WSL MemTotal-MemAvailable fallback,0,19551525,1219,4,,
3423.243,30765.0,76049928,WSL MemTotal-MemAvailable fallback,0,19551525,1219,4,,
3424.278,30786.0,76043708,WSL MemTotal-MemAvailable fallback,0,19551525,1219,4,,
3425.311,30698.0,76043912,WSL MemTotal-MemAvailable fallback,0,19551525,1219,4,,
3426.342,30742.0,76034016,WSL MemTotal-MemAvailable fallback,0,19551525,1219,4,,
3427.374,30742.0,76039324,WSL MemTotal-MemAvailable fallback,0,19551525,1219,4,,
3428.406,30741.0,76039600,WSL MemTotal-MemAvailable fallback,0,19551525,1219,4,,
3429.438,30738.0,76041436,WSL MemTotal-MemAvailable fallback,0,19551525,1219,4,,
3430.47,30738.0,76042904,WSL MemTotal-MemAvailable fallback,0,19551525,1219,4,,
3431.503,30738.0,76036220,WSL MemTotal-MemAvailable fallback,0,19551525,1219,4,,
3432.536,30738.0,76044048,WSL MemTotal-MemAvailable fallback,0,19551525,1219,4,,
3433.568,30738.0,76045064,WSL MemTotal-MemAvailable fallback,0,19551525,1219,4,,
3434.601,30737.0,76041416,WSL MemTotal-MemAvailable fallback,0,19551525,1219,4,,
3435.635,30737.0,76042304,WSL MemTotal-MemAvailable fallback,0,19551525,1219,4,,
3436.667,30737.0,76039012,WSL MemTotal-MemAvailable fallback,0,19551525,1219,4,,
3437.704,30737.0,76040412,WSL MemTotal-MemAvailable fallback,0,19551525,1219,4,,
3438.736,30737.0,76043100,WSL MemTotal-MemAvailable fallback,0,19551525,1219,4,,
3439.769,30737.0,76044048,WSL MemTotal-MemAvailable fallback,0,19551525,1219,4,,
3440.802,30737.0,76043940,WSL MemTotal-MemAvailable fallback,0,19551525,1219,4,,
3441.839,30737.0,76047376,WSL MemTotal-MemAvailable fallback,0,19551525,1219,4,,
3442.873,30737.0,76044008,WSL MemTotal-MemAvailable fallback,0,19551525,1219,4,,
3443.904,30737.0,76039024,WSL MemTotal-MemAvailable fallback,0,19551525,1219,4,,
3444.944,30737.0,76041944,WSL MemTotal-MemAvailable fallback,0,19551525,1219,4,,
3445.981,30737.0,76047284,WSL MemTotal-MemAvailable fallback,0,19551525,1219,4,,
3447.019,30737.0,76045776,WSL MemTotal-MemAvailable fallback,0,19551525,1219,4,,
3448.057,30737.0,76044956,WSL MemTotal-MemAvailable fallback,0,19551525,1219,4,,
3449.098,30737.0,76040440,WSL MemTotal-MemAvailable fallback,0,19551525,1219,4,,
3450.135,30737.0,76042568,WSL MemTotal-MemAvailable fallback,0,19551525,1219,4,,
3451.174,30738.0,76049120,WSL MemTotal-MemAvailable fallback,0,19551525,1219,4,,
3452.214,30737.0,76046484,WSL MemTotal-MemAvailable fallback,0,19551526,1219,4,,
3453.251,30737.0,76059084,WSL MemTotal-MemAvailable fallback,0,19551526,1219,4,,
3454.282,30737.0,76057360,WSL MemTotal-MemAvailable fallback,0,19551526,1219,4,,
3455.315,30737.0,76054440,WSL MemTotal-MemAvailable fallback,0,19551526,1219,4,,
3456.347,30732.0,76047796,WSL MemTotal-MemAvailable fallback,0,19551526,1219,4,,
3457.38,30732.0,76049896,WSL MemTotal-MemAvailable fallback,0,19551526,1219,4,,
3458.412,30732.0,76052768,WSL MemTotal-MemAvailable fallback,0,19551526,1219,4,,
3459.444,30732.0,76051700,WSL MemTotal-MemAvailable fallback,0,19551526,1219,4,,
3460.478,30732.0,76067756,WSL MemTotal-MemAvailable fallback,0,19551526,1219,4,,
3461.514,30732.0,76066860,WSL MemTotal-MemAvailable fallback,0,19551526,1219,4,,
3462.548,30732.0,76062072,WSL MemTotal-MemAvailable fallback,0,19551526,1219,4,,
3463.582,30732.0,76057428,WSL MemTotal-MemAvailable fallback,0,19551526,1219,4,,
3464.616,30732.0,76051740,WSL MemTotal-MemAvailable fallback,0,19551526,1219,4,,
3465.65,30732.0,76053184,WSL MemTotal-MemAvailable fallback,0,19551526,1219,4,,
3466.689,30732.0,76056552,WSL MemTotal-MemAvailable fallback,0,19551526,1219,4,,
3467.721,30732.0,76051788,WSL MemTotal-MemAvailable fallback,0,19551526,1219,4,,
3468.753,30732.0,76055508,WSL MemTotal-MemAvailable fallback,0,19551526,1219,4,,
3469.785,30732.0,76052576,WSL MemTotal-MemAvailable fallback,0,19551526,1219,4,,
3470.817,30732.0,76058288,WSL MemTotal-MemAvailable fallback,0,19551526,1219,4,,
3471.849,30732.0,76050964,WSL MemTotal-MemAvailable fallback,0,19551526,1219,4,,
3472.881,30732.0,76053080,WSL MemTotal-MemAvailable fallback,0,19551526,1219,4,,
3473.913,30732.0,76051496,WSL MemTotal-MemAvailable fallback,0,19551526,1219,4,,
3474.95,30732.0,76056972,WSL MemTotal-MemAvailable fallback,0,19551526,1219,4,,
3475.986,30732.0,76058572,WSL MemTotal-MemAvailable fallback,0,19551526,1219,4,,
3477.023,30732.0,76060232,WSL MemTotal-MemAvailable fallback,0,19551526,1219,4,,
3478.06,30732.0,76059360,WSL MemTotal-MemAvailable fallback,0,19551526,1219,4,,
3479.097,30732.0,76055232,WSL MemTotal-MemAvailable fallback,0,19551526,1219,4,,
3480.134,30732.0,76060728,WSL MemTotal-MemAvailable fallback,0,19551526,1219,4,,
3481.171,30732.0,76059696,WSL MemTotal-MemAvailable fallback,0,19551526,1219,4,,
3482.208,30732.0,76046828,WSL MemTotal-MemAvailable fallback,0,19551526,1219,4,,
3483.247,30732.0,76041624,WSL MemTotal-MemAvailable fallback,0,19551526,1219,4,,
3484.28,30732.0,76044324,WSL MemTotal-MemAvailable fallback,0,19551526,1219,4,,
3485.312,30732.0,76042536,WSL MemTotal-MemAvailable fallback,0,19551526,1219,4,,
3486.345,30732.0,76040848,WSL MemTotal-MemAvailable fallback,0,19551526,1219,4,,
3487.376,30732.0,76052552,WSL MemTotal-MemAvailable fallback,0,19551526,1219,4,,
3488.408,30732.0,76054564,WSL MemTotal-MemAvailable fallback,0,19551526,1219,4,,
3489.44,30732.0,76048364,WSL MemTotal-MemAvailable fallback,0,19551526,1219,4,,
3490.473,30732.0,76045608,WSL MemTotal-MemAvailable fallback,0,19551526,1219,4,,
3491.506,30732.0,76042364,WSL MemTotal-MemAvailable fallback,0,19551526,1219,4,,
3492.538,30732.0,76047268,WSL MemTotal-MemAvailable fallback,0,19551526,1219,4,,
3493.574,30732.0,76043204,WSL MemTotal-MemAvailable fallback,0,19551526,1219,4,,
3494.607,30732.0,76049536,WSL MemTotal-MemAvailable fallback,0,19551526,1219,4,,
3495.64,30732.0,76045096,WSL MemTotal-MemAvailable fallback,0,19551526,1219,4,,
3496.673,30732.0,76045936,WSL MemTotal-MemAvailable fallback,0,19551526,1219,4,,
3497.707,30732.0,76046256,WSL MemTotal-MemAvailable fallback,0,19551526,1219,4,,
3498.739,30732.0,76050064,WSL MemTotal-MemAvailable fallback,0,19551526,1219,4,,
3499.771,30732.0,76049996,WSL MemTotal-MemAvailable fallback,0,19551526,1219,4,,
3500.803,30732.0,76064460,WSL MemTotal-MemAvailable fallback,0,19551526,1219,4,,
3501.836,30732.0,76064712,WSL MemTotal-MemAvailable fallback,0,19551526,1219,4,,
3502.869,30732.0,76063288,WSL MemTotal-MemAvailable fallback,0,19551526,1219,4,,
3503.907,30732.0,76062996,WSL MemTotal-MemAvailable fallback,0,19551526,1219,4,,
3504.945,30732.0,76055444,WSL MemTotal-MemAvailable fallback,0,19551526,1219,4,,
3505.981,30732.0,76057428,WSL MemTotal-MemAvailable fallback,0,19551526,1219,4,,
3507.021,30732.0,76058724,WSL MemTotal-MemAvailable fallback,0,19551526,1219,4,,
3508.058,30732.0,76048880,WSL MemTotal-MemAvailable fallback,0,19551526,1219,4,,
3509.095,30732.0,76047576,WSL MemTotal-MemAvailable fallback,0,19551526,1219,4,,
3510.132,30732.0,76051000,WSL MemTotal-MemAvailable fallback,0,19551526,1219,4,,
3511.169,30732.0,76050520,WSL MemTotal-MemAvailable fallback,0,19551526,1219,4,,
3512.207,30732.0,76040600,WSL MemTotal-MemAvailable fallback,0,19551526,1219,4,,
3513.245,30732.0,76039656,WSL MemTotal-MemAvailable fallback,0,19551526,1219,4,,
3514.276,30732.0,76037096,WSL MemTotal-MemAvailable fallback,0,19551526,1219,4,,
3515.309,30732.0,76040428,WSL MemTotal-MemAvailable fallback,0,19551526,1219,4,,
3516.341,30732.0,76042096,WSL MemTotal-MemAvailable fallback,0,19551526,1219,4,,
3517.376,30732.0,76039736,WSL MemTotal-MemAvailable fallback,0,19551526,1219,4,,
3518.408,30732.0,76044160,WSL MemTotal-MemAvailable fallback,0,19551526,1219,4,,
3519.447,30732.0,76043504,WSL MemTotal-MemAvailable fallback,0,19551526,1219,4,,
3520.479,30732.0,76040036,WSL MemTotal-MemAvailable fallback,0,19551526,1219,4,,
3521.513,30732.0,76043620,WSL MemTotal-MemAvailable fallback,0,19551526,1219,4,,
3522.545,30732.0,76039808,WSL MemTotal-MemAvailable fallback,0,19551526,1219,4,,
3523.577,30732.0,76034180,WSL MemTotal-MemAvailable fallback,0,19551526,1219,4,,
3524.61,30732.0,76038308,WSL MemTotal-MemAvailable fallback,0,19551526,1219,4,,
3525.643,30732.0,76035024,WSL MemTotal-MemAvailable fallback,0,19551526,1219,4,,
3526.675,30732.0,76039072,WSL MemTotal-MemAvailable fallback,0,19551526,1219,4,,
3527.706,30732.0,76040524,WSL MemTotal-MemAvailable fallback,0,19551526,1219,4,,
3528.737,30732.0,76037116,WSL MemTotal-MemAvailable fallback,0,19551526,1219,4,,
3529.768,30732.0,76032596,WSL MemTotal-MemAvailable fallback,0,19551526,1219,4,,
3530.801,30732.0,76037164,WSL MemTotal-MemAvailable fallback,0,19551526,1219,4,,
3531.833,30732.0,76043264,WSL MemTotal-MemAvailable fallback,0,19551526,1219,4,,
3532.866,30732.0,76049824,WSL MemTotal-MemAvailable fallback,0,19551526,1219,4,,
3533.898,30732.0,76053576,WSL MemTotal-MemAvailable fallback,0,19551526,1219,4,,
3534.934,30732.0,76071076,WSL MemTotal-MemAvailable fallback,0,19551526,1219,4,,
3535.971,30732.0,76059096,WSL MemTotal-MemAvailable fallback,0,19551526,1219,4,,
3537.008,30732.0,76060044,WSL MemTotal-MemAvailable fallback,0,19551526,1219,4,,
3538.044,30732.0,76082664,WSL MemTotal-MemAvailable fallback,0,19551526,1219,4,,
3539.08,30732.0,76096592,WSL MemTotal-MemAvailable fallback,0,19551526,1219,4,,
3540.117,30732.0,76110268,WSL MemTotal-MemAvailable fallback,0,19551526,1219,4,,
3541.153,30732.0,76098100,WSL MemTotal-MemAvailable fallback,0,19551526,1219,4,,
3542.19,30732.0,76086620,WSL MemTotal-MemAvailable fallback,0,19551526,1219,4,,
3543.231,30732.0,76079340,WSL MemTotal-MemAvailable fallback,0,19551526,1219,4,,
3544.262,30732.0,76069052,WSL MemTotal-MemAvailable fallback,0,19551526,1219,4,,
3545.294,30732.0,76063604,WSL MemTotal-MemAvailable fallback,0,19551526,1219,4,,
3546.325,30732.0,76060432,WSL MemTotal-MemAvailable fallback,0,19551526,1219,4,,
3547.357,30732.0,76057892,WSL MemTotal-MemAvailable fallback,0,19551526,1219,4,,
3548.389,30732.0,76055632,WSL MemTotal-MemAvailable fallback,0,19551526,1219,4,,
3549.42,30732.0,76049736,WSL MemTotal-MemAvailable fallback,0,19551526,1219,4,,
3550.452,30732.0,76047160,WSL MemTotal-MemAvailable fallback,0,19551526,1219,4,,
3551.485,30732.0,76047436,WSL MemTotal-MemAvailable fallback,0,19551526,1219,4,,
3552.516,30732.0,76050228,WSL MemTotal-MemAvailable fallback,0,19551526,1219,4,,
3553.549,30732.0,76052240,WSL MemTotal-MemAvailable fallback,0,19551526,1219,4,,
3554.583,30732.0,76041432,WSL MemTotal-MemAvailable fallback,0,19551526,1219,4,,
3555.616,30732.0,76046472,WSL MemTotal-MemAvailable fallback,0,19551526,1219,4,,
3556.648,30732.0,76039192,WSL MemTotal-MemAvailable fallback,0,19551526,1219,4,,
3557.68,30732.0,76043880,WSL MemTotal-MemAvailable fallback,0,19551526,1219,4,,
3558.712,30732.0,76049836,WSL MemTotal-MemAvailable fallback,0,19551526,1219,4,,
3559.746,30732.0,76055132,WSL MemTotal-MemAvailable fallback,0,19551526,1219,4,,
3560.778,30732.0,76055228,WSL MemTotal-MemAvailable fallback,0,19551526,1219,4,,
3561.811,30732.0,76049352,WSL MemTotal-MemAvailable fallback,0,19551526,1219,4,,
3562.845,30732.0,76043316,WSL MemTotal-MemAvailable fallback,0,19551526,1219,4,,
3563.877,30732.0,76048900,WSL MemTotal-MemAvailable fallback,0,19551526,1219,4,,
3564.917,30732.0,76041512,WSL MemTotal-MemAvailable fallback,0,19551526,1219,4,,
3565.953,30732.0,76044448,WSL MemTotal-MemAvailable fallback,0,19551526,1219,4,,
3566.991,30732.0,76037940,WSL MemTotal-MemAvailable fallback,0,19551526,1219,4,,
3568.028,30732.0,76052664,WSL MemTotal-MemAvailable fallback,0,19551526,1219,4,,
3569.067,30732.0,76060684,WSL MemTotal-MemAvailable fallback,0,19551526,1219,4,,
3570.105,30732.0,76056860,WSL MemTotal-MemAvailable fallback,0,19551526,1219,4,,
3571.142,30732.0,76056544,WSL MemTotal-MemAvailable fallback,0,19551526,1219,4,,
3572.18,30732.0,76043848,WSL MemTotal-MemAvailable fallback,0,19551526,1219,4,,
3573.224,30732.0,76033824,WSL MemTotal-MemAvailable fallback,0,19551526,1219,4,,
3574.255,30732.0,76035308,WSL MemTotal-MemAvailable fallback,0,19551526,1219,4,,
3575.288,30732.0,76035980,WSL MemTotal-MemAvailable fallback,0,19551526,1219,4,,
3576.32,30732.0,76034636,WSL MemTotal-MemAvailable fallback,0,19551526,1219,4,,
3577.353,30732.0,76034148,WSL MemTotal-MemAvailable fallback,0,19551526,1219,4,,
3578.386,30732.0,76035072,WSL MemTotal-MemAvailable fallback,0,19551526,1219,4,,
3579.419,30732.0,76029804,WSL MemTotal-MemAvailable fallback,0,19551526,1219,4,,
3580.451,30732.0,76033320,WSL MemTotal-MemAvailable fallback,0,19551526,1219,4,,
3581.484,30732.0,76035360,WSL MemTotal-MemAvailable fallback,0,19551526,1219,4,,
3582.516,30732.0,76037056,WSL MemTotal-MemAvailable fallback,0,19551526,1219,4,,
3583.549,30732.0,76044048,WSL MemTotal-MemAvailable fallback,0,19551526,1219,4,,
3584.581,30732.0,76052364,WSL MemTotal-MemAvailable fallback,0,19551526,1219,4,,
3585.614,30732.0,76044384,WSL MemTotal-MemAvailable fallback,0,19551526,1219,4,,
3586.648,30732.0,76042136,WSL MemTotal-MemAvailable fallback,0,19551526,1219,4,,
3587.689,30732.0,76022440,WSL MemTotal-MemAvailable fallback,0,19551526,1219,4,,
3588.72,30732.0,76031044,WSL MemTotal-MemAvailable fallback,0,19551526,1219,4,,
3589.752,30732.0,76035076,WSL MemTotal-MemAvailable fallback,0,19551526,1219,4,,
3590.785,30732.0,76032284,WSL MemTotal-MemAvailable fallback,0,19551526,1219,4,,
3591.817,30732.0,76023748,WSL MemTotal-MemAvailable fallback,0,19551526,1219,4,,
3592.848,30732.0,76022600,WSL MemTotal-MemAvailable fallback,0,19551526,1219,4,,
3593.881,30732.0,76016832,WSL MemTotal-MemAvailable fallback,0,19551526,1219,4,,
3594.918,30732.0,76023996,WSL MemTotal-MemAvailable fallback,0,19551526,1219,4,,
3595.955,30732.0,76028156,WSL MemTotal-MemAvailable fallback,0,19551526,1219,4,,
3596.991,30732.0,76025900,WSL MemTotal-MemAvailable fallback,0,19551526,1219,4,,
3598.029,30732.0,76026116,WSL MemTotal-MemAvailable fallback,0,19551526,1219,4,,
3599.066,30732.0,76024512,WSL MemTotal-MemAvailable fallback,0,19551526,1219,4,,
3600.103,30732.0,76027364,WSL MemTotal-MemAvailable fallback,0,19551526,1219,4,,
3601.141,30732.0,76023052,WSL MemTotal-MemAvailable fallback,0,19551526,1219,4,,
3602.18,30732.0,76033308,WSL MemTotal-MemAvailable fallback,0,19551526,1219,4,,
3603.222,30732.0,76029996,WSL MemTotal-MemAvailable fallback,0,19551526,1219,4,,
3604.255,30732.0,76032796,WSL MemTotal-MemAvailable fallback,0,19551526,1219,4,,
3605.287,30732.0,76032128,WSL MemTotal-MemAvailable fallback,0,19551526,1219,4,,
3606.32,30732.0,76033612,WSL MemTotal-MemAvailable fallback,0,19551526,1219,4,,
3607.353,30732.0,76033220,WSL MemTotal-MemAvailable fallback,0,19551526,1219,4,,
3608.386,30732.0,76035236,WSL MemTotal-MemAvailable fallback,0,19551526,1219,4,,
3609.419,30732.0,76033212,WSL MemTotal-MemAvailable fallback,0,19551526,1219,4,,
3610.452,30732.0,76033276,WSL MemTotal-MemAvailable fallback,0,19551526,1219,4,,
3611.485,30732.0,76031072,WSL MemTotal-MemAvailable fallback,0,19551526,1219,4,,
3612.516,30732.0,76025640,WSL MemTotal-MemAvailable fallback,0,19551526,1219,4,,
3613.549,30732.0,76032460,WSL MemTotal-MemAvailable fallback,0,19551526,1219,4,,
3614.581,30732.0,76026704,WSL MemTotal-MemAvailable fallback,0,19551526,1219,4,,
3615.614,30732.0,76029104,WSL MemTotal-MemAvailable fallback,0,19551526,1219,4,,
3616.647,30732.0,76033572,WSL MemTotal-MemAvailable fallback,0,19551526,1219,4,,
3617.681,30732.0,76033908,WSL MemTotal-MemAvailable fallback,0,19551526,1219,4,,
3618.714,30732.0,76033480,WSL MemTotal-MemAvailable fallback,0,19551526,1219,4,,
3619.747,30732.0,76037976,WSL MemTotal-MemAvailable fallback,0,19551526,1219,4,,
3620.778,30732.0,76041700,WSL MemTotal-MemAvailable fallback,0,19551526,1219,4,,
3621.811,30732.0,76041972,WSL MemTotal-MemAvailable fallback,0,19551526,1219,4,,
3622.847,30732.0,76043956,WSL MemTotal-MemAvailable fallback,0,19551526,1219,4,,
3623.878,30732.0,76042928,WSL MemTotal-MemAvailable fallback,0,19551526,1219,4,,
3624.914,30732.0,76036536,WSL MemTotal-MemAvailable fallback,0,19551526,1219,4,,
3625.951,30732.0,76036804,WSL MemTotal-MemAvailable fallback,0,19551526,1219,4,,
3626.987,30732.0,76039124,WSL MemTotal-MemAvailable fallback,0,19551526,1219,4,,
3628.029,30732.0,76043628,WSL MemTotal-MemAvailable fallback,0,19551526,1219,4,,
3629.067,30732.0,76042588,WSL MemTotal-MemAvailable fallback,0,19551526,1219,4,,
3630.105,30732.0,76037988,WSL MemTotal-MemAvailable fallback,0,19551526,1219,4,,
3631.142,30732.0,76044736,WSL MemTotal-MemAvailable fallback,0,19551526,1219,4,,
3632.179,30732.0,76037360,WSL MemTotal-MemAvailable fallback,0,19551526,1219,4,,
3633.219,30732.0,76040268,WSL MemTotal-MemAvailable fallback,0,19551526,1219,4,,
3634.251,30732.0,76038008,WSL MemTotal-MemAvailable fallback,0,19551526,1219,4,,
3635.282,30732.0,76037496,WSL MemTotal-MemAvailable fallback,0,19551526,1219,4,,
3636.314,30733.0,76041608,WSL MemTotal-MemAvailable fallback,0,19551526,1219,4,,
3637.347,30732.0,76041428,WSL MemTotal-MemAvailable fallback,0,19551526,1219,4,,
3638.379,30732.0,76042628,WSL MemTotal-MemAvailable fallback,0,19551526,1219,4,,
3639.412,30732.0,76039268,WSL MemTotal-MemAvailable fallback,0,19551526,1219,4,,
3640.445,30732.0,76043152,WSL MemTotal-MemAvailable fallback,0,19551526,1219,4,,
3641.477,30732.0,76039864,WSL MemTotal-MemAvailable fallback,0,19551526,1219,4,,
3642.509,30733.0,76044092,WSL MemTotal-MemAvailable fallback,0,19551526,1219,4,,
3643.541,30733.0,76039708,WSL MemTotal-MemAvailable fallback,0,19551526,1219,4,,
3644.576,30733.0,76043048,WSL MemTotal-MemAvailable fallback,0,19551526,1219,4,,
3645.609,30732.0,76042592,WSL MemTotal-MemAvailable fallback,0,19551526,1219,4,,
3646.642,30732.0,76047036,WSL MemTotal-MemAvailable fallback,0,19551526,1219,4,,
3647.674,30732.0,76046088,WSL MemTotal-MemAvailable fallback,0,19551526,1219,4,,
3648.705,30733.0,76034304,WSL MemTotal-MemAvailable fallback,0,19551526,1219,4,,
3649.737,30733.0,76039540,WSL MemTotal-MemAvailable fallback,0,19551526,1219,4,,
3650.769,30732.0,76040356,WSL MemTotal-MemAvailable fallback,0,19551526,1219,4,,
3651.801,30732.0,76042832,WSL MemTotal-MemAvailable fallback,0,19551526,1219,4,,
3652.833,30732.0,76038732,WSL MemTotal-MemAvailable fallback,0,19551526,1219,4,,
3653.866,30732.0,76042620,WSL MemTotal-MemAvailable fallback,0,19551526,1219,4,,
3654.903,30732.0,76044484,WSL MemTotal-MemAvailable fallback,0,19551526,1219,4,,
3655.939,30732.0,76043400,WSL MemTotal-MemAvailable fallback,0,19551526,1219,4,,
3656.975,30733.0,76044688,WSL MemTotal-MemAvailable fallback,0,19551526,1219,4,,
3658.012,30733.0,76047000,WSL MemTotal-MemAvailable fallback,0,19551526,1219,4,,
3659.049,30733.0,76046536,WSL MemTotal-MemAvailable fallback,0,19551526,1219,4,,
3660.088,30732.0,76085320,WSL MemTotal-MemAvailable fallback,0,19551526,1219,4,,
3661.125,30732.0,76071004,WSL MemTotal-MemAvailable fallback,0,19551526,1219,4,,
3662.163,30733.0,76063184,WSL MemTotal-MemAvailable fallback,0,19551526,1219,4,,
3663.201,30732.0,76063556,WSL MemTotal-MemAvailable fallback,0,19551526,1219,4,,
3664.233,30732.0,76063456,WSL MemTotal-MemAvailable fallback,0,19551526,1219,4,,
3665.265,30732.0,76064136,WSL MemTotal-MemAvailable fallback,0,19551526,1219,4,,
3666.296,30732.0,76069884,WSL MemTotal-MemAvailable fallback,0,19551526,1219,4,,
3667.329,30732.0,76065928,WSL MemTotal-MemAvailable fallback,0,19551526,1219,4,,
3668.361,30732.0,76063184,WSL MemTotal-MemAvailable fallback,0,19551526,1219,4,,
3669.392,30732.0,76066588,WSL MemTotal-MemAvailable fallback,0,19551526,1219,4,,
3670.427,30732.0,76061616,WSL MemTotal-MemAvailable fallback,0,19551526,1219,4,,
3671.46,30732.0,76062504,WSL MemTotal-MemAvailable fallback,0,19551526,1219,4,,
3672.492,30733.0,76057956,WSL MemTotal-MemAvailable fallback,0,19551526,1219,4,,
3673.525,30733.0,76056480,WSL MemTotal-MemAvailable fallback,0,19551526,1219,4,,
3674.558,30732.0,76053756,WSL MemTotal-MemAvailable fallback,0,19551526,1219,4,,
3675.593,30732.0,76047676,WSL MemTotal-MemAvailable fallback,0,19551526,1219,4,,
3676.625,30732.0,76051744,WSL MemTotal-MemAvailable fallback,0,19551526,1219,4,,
3677.656,30732.0,76056912,WSL MemTotal-MemAvailable fallback,0,19551526,1219,4,,
3678.688,30732.0,76060276,WSL MemTotal-MemAvailable fallback,0,19551526,1219,4,,
3679.719,30732.0,76058356,WSL MemTotal-MemAvailable fallback,0,19551526,1219,4,,
3680.752,30732.0,76057684,WSL MemTotal-MemAvailable fallback,0,19551526,1219,4,,
3681.784,30732.0,76056836,WSL MemTotal-MemAvailable fallback,0,19551526,1219,4,,
3682.816,30732.0,76061112,WSL MemTotal-MemAvailable fallback,0,19551526,1219,4,,
3683.848,30732.0,76056656,WSL MemTotal-MemAvailable fallback,0,19551526,1219,4,,
3684.884,30732.0,76052060,WSL MemTotal-MemAvailable fallback,0,19551526,1219,4,,
3685.919,30732.0,76046408,WSL MemTotal-MemAvailable fallback,0,19551526,1219,4,,
3686.957,30732.0,76048944,WSL MemTotal-MemAvailable fallback,0,19551526,1219,4,,
3687.994,30732.0,76052496,WSL MemTotal-MemAvailable fallback,0,19551526,1219,4,,
3689.031,30732.0,76055660,WSL MemTotal-MemAvailable fallback,0,19551526,1219,4,,
3690.071,30733.0,76053740,WSL MemTotal-MemAvailable fallback,0,19551526,1219,4,,
3691.107,30733.0,76048924,WSL MemTotal-MemAvailable fallback,0,19551526,1219,4,,
3692.147,30733.0,76041416,WSL MemTotal-MemAvailable fallback,0,19551526,1219,4,,
3693.187,30733.0,76046456,WSL MemTotal-MemAvailable fallback,0,19551526,1219,4,,
3694.218,30733.0,76044540,WSL MemTotal-MemAvailable fallback,0,19551526,1219,4,,
3695.252,30732.0,76042672,WSL MemTotal-MemAvailable fallback,0,19551526,1219,4,,
3696.284,30732.0,76046132,WSL MemTotal-MemAvailable fallback,0,19551526,1219,4,,
3697.317,30732.0,76045016,WSL MemTotal-MemAvailable fallback,0,19551526,1219,4,,
3698.349,30733.0,76049244,WSL MemTotal-MemAvailable fallback,0,19551526,1219,4,,
3699.387,30733.0,76046400,WSL MemTotal-MemAvailable fallback,0,19551526,1219,4,,
3700.42,30733.0,76042868,WSL MemTotal-MemAvailable fallback,0,19551526,1219,4,,
3701.454,30732.0,76038220,WSL MemTotal-MemAvailable fallback,0,19551526,1219,4,,
3702.486,30732.0,76045008,WSL MemTotal-MemAvailable fallback,0,19551526,1219,4,,
3703.521,30732.0,76042120,WSL MemTotal-MemAvailable fallback,0,19551526,1219,4,,
3704.554,30732.0,76041324,WSL MemTotal-MemAvailable fallback,0,19551526,1219,4,,
3705.588,30732.0,76043476,WSL MemTotal-MemAvailable fallback,0,19551526,1219,4,,
3706.619,30732.0,76041820,WSL MemTotal-MemAvailable fallback,0,19551526,1219,4,,
3707.651,30732.0,76057676,WSL MemTotal-MemAvailable fallback,0,19551526,1219,4,,
3708.682,30732.0,76060952,WSL MemTotal-MemAvailable fallback,0,19551526,1219,4,,
3709.713,30732.0,76058792,WSL MemTotal-MemAvailable fallback,0,19551526,1219,4,,
3710.745,30732.0,76063428,WSL MemTotal-MemAvailable fallback,0,19551526,1219,4,,
3711.777,30732.0,76061488,WSL MemTotal-MemAvailable fallback,0,19551526,1219,4,,
3712.811,30732.0,76057988,WSL MemTotal-MemAvailable fallback,0,19551526,1219,4,,
3713.846,30732.0,76062104,WSL MemTotal-MemAvailable fallback,0,19551526,1219,4,,
3714.882,30732.0,76053656,WSL MemTotal-MemAvailable fallback,0,19551526,1219,4,,
3715.919,30732.0,76054432,WSL MemTotal-MemAvailable fallback,0,19551526,1219,4,,
3716.956,30732.0,76040628,WSL MemTotal-MemAvailable fallback,0,19551526,1219,4,,
3717.993,30732.0,76045308,WSL MemTotal-MemAvailable fallback,0,19551526,1219,4,,
3719.029,30732.0,76042384,WSL MemTotal-MemAvailable fallback,0,19551526,1219,4,,
3720.067,30732.0,76043292,WSL MemTotal-MemAvailable fallback,0,19551526,1219,4,,
3721.104,30732.0,76047264,WSL MemTotal-MemAvailable fallback,0,19551526,1219,4,,
3722.142,30733.0,76044300,WSL MemTotal-MemAvailable fallback,0,19551526,1219,4,,
3723.18,30733.0,76045696,WSL MemTotal-MemAvailable fallback,0,19551526,1219,4,,
3724.213,30733.0,76045264,WSL MemTotal-MemAvailable fallback,0,19551526,1219,4,,
3725.245,30733.0,76046132,WSL MemTotal-MemAvailable fallback,0,19551526,1219,4,,
3726.281,30733.0,76038792,WSL MemTotal-MemAvailable fallback,0,19551526,1219,4,,
3727.313,30733.0,76038288,WSL MemTotal-MemAvailable fallback,0,19551526,1219,4,,
3728.346,30733.0,76041660,WSL MemTotal-MemAvailable fallback,0,19551526,1219,4,,
3729.379,30733.0,76040004,WSL MemTotal-MemAvailable fallback,0,19551526,1219,4,,
3730.412,30733.0,76047284,WSL MemTotal-MemAvailable fallback,0,19551526,1219,4,,
3731.447,30733.0,76052304,WSL MemTotal-MemAvailable fallback,0,19551526,1219,4,,
3732.48,30733.0,76052144,WSL MemTotal-MemAvailable fallback,0,19551526,1219,4,,
3733.521,30733.0,76052244,WSL MemTotal-MemAvailable fallback,0,19551526,1219,4,,
3734.555,30733.0,76048464,WSL MemTotal-MemAvailable fallback,0,19551526,1219,4,,
3735.586,30733.0,76043284,WSL MemTotal-MemAvailable fallback,0,19551526,1219,4,,
3736.62,30733.0,76042660,WSL MemTotal-MemAvailable fallback,0,19551526,1219,4,,
3737.653,30733.0,76048768,WSL MemTotal-MemAvailable fallback,0,19551526,1219,4,,
3738.684,30732.0,76053436,WSL MemTotal-MemAvailable fallback,0,19551526,1219,4,,
3739.717,30732.0,76055368,WSL MemTotal-MemAvailable fallback,0,19551526,1219,4,,
3740.749,30732.0,76049916,WSL MemTotal-MemAvailable fallback,0,19551526,1219,4,,
3741.782,30732.0,76051944,WSL MemTotal-MemAvailable fallback,0,19551526,1219,4,,
3742.814,30732.0,76055308,WSL MemTotal-MemAvailable fallback,0,19551526,1219,4,,
3743.847,30732.0,76047240,WSL MemTotal-MemAvailable fallback,0,19551526,1219,4,,
3744.88,30732.0,76051160,WSL MemTotal-MemAvailable fallback,0,19551526,1219,4,,
3745.936,30732.0,76036876,WSL MemTotal-MemAvailable fallback,0,19551526,1219,4,,
3747.0,30733.0,75999476,WSL MemTotal-MemAvailable fallback,0,19551526,1219,4,,
3748.04,30733.0,75999388,WSL MemTotal-MemAvailable fallback,0,19551526,1219,4,,
3749.09,30732.0,75988848,WSL MemTotal-MemAvailable fallback,0,19551526,1219,4,,
3750.13,30732.0,75994832,WSL MemTotal-MemAvailable fallback,0,19551526,1219,4,,
3751.177,30732.0,75996212,WSL MemTotal-MemAvailable fallback,0,19551526,1219,4,,
3752.25,30732.0,76127368,WSL MemTotal-MemAvailable fallback,0,19551527,1219,4,,
3753.311,30732.0,75993204,WSL MemTotal-MemAvailable fallback,0,19551528,1219,4,,
3754.356,30732.0,76008804,WSL MemTotal-MemAvailable fallback,0,19551528,1219,4,,
3755.401,30732.0,75994824,WSL MemTotal-MemAvailable fallback,0,19551528,1219,4,,
3756.442,30732.0,75991092,WSL MemTotal-MemAvailable fallback,0,19551528,1219,4,,
3757.483,30732.0,75994336,WSL MemTotal-MemAvailable fallback,0,19551528,1219,4,,
3758.517,30732.0,75984212,WSL MemTotal-MemAvailable fallback,0,19551528,1219,4,,
3759.558,30732.0,75987692,WSL MemTotal-MemAvailable fallback,0,19551528,1219,4,,
3760.595,30732.0,75989892,WSL MemTotal-MemAvailable fallback,0,19551528,1219,4,,
3761.633,30732.0,75984428,WSL MemTotal-MemAvailable fallback,0,19551528,1219,4,,
3762.667,30732.0,75987596,WSL MemTotal-MemAvailable fallback,0,19551528,1219,4,,
3763.7,30732.0,76068912,WSL MemTotal-MemAvailable fallback,0,19551528,1219,4,,
3764.735,30732.0,75990020,WSL MemTotal-MemAvailable fallback,0,19551528,1219,4,,
3765.77,30732.0,75988556,WSL MemTotal-MemAvailable fallback,0,19551528,1219,4,,
3766.808,30732.0,75981264,WSL MemTotal-MemAvailable fallback,0,19551528,1219,4,,
3767.844,30732.0,75990784,WSL MemTotal-MemAvailable fallback,0,19551528,1219,4,,
3768.879,30732.0,75992296,WSL MemTotal-MemAvailable fallback,0,19551528,1219,4,,
3769.915,30732.0,75989532,WSL MemTotal-MemAvailable fallback,0,19551528,1219,4,,
3770.951,30732.0,75994628,WSL MemTotal-MemAvailable fallback,0,19551528,1219,4,,
3771.986,30732.0,75997680,WSL MemTotal-MemAvailable fallback,0,19551528,1219,4,,
3773.035,30732.0,75992440,WSL MemTotal-MemAvailable fallback,0,19551528,1219,4,,
3774.069,30732.0,75995404,WSL MemTotal-MemAvailable fallback,0,19551528,1219,4,,
3775.107,30732.0,75982284,WSL MemTotal-MemAvailable fallback,0,19551528,1219,4,,
3776.144,30732.0,75986140,WSL MemTotal-MemAvailable fallback,0,19551528,1219,4,,
3777.181,30732.0,75984748,WSL MemTotal-MemAvailable fallback,0,19551528,1219,4,,
3778.217,30732.0,75980356,WSL MemTotal-MemAvailable fallback,0,19551528,1219,4,,
3779.254,30732.0,75984248,WSL MemTotal-MemAvailable fallback,0,19551528,1219,4,,
3780.29,30732.0,75986700,WSL MemTotal-MemAvailable fallback,0,19551528,1219,4,,
3781.325,30732.0,75985164,WSL MemTotal-MemAvailable fallback,0,19551528,1219,4,,
3782.365,30732.0,75982052,WSL MemTotal-MemAvailable fallback,0,19551528,1219,4,,
3783.417,30732.0,75982024,WSL MemTotal-MemAvailable fallback,0,19551528,1219,4,,
3784.462,30732.0,75979568,WSL MemTotal-MemAvailable fallback,0,19551528,1219,4,,
3785.507,30732.0,75991044,WSL MemTotal-MemAvailable fallback,0,19551528,1219,4,,
3786.541,30732.0,75988432,WSL MemTotal-MemAvailable fallback,0,19551528,1219,4,,
3787.575,30732.0,75985448,WSL MemTotal-MemAvailable fallback,0,19551528,1219,4,,
3788.608,30732.0,75987388,WSL MemTotal-MemAvailable fallback,0,19551528,1219,4,,
3789.641,30732.0,75991748,WSL MemTotal-MemAvailable fallback,0,19551528,1219,4,,
3790.683,30732.0,75990560,WSL MemTotal-MemAvailable fallback,0,19551528,1219,4,,
3791.72,30732.0,75996088,WSL MemTotal-MemAvailable fallback,0,19551528,1219,4,,
3792.757,30732.0,75995428,WSL MemTotal-MemAvailable fallback,0,19551528,1219,4,,
3793.81,30732.0,75993260,WSL MemTotal-MemAvailable fallback,0,19551528,1219,4,,
3794.843,30732.0,75993044,WSL MemTotal-MemAvailable fallback,0,19551528,1219,4,,
3795.877,30732.0,75989208,WSL MemTotal-MemAvailable fallback,0,19551528,1219,4,,
3796.918,30732.0,75992380,WSL MemTotal-MemAvailable fallback,0,19551528,1219,4,,
3797.951,30732.0,75995500,WSL MemTotal-MemAvailable fallback,0,19551528,1219,4,,
3798.985,30732.0,76001284,WSL MemTotal-MemAvailable fallback,0,19551528,1219,4,,
3800.018,30732.0,76000140,WSL MemTotal-MemAvailable fallback,0,19551528,1219,4,,
3801.051,30732.0,76002452,WSL MemTotal-MemAvailable fallback,0,19551528,1219,4,,
3802.084,30732.0,76003472,WSL MemTotal-MemAvailable fallback,0,19551528,1219,4,,
3803.119,30732.0,75995724,WSL MemTotal-MemAvailable fallback,0,19551528,1219,4,,
3804.165,30732.0,75990056,WSL MemTotal-MemAvailable fallback,0,19551528,1219,4,,
3805.203,30732.0,75994088,WSL MemTotal-MemAvailable fallback,0,19551528,1219,4,,
3806.241,30732.0,75991088,WSL MemTotal-MemAvailable fallback,0,19551528,1219,4,,
3807.278,30732.0,75993480,WSL MemTotal-MemAvailable fallback,0,19551528,1219,4,,
3808.315,30732.0,75997984,WSL MemTotal-MemAvailable fallback,0,19551528,1219,4,,
3809.352,30732.0,76002556,WSL MemTotal-MemAvailable fallback,0,19551528,1219,4,,
3810.39,30732.0,76000436,WSL MemTotal-MemAvailable fallback,0,19551528,1219,4,,
3811.427,30732.0,75996096,WSL MemTotal-MemAvailable fallback,0,19551528,1219,4,,
3812.468,30732.0,76001816,WSL MemTotal-MemAvailable fallback,0,19551528,1219,4,,
3813.518,30732.0,76003108,WSL MemTotal-MemAvailable fallback,0,19551528,1219,4,,
3814.557,30732.0,75998728,WSL MemTotal-MemAvailable fallback,0,19551528,1219,4,,
3815.594,30732.0,75997272,WSL MemTotal-MemAvailable fallback,0,19551528,1219,4,,
3816.63,30732.0,75992812,WSL MemTotal-MemAvailable fallback,0,19551528,1219,4,,
3817.662,30732.0,75993664,WSL MemTotal-MemAvailable fallback,0,19551528,1219,4,,
3818.697,30732.0,75993412,WSL MemTotal-MemAvailable fallback,0,19551528,1219,4,,
3819.731,30732.0,75995456,WSL MemTotal-MemAvailable fallback,0,19551528,1219,4,,
3820.766,30732.0,75995940,WSL MemTotal-MemAvailable fallback,0,19551528,1219,4,,
3821.803,30732.0,75997752,WSL MemTotal-MemAvailable fallback,0,19551528,1219,4,,
3822.84,30732.0,76010216,WSL MemTotal-MemAvailable fallback,0,19551528,1219,4,,
3823.878,30732.0,76003736,WSL MemTotal-MemAvailable fallback,0,19551528,1219,4,,
3824.912,30732.0,75996564,WSL MemTotal-MemAvailable fallback,0,19551528,1219,4,,
3825.946,30732.0,75994864,WSL MemTotal-MemAvailable fallback,0,19551528,1219,4,,
3826.986,30732.0,76001808,WSL MemTotal-MemAvailable fallback,0,19551528,1219,4,,
3828.018,30732.0,76000284,WSL MemTotal-MemAvailable fallback,0,19551528,1219,4,,
3829.051,30732.0,75997516,WSL MemTotal-MemAvailable fallback,0,19551528,1219,4,,
3830.083,30732.0,76002528,WSL MemTotal-MemAvailable fallback,0,19551528,1219,4,,
3831.116,30732.0,75999576,WSL MemTotal-MemAvailable fallback,0,19551528,1219,4,,
3832.149,30733.0,76003568,WSL MemTotal-MemAvailable fallback,0,19551528,1219,4,,
3833.183,30733.0,76002056,WSL MemTotal-MemAvailable fallback,0,19551528,1219,4,,
3834.216,30732.0,76005512,WSL MemTotal-MemAvailable fallback,0,19551528,1219,4,,
3835.265,30732.0,75999516,WSL MemTotal-MemAvailable fallback,0,19551528,1219,4,,
3836.302,30732.0,76002712,WSL MemTotal-MemAvailable fallback,0,19551528,1219,4,,
3837.339,30733.0,76006640,WSL MemTotal-MemAvailable fallback,0,19551528,1219,4,,
3838.375,30733.0,76007120,WSL MemTotal-MemAvailable fallback,0,19551528,1219,4,,
3839.412,30732.0,75998368,WSL MemTotal-MemAvailable fallback,0,19551528,1219,4,,
3840.449,30732.0,76002124,WSL MemTotal-MemAvailable fallback,0,19551528,1219,4,,
3841.487,30732.0,75997560,WSL MemTotal-MemAvailable fallback,0,19551528,1219,4,,
3842.536,30732.0,76000132,WSL MemTotal-MemAvailable fallback,0,19551528,1219,4,,
3843.588,30732.0,76005532,WSL MemTotal-MemAvailable fallback,0,19551528,1219,4,,
3844.626,30732.0,76004492,WSL MemTotal-MemAvailable fallback,0,19551528,1219,4,,
3845.663,30733.0,76001588,WSL MemTotal-MemAvailable fallback,0,19551528,1219,4,,
3846.699,30732.0,76005764,WSL MemTotal-MemAvailable fallback,0,19551528,1219,4,,
3847.731,30733.0,76003456,WSL MemTotal-MemAvailable fallback,0,19551528,1219,4,,
3848.763,30732.0,76007428,WSL MemTotal-MemAvailable fallback,0,19551528,1219,4,,
3849.796,30732.0,75996616,WSL MemTotal-MemAvailable fallback,0,19551528,1219,4,,
3850.828,30732.0,76002048,WSL MemTotal-MemAvailable fallback,0,19551528,1219,4,,
3851.862,30733.0,76002476,WSL MemTotal-MemAvailable fallback,0,19551528,1219,4,,
3852.895,30733.0,76003972,WSL MemTotal-MemAvailable fallback,0,19551528,1219,4,,
3853.929,30733.0,75998204,WSL MemTotal-MemAvailable fallback,0,19551528,1219,4,,
3854.962,30733.0,76000604,WSL MemTotal-MemAvailable fallback,0,19551528,1219,4,,
3855.997,30733.0,76004932,WSL MemTotal-MemAvailable fallback,0,19551528,1219,4,,
3857.042,30732.0,76001876,WSL MemTotal-MemAvailable fallback,0,19551528,1219,4,,
3858.076,30732.0,76001332,WSL MemTotal-MemAvailable fallback,0,19551528,1219,4,,
3859.109,30732.0,75999600,WSL MemTotal-MemAvailable fallback,0,19551528,1219,4,,
3860.141,30732.0,75995728,WSL MemTotal-MemAvailable fallback,0,19551528,1219,4,,
3861.175,30732.0,75994432,WSL MemTotal-MemAvailable fallback,0,19551528,1219,4,,
3862.21,30732.0,75991996,WSL MemTotal-MemAvailable fallback,0,19551528,1219,4,,
3863.244,30732.0,75988916,WSL MemTotal-MemAvailable fallback,0,19551528,1219,4,,
3864.282,30732.0,75991240,WSL MemTotal-MemAvailable fallback,0,19551528,1219,4,,
3865.319,30732.0,75989076,WSL MemTotal-MemAvailable fallback,0,19551528,1219,4,,
3866.357,30732.0,75982840,WSL MemTotal-MemAvailable fallback,0,19551528,1219,4,,
3867.395,30733.0,75984744,WSL MemTotal-MemAvailable fallback,0,19551528,1219,4,,
3868.432,30733.0,75988252,WSL MemTotal-MemAvailable fallback,0,19551528,1219,4,,
3869.469,30733.0,75990248,WSL MemTotal-MemAvailable fallback,0,19551528,1219,4,,
3870.507,30733.0,75992100,WSL MemTotal-MemAvailable fallback,0,19551528,1219,4,,
3871.545,30733.0,75984408,WSL MemTotal-MemAvailable fallback,0,19551528,1219,4,,
3872.581,30732.0,75983272,WSL MemTotal-MemAvailable fallback,0,19551529,1219,4,,
3873.626,30733.0,75987136,WSL MemTotal-MemAvailable fallback,0,19551529,1219,4,,
3874.662,30733.0,75996208,WSL MemTotal-MemAvailable fallback,0,19551529,1219,4,,
3875.699,30733.0,75986104,WSL MemTotal-MemAvailable fallback,0,19551529,1219,4,,
3876.731,30733.0,75987008,WSL MemTotal-MemAvailable fallback,0,19551529,1219,4,,
3877.764,30732.0,75985912,WSL MemTotal-MemAvailable fallback,0,19551529,1219,4,,
3878.796,30732.0,75985268,WSL MemTotal-MemAvailable fallback,0,19551529,1219,4,,
3879.831,30732.0,75982956,WSL MemTotal-MemAvailable fallback,0,19551529,1219,4,,
3880.863,30732.0,75985696,WSL MemTotal-MemAvailable fallback,0,19551529,1219,4,,
3881.897,30732.0,75989548,WSL MemTotal-MemAvailable fallback,0,19551529,1219,4,,
3882.93,30732.0,75991192,WSL MemTotal-MemAvailable fallback,0,19551529,1219,4,,
3883.963,30732.0,75988708,WSL MemTotal-MemAvailable fallback,0,19551529,1219,4,,
3884.997,30732.0,75980492,WSL MemTotal-MemAvailable fallback,0,19551529,1219,4,,
3886.03,30732.0,75976976,WSL MemTotal-MemAvailable fallback,0,19551529,1219,4,,
3887.064,30732.0,75981120,WSL MemTotal-MemAvailable fallback,0,19551529,1219,4,,
3888.096,30732.0,75982656,WSL MemTotal-MemAvailable fallback,0,19551529,1219,4,,
3889.128,30732.0,75981744,WSL MemTotal-MemAvailable fallback,0,19551529,1219,4,,
3890.16,30732.0,75987276,WSL MemTotal-MemAvailable fallback,0,19551529,1219,4,,
3891.193,30732.0,75987448,WSL MemTotal-MemAvailable fallback,0,19551529,1219,4,,
3892.225,30733.0,75988428,WSL MemTotal-MemAvailable fallback,0,19551529,1219,4,,
3893.259,30732.0,75989112,WSL MemTotal-MemAvailable fallback,0,19551529,1219,4,,
3894.296,30732.0,75987036,WSL MemTotal-MemAvailable fallback,0,19551529,1219,4,,
3895.333,30732.0,75984964,WSL MemTotal-MemAvailable fallback,0,19551529,1219,4,,
3896.37,30732.0,75990040,WSL MemTotal-MemAvailable fallback,0,19551529,1219,4,,
3897.406,30732.0,75989568,WSL MemTotal-MemAvailable fallback,0,19551529,1219,4,,
3898.443,30732.0,75999152,WSL MemTotal-MemAvailable fallback,0,19551529,1219,4,,
3899.481,30732.0,75997044,WSL MemTotal-MemAvailable fallback,0,19551529,1219,4,,
3900.519,30732.0,75995168,WSL MemTotal-MemAvailable fallback,0,19551529,1219,4,,
3901.556,30732.0,75993236,WSL MemTotal-MemAvailable fallback,0,19551529,1219,4,,
3902.599,30732.0,76017380,WSL MemTotal-MemAvailable fallback,0,19551529,1219,4,,
3903.651,30732.0,76033256,WSL MemTotal-MemAvailable fallback,0,19551529,1219,4,,
3904.687,30732.0,76049132,WSL MemTotal-MemAvailable fallback,0,19551529,1219,4,,
3905.723,30732.0,76041320,WSL MemTotal-MemAvailable fallback,0,19551529,1219,4,,
3906.756,30732.0,76037560,WSL MemTotal-MemAvailable fallback,0,19551529,1219,4,,
3907.788,30733.0,76030580,WSL MemTotal-MemAvailable fallback,0,19551529,1219,4,,
3908.821,30733.0,76031012,WSL MemTotal-MemAvailable fallback,0,19551529,1219,4,,
3909.855,30732.0,76023008,WSL MemTotal-MemAvailable fallback,0,19551529,1219,4,,
3910.889,30732.0,76022468,WSL MemTotal-MemAvailable fallback,0,19551529,1219,4,,
3911.922,30732.0,76022924,WSL MemTotal-MemAvailable fallback,0,19551529,1219,4,,
3912.955,30732.0,76022912,WSL MemTotal-MemAvailable fallback,0,19551529,1219,4,,
3913.989,30732.0,76019040,WSL MemTotal-MemAvailable fallback,0,19551529,1219,4,,
3915.022,30732.0,76013232,WSL MemTotal-MemAvailable fallback,0,19551529,1219,4,,
3916.056,30732.0,76016208,WSL MemTotal-MemAvailable fallback,0,19551529,1219,4,,
3917.096,30732.0,76029036,WSL MemTotal-MemAvailable fallback,0,19551529,1219,4,,
3918.129,30732.0,76011992,WSL MemTotal-MemAvailable fallback,0,19551529,1219,4,,
3919.162,30733.0,76010624,WSL MemTotal-MemAvailable fallback,0,19551529,1219,4,,
3920.195,30732.0,76011264,WSL MemTotal-MemAvailable fallback,0,19551529,1219,4,,
3921.228,30733.0,76007056,WSL MemTotal-MemAvailable fallback,0,19551529,1219,4,,
3922.261,30733.0,76007228,WSL MemTotal-MemAvailable fallback,0,19551529,1219,4,,
3923.295,30732.0,76007512,WSL MemTotal-MemAvailable fallback,0,19551529,1219,4,,
3924.331,30732.0,75988716,WSL MemTotal-MemAvailable fallback,0,19551529,1219,4,,
3925.369,30732.0,75994004,WSL MemTotal-MemAvailable fallback,0,19551529,1219,4,,
3926.407,30732.0,75991376,WSL MemTotal-MemAvailable fallback,0,19551529,1219,4,,
3927.444,30732.0,75989764,WSL MemTotal-MemAvailable fallback,0,19551529,1219,4,,
3928.49,30733.0,75993104,WSL MemTotal-MemAvailable fallback,0,19551529,1219,4,,
3929.527,30733.0,75993404,WSL MemTotal-MemAvailable fallback,0,19551529,1219,4,,
3930.565,30733.0,75995772,WSL MemTotal-MemAvailable fallback,0,19551529,1219,4,,
3931.602,30733.0,75992808,WSL MemTotal-MemAvailable fallback,0,19551529,1219,4,,
3932.651,30732.0,75990056,WSL MemTotal-MemAvailable fallback,0,19551529,1219,4,,
3933.692,30732.0,75990496,WSL MemTotal-MemAvailable fallback,0,19551529,1219,4,,
3934.731,30732.0,75994780,WSL MemTotal-MemAvailable fallback,0,19551529,1219,4,,
3935.768,30732.0,75991440,WSL MemTotal-MemAvailable fallback,0,19551529,1219,4,,
3936.8,30732.0,75982172,WSL MemTotal-MemAvailable fallback,0,19551529,1219,4,,
3937.836,30732.0,75979196,WSL MemTotal-MemAvailable fallback,0,19551529,1219,4,,
3938.869,30733.0,75981296,WSL MemTotal-MemAvailable fallback,0,19551529,1219,4,,
3939.901,30732.0,75984576,WSL MemTotal-MemAvailable fallback,0,19551529,1219,4,,
3940.937,30732.0,75987120,WSL MemTotal-MemAvailable fallback,0,19551529,1219,4,,
3941.972,30733.0,75983044,WSL MemTotal-MemAvailable fallback,0,19551529,1219,4,,
3943.008,30733.0,75986932,WSL MemTotal-MemAvailable fallback,0,19551529,1219,4,,
3944.043,30733.0,75979808,WSL MemTotal-MemAvailable fallback,0,19551529,1219,4,,
3945.076,30732.0,75980368,WSL MemTotal-MemAvailable fallback,0,19551529,1219,4,,
3946.11,30732.0,75985556,WSL MemTotal-MemAvailable fallback,0,19551529,1219,4,,
3947.144,30732.0,75981792,WSL MemTotal-MemAvailable fallback,0,19551529,1219,4,,
3948.176,30732.0,75979716,WSL MemTotal-MemAvailable fallback,0,19551529,1219,4,,
3949.209,30732.0,75981620,WSL MemTotal-MemAvailable fallback,0,19551529,1219,4,,
3950.241,30732.0,75974712,WSL MemTotal-MemAvailable fallback,0,19551529,1219,4,,
3951.276,30732.0,75977036,WSL MemTotal-MemAvailable fallback,0,19551529,1219,4,,
3952.313,30732.0,75977056,WSL MemTotal-MemAvailable fallback,0,19551529,1219,4,,
3953.346,30732.0,75978340,WSL MemTotal-MemAvailable fallback,0,19551529,1219,4,,
3954.384,30732.0,75981060,WSL MemTotal-MemAvailable fallback,0,19551529,1219,4,,
3955.421,30732.0,75983652,WSL MemTotal-MemAvailable fallback,0,19551529,1219,4,,
3956.458,30732.0,75984548,WSL MemTotal-MemAvailable fallback,0,19551529,1219,4,,
3957.495,30732.0,75986120,WSL MemTotal-MemAvailable fallback,0,19551529,1219,4,,
3958.532,30732.0,75983036,WSL MemTotal-MemAvailable fallback,0,19551529,1219,4,,
3959.571,30732.0,75981688,WSL MemTotal-MemAvailable fallback,0,19551529,1219,4,,
3960.611,30732.0,75983928,WSL MemTotal-MemAvailable fallback,0,19551529,1219,4,,
3961.656,30732.0,75988408,WSL MemTotal-MemAvailable fallback,0,19551529,1219,4,,
3962.696,30732.0,75969800,WSL MemTotal-MemAvailable fallback,0,19551529,1219,4,,
3963.733,30732.0,75977452,WSL MemTotal-MemAvailable fallback,0,19551529,1219,4,,
3964.77,30732.0,75979972,WSL MemTotal-MemAvailable fallback,0,19551529,1219,4,,
3965.809,30732.0,75980088,WSL MemTotal-MemAvailable fallback,0,19551529,1219,4,,
3966.841,30732.0,75978088,WSL MemTotal-MemAvailable fallback,0,19551529,1219,4,,
3967.877,30732.0,75975244,WSL MemTotal-MemAvailable fallback,0,19551529,1219,4,,
3968.911,30732.0,75972296,WSL MemTotal-MemAvailable fallback,0,19551529,1219,4,,
3969.944,30732.0,75983552,WSL MemTotal-MemAvailable fallback,0,19551529,1219,4,,
3970.977,30732.0,75986108,WSL MemTotal-MemAvailable fallback,0,19551529,1219,4,,
3972.012,30732.0,75981828,WSL MemTotal-MemAvailable fallback,0,19551529,1219,4,,
3973.044,30732.0,75977836,WSL MemTotal-MemAvailable fallback,0,19551529,1219,4,,
3974.079,30732.0,75973664,WSL MemTotal-MemAvailable fallback,0,19551529,1219,4,,
3975.111,30732.0,75975792,WSL MemTotal-MemAvailable fallback,0,19551529,1219,4,,
3976.148,30732.0,75979340,WSL MemTotal-MemAvailable fallback,0,19551529,1219,4,,
3977.181,30732.0,75986352,WSL MemTotal-MemAvailable fallback,0,19551529,1219,4,,
3978.213,30732.0,75983376,WSL MemTotal-MemAvailable fallback,0,19551529,1219,4,,
3979.245,30732.0,75975180,WSL MemTotal-MemAvailable fallback,0,19551529,1219,4,,
3980.281,30732.0,75983348,WSL MemTotal-MemAvailable fallback,0,19551529,1219,4,,
3981.315,30732.0,75986184,WSL MemTotal-MemAvailable fallback,0,19551529,1219,4,,
3982.348,30732.0,75975360,WSL MemTotal-MemAvailable fallback,0,19551529,1219,4,,
3983.381,30732.0,75979360,WSL MemTotal-MemAvailable fallback,0,19551529,1219,4,,
3984.417,30733.0,75980220,WSL MemTotal-MemAvailable fallback,0,19551529,1219,4,,
3985.454,30732.0,75983552,WSL MemTotal-MemAvailable fallback,0,19551529,1219,4,,
3986.493,30732.0,75981628,WSL MemTotal-MemAvailable fallback,0,19551529,1219,4,,
3987.532,30732.0,75982336,WSL MemTotal-MemAvailable fallback,0,19551529,1219,4,,
3988.568,30732.0,75983280,WSL MemTotal-MemAvailable fallback,0,19551529,1219,4,,
3989.605,30732.0,75985112,WSL MemTotal-MemAvailable fallback,0,19551529,1219,4,,
3990.644,30732.0,75980736,WSL MemTotal-MemAvailable fallback,0,19551529,1219,4,,
3991.688,30733.0,75976316,WSL MemTotal-MemAvailable fallback,0,19551529,1219,4,,
3992.726,30732.0,75982764,WSL MemTotal-MemAvailable fallback,0,19551529,1219,4,,
3993.765,30732.0,75987388,WSL MemTotal-MemAvailable fallback,0,19551529,1219,4,,
3994.801,30733.0,75987956,WSL MemTotal-MemAvailable fallback,0,19551529,1219,4,,
3995.838,30733.0,75990044,WSL MemTotal-MemAvailable fallback,0,19551529,1219,4,,
3996.875,30733.0,75983852,WSL MemTotal-MemAvailable fallback,0,19551529,1219,4,,
3997.908,30733.0,75986416,WSL MemTotal-MemAvailable fallback,0,19551529,1219,4,,
3998.941,30733.0,75983836,WSL MemTotal-MemAvailable fallback,0,19551529,1219,4,,
3999.974,30733.0,75981140,WSL MemTotal-MemAvailable fallback,0,19551529,1219,4,,
4001.006,30733.0,75977892,WSL MemTotal-MemAvailable fallback,0,19551529,1219,4,,
4002.039,30732.0,75978728,WSL MemTotal-MemAvailable fallback,0,19551529,1219,4,,
4003.071,30732.0,75975008,WSL MemTotal-MemAvailable fallback,0,19551529,1219,4,,
4004.104,30732.0,75978228,WSL MemTotal-MemAvailable fallback,0,19551529,1219,4,,
4005.14,30733.0,75983268,WSL MemTotal-MemAvailable fallback,0,19551529,1219,4,,
4006.173,30733.0,75985044,WSL MemTotal-MemAvailable fallback,0,19551529,1219,4,,
4007.207,30733.0,75985032,WSL MemTotal-MemAvailable fallback,0,19551529,1219,4,,
4008.24,30733.0,75987312,WSL MemTotal-MemAvailable fallback,0,19551529,1219,4,,
4009.274,30733.0,75984440,WSL MemTotal-MemAvailable fallback,0,19551529,1219,4,,
4010.307,30733.0,75987544,WSL MemTotal-MemAvailable fallback,0,19551529,1219,4,,
4011.34,30733.0,75981464,WSL MemTotal-MemAvailable fallback,0,19551529,1219,4,,
4012.374,30733.0,75979884,WSL MemTotal-MemAvailable fallback,0,19551529,1219,4,,
4013.408,30732.0,75983800,WSL MemTotal-MemAvailable fallback,0,19551529,1219,4,,
4014.445,30732.0,75988880,WSL MemTotal-MemAvailable fallback,0,19551529,1219,4,,
4015.482,30732.0,75987520,WSL MemTotal-MemAvailable fallback,0,19551529,1219,4,,
4016.52,30732.0,75990536,WSL MemTotal-MemAvailable fallback,0,19551529,1219,4,,
4017.557,30732.0,75986084,WSL MemTotal-MemAvailable fallback,0,19551529,1219,4,,
4018.594,30733.0,75986472,WSL MemTotal-MemAvailable fallback,0,19551529,1219,4,,
4019.632,30733.0,75989740,WSL MemTotal-MemAvailable fallback,0,19551529,1219,4,,
4020.671,30733.0,75992532,WSL MemTotal-MemAvailable fallback,0,19551529,1219,4,,
4021.749,30733.0,75996840,WSL MemTotal-MemAvailable fallback,0,19551529,1219,4,,
4022.796,30733.0,76012232,WSL MemTotal-MemAvailable fallback,0,19551529,1219,4,,
4023.836,30732.0,76030616,WSL MemTotal-MemAvailable fallback,0,19551529,1219,4,,
4024.877,30732.0,76017440,WSL MemTotal-MemAvailable fallback,0,19551529,1219,4,,
4025.916,30732.0,76002356,WSL MemTotal-MemAvailable fallback,0,19551529,1219,4,,
4026.947,30732.0,76001356,WSL MemTotal-MemAvailable fallback,0,19551529,1219,4,,
4027.98,30732.0,76000108,WSL MemTotal-MemAvailable fallback,0,19551529,1219,4,,
4029.014,30732.0,76000344,WSL MemTotal-MemAvailable fallback,0,19551529,1219,4,,
4030.051,30732.0,75996084,WSL MemTotal-MemAvailable fallback,0,19551529,1219,4,,
4031.083,30732.0,75993148,WSL MemTotal-MemAvailable fallback,0,19551529,1219,4,,
4032.116,30732.0,75989244,WSL MemTotal-MemAvailable fallback,0,19551529,1219,4,,
4033.149,30732.0,75991164,WSL MemTotal-MemAvailable fallback,0,19551529,1219,4,,
4034.183,30732.0,76004808,WSL MemTotal-MemAvailable fallback,0,19551529,1219,4,,
4035.216,30732.0,76018892,WSL MemTotal-MemAvailable fallback,0,19551529,1219,4,,
4036.248,30732.0,76032480,WSL MemTotal-MemAvailable fallback,0,19551529,1219,4,,
4037.319,30732.0,76023572,WSL MemTotal-MemAvailable fallback,0,19551529,1219,4,,
4038.356,30732.0,76013096,WSL MemTotal-MemAvailable fallback,0,19551529,1219,4,,
4039.389,30732.0,76008124,WSL MemTotal-MemAvailable fallback,0,19551529,1219,4,,
4040.422,30732.0,76011492,WSL MemTotal-MemAvailable fallback,0,19551529,1219,4,,
4041.454,30732.0,76007860,WSL MemTotal-MemAvailable fallback,0,19551529,1219,4,,
4042.487,30732.0,76004756,WSL MemTotal-MemAvailable fallback,0,19551529,1219,4,,
4043.521,30732.0,76002092,WSL MemTotal-MemAvailable fallback,0,19551529,1219,4,,
4044.558,30732.0,76001280,WSL MemTotal-MemAvailable fallback,0,19551529,1219,4,,
4045.595,30732.0,76000120,WSL MemTotal-MemAvailable fallback,0,19551529,1219,4,,
4046.633,30732.0,75993596,WSL MemTotal-MemAvailable fallback,0,19551529,1219,4,,
4047.67,30732.0,75996624,WSL MemTotal-MemAvailable fallback,0,19551529,1219,4,,
4048.708,30732.0,75987912,WSL MemTotal-MemAvailable fallback,0,19551529,1219,4,,
4049.746,30732.0,75984240,WSL MemTotal-MemAvailable fallback,0,19551529,1219,4,,
4050.787,30732.0,76004400,WSL MemTotal-MemAvailable fallback,0,19551529,1219,4,,
4051.835,30732.0,76012212,WSL MemTotal-MemAvailable fallback,0,19551529,1219,4,,
4052.884,30732.0,75998268,WSL MemTotal-MemAvailable fallback,0,19551529,1219,4,,
4053.924,30732.0,75998784,WSL MemTotal-MemAvailable fallback,0,19551529,1219,4,,
4054.96,30732.0,75996088,WSL MemTotal-MemAvailable fallback,0,19551529,1219,4,,
4055.998,30732.0,75994684,WSL MemTotal-MemAvailable fallback,0,19551529,1219,4,,
4057.03,30732.0,75996480,WSL MemTotal-MemAvailable fallback,0,19551529,1219,4,,
4058.064,30732.0,75996924,WSL MemTotal-MemAvailable fallback,0,19551529,1219,4,,
4059.097,30732.0,75997112,WSL MemTotal-MemAvailable fallback,0,19551529,1219,4,,
4060.133,30732.0,75998996,WSL MemTotal-MemAvailable fallback,0,19551529,1219,4,,
4061.168,30732.0,75997136,WSL MemTotal-MemAvailable fallback,0,19551529,1219,4,,
4062.205,30732.0,76000088,WSL MemTotal-MemAvailable fallback,0,19551529,1219,4,,
4063.239,30732.0,76001804,WSL MemTotal-MemAvailable fallback,0,19551529,1219,4,,
4064.272,30732.0,75993092,WSL MemTotal-MemAvailable fallback,0,19551529,1219,4,,
4065.304,30732.0,75994236,WSL MemTotal-MemAvailable fallback,0,19551529,1219,4,,
4066.337,30732.0,75998064,WSL MemTotal-MemAvailable fallback,0,19551529,1219,4,,
4067.376,30732.0,75994196,WSL MemTotal-MemAvailable fallback,0,19551529,1219,4,,
4068.408,30732.0,75998584,WSL MemTotal-MemAvailable fallback,0,19551529,1219,4,,
4069.44,30732.0,75997872,WSL MemTotal-MemAvailable fallback,0,19551529,1219,4,,
4070.473,30732.0,75994156,WSL MemTotal-MemAvailable fallback,0,19551529,1219,4,,
4071.505,30732.0,75997292,WSL MemTotal-MemAvailable fallback,0,19551529,1219,4,,
4072.538,30732.0,75986740,WSL MemTotal-MemAvailable fallback,0,19551529,1219,4,,
4073.569,30732.0,75990220,WSL MemTotal-MemAvailable fallback,0,19551529,1219,4,,
4074.607,30732.0,75993932,WSL MemTotal-MemAvailable fallback,0,19551529,1219,4,,
4075.644,30732.0,75998292,WSL MemTotal-MemAvailable fallback,0,19551529,1219,4,,
4076.68,30732.0,75995884,WSL MemTotal-MemAvailable fallback,0,19551529,1219,4,,
4077.716,30733.0,75985904,WSL MemTotal-MemAvailable fallback,0,19551529,1219,4,,
4078.753,30733.0,75992316,WSL MemTotal-MemAvailable fallback,0,19551529,1219,4,,
4079.801,30733.0,75990868,WSL MemTotal-MemAvailable fallback,0,19551529,1219,4,,
4080.84,30733.0,75993592,WSL MemTotal-MemAvailable fallback,0,19551529,1219,4,,
4081.901,30732.0,75992036,WSL MemTotal-MemAvailable fallback,0,19551529,1219,4,,
4082.94,30732.0,75988180,WSL MemTotal-MemAvailable fallback,0,19551529,1219,4,,
4083.977,30732.0,75987564,WSL MemTotal-MemAvailable fallback,0,19551529,1219,4,,
4085.014,30733.0,75991196,WSL MemTotal-MemAvailable fallback,0,19551529,1219,4,,
4086.046,30733.0,75985480,WSL MemTotal-MemAvailable fallback,0,19551529,1219,4,,
4087.078,30733.0,75987764,WSL MemTotal-MemAvailable fallback,0,19551529,1219,4,,
4088.113,30732.0,75984092,WSL MemTotal-MemAvailable fallback,0,19551529,1219,4,,
4089.145,30733.0,75988012,WSL MemTotal-MemAvailable fallback,0,19551529,1219,4,,
4090.179,30733.0,75985952,WSL MemTotal-MemAvailable fallback,0,19551529,1219,4,,
4091.212,30733.0,75989788,WSL MemTotal-MemAvailable fallback,0,19551529,1219,4,,
4092.245,30732.0,75989520,WSL MemTotal-MemAvailable fallback,0,19551529,1219,4,,
4093.278,30733.0,75985196,WSL MemTotal-MemAvailable fallback,0,19551529,1219,4,,
4094.311,30733.0,75987604,WSL MemTotal-MemAvailable fallback,0,19551529,1219,4,,
4095.344,30733.0,75990976,WSL MemTotal-MemAvailable fallback,0,19551529,1219,4,,
4096.387,30733.0,75973968,WSL MemTotal-MemAvailable fallback,0,19551529,1219,4,,
4097.427,30732.0,75983184,WSL MemTotal-MemAvailable fallback,0,19551529,1219,4,,
4098.463,30732.0,75987216,WSL MemTotal-MemAvailable fallback,0,19551529,1219,4,,
4099.498,30733.0,75987588,WSL MemTotal-MemAvailable fallback,0,19551529,1219,4,,
4100.532,30733.0,75977572,WSL MemTotal-MemAvailable fallback,0,19551529,1219,4,,
4101.565,30733.0,75981532,WSL MemTotal-MemAvailable fallback,0,19551529,1219,4,,
4102.597,30732.0,75981148,WSL MemTotal-MemAvailable fallback,0,19551529,1219,4,,
4103.63,30732.0,75988704,WSL MemTotal-MemAvailable fallback,0,19551529,1219,4,,
4104.668,30732.0,75978076,WSL MemTotal-MemAvailable fallback,0,19551529,1219,4,,
4105.704,30732.0,75972924,WSL MemTotal-MemAvailable fallback,0,19551529,1219,4,,
4106.741,30732.0,75976248,WSL MemTotal-MemAvailable fallback,0,19551529,1219,4,,
4107.778,30732.0,75977232,WSL MemTotal-MemAvailable fallback,0,19551529,1219,4,,
4108.815,30732.0,75978816,WSL MemTotal-MemAvailable fallback,0,19551529,1219,4,,
4109.852,30732.0,75981232,WSL MemTotal-MemAvailable fallback,0,19551529,1219,4,,
4110.891,30732.0,75975100,WSL MemTotal-MemAvailable fallback,0,19551529,1219,4,,
4111.934,30732.0,75990572,WSL MemTotal-MemAvailable fallback,0,19551529,1219,4,,
4112.973,30732.0,75980240,WSL MemTotal-MemAvailable fallback,0,19551529,1219,4,,
4114.011,30732.0,75987476,WSL MemTotal-MemAvailable fallback,0,19551529,1219,4,,
4115.047,30732.0,75987476,WSL MemTotal-MemAvailable fallback,0,19551529,1219,4,,
4116.082,30732.0,76003124,WSL MemTotal-MemAvailable fallback,0,19551529,1219,4,,
4117.114,30732.0,75990776,WSL MemTotal-MemAvailable fallback,0,19551529,1219,4,,
4118.146,30732.0,75986304,WSL MemTotal-MemAvailable fallback,0,19551529,1219,4,,
4119.179,30732.0,75993384,WSL MemTotal-MemAvailable fallback,0,19551529,1219,4,,
4120.214,30732.0,75995608,WSL MemTotal-MemAvailable fallback,0,19551529,1219,4,,
4121.247,30732.0,75983860,WSL MemTotal-MemAvailable fallback,0,19551529,1219,4,,
4122.28,30733.0,75983376,WSL MemTotal-MemAvailable fallback,0,19551529,1219,4,,
4123.314,30732.0,75986288,WSL MemTotal-MemAvailable fallback,0,19551529,1219,4,,
4124.348,30732.0,75986976,WSL MemTotal-MemAvailable fallback,0,19551529,1219,4,,
4125.381,30732.0,75983936,WSL MemTotal-MemAvailable fallback,0,19551529,1219,4,,
4126.415,30732.0,75979560,WSL MemTotal-MemAvailable fallback,0,19551529,1219,4,,
4127.45,30732.0,75996524,WSL MemTotal-MemAvailable fallback,0,19551529,1219,4,,
4128.481,30732.0,76011896,WSL MemTotal-MemAvailable fallback,0,19551529,1219,4,,
4129.514,30732.0,76010320,WSL MemTotal-MemAvailable fallback,0,19551529,1219,4,,
4130.548,30732.0,76011640,WSL MemTotal-MemAvailable fallback,0,19551529,1219,4,,
4131.58,30732.0,76007672,WSL MemTotal-MemAvailable fallback,0,19551529,1219,4,,
4132.619,30732.0,76006116,WSL MemTotal-MemAvailable fallback,0,19551529,1219,4,,
4133.651,30732.0,76004268,WSL MemTotal-MemAvailable fallback,0,19551529,1219,4,,
4134.688,30732.0,75984660,WSL MemTotal-MemAvailable fallback,0,19551529,1219,4,,
4135.724,30732.0,75984404,WSL MemTotal-MemAvailable fallback,0,19551529,1219,4,,
4136.762,30732.0,75985956,WSL MemTotal-MemAvailable fallback,0,19551529,1219,4,,
4137.801,30732.0,75984920,WSL MemTotal-MemAvailable fallback,0,19551529,1219,4,,
4138.841,30732.0,75982332,WSL MemTotal-MemAvailable fallback,0,19551529,1219,4,,
4139.879,30732.0,75987092,WSL MemTotal-MemAvailable fallback,0,19551529,1219,4,,
4140.916,30732.0,75985504,WSL MemTotal-MemAvailable fallback,0,19551529,1219,4,,
4141.958,30732.0,75988908,WSL MemTotal-MemAvailable fallback,0,19551530,1219,4,,
4142.997,30733.0,75987280,WSL MemTotal-MemAvailable fallback,0,19551530,1219,4,,
4144.037,30733.0,75986752,WSL MemTotal-MemAvailable fallback,0,19551530,1219,4,,
4145.075,30732.0,75976348,WSL MemTotal-MemAvailable fallback,0,19551530,1219,4,,
4146.107,30732.0,75976728,WSL MemTotal-MemAvailable fallback,0,19551530,1219,4,,
4147.139,30732.0,75979288,WSL MemTotal-MemAvailable fallback,0,19551530,1219,4,,
4148.171,30732.0,75982356,WSL MemTotal-MemAvailable fallback,0,19551530,1219,4,,
4149.204,30732.0,75982840,WSL MemTotal-MemAvailable fallback,0,19551530,1219,4,,
4150.238,30732.0,75982268,WSL MemTotal-MemAvailable fallback,0,19551530,1219,4,,
4151.271,30732.0,75979556,WSL MemTotal-MemAvailable fallback,0,19551530,1219,4,,
4152.303,30732.0,75984428,WSL MemTotal-MemAvailable fallback,0,19551530,1219,4,,
4153.336,30733.0,75981912,WSL MemTotal-MemAvailable fallback,0,19551530,1219,4,,
4154.372,30727.0,75966496,WSL MemTotal-MemAvailable fallback,0,19551530,1219,4,,
4155.404,30727.0,75975940,WSL MemTotal-MemAvailable fallback,0,19551530,1219,4,,
4156.439,30727.0,75960720,WSL MemTotal-MemAvailable fallback,0,19551530,1219,4,,
4157.478,30727.0,75956876,WSL MemTotal-MemAvailable fallback,0,19551530,1219,4,,
4158.51,30727.0,75957156,WSL MemTotal-MemAvailable fallback,0,19551530,1219,4,,
4159.542,30727.0,75957268,WSL MemTotal-MemAvailable fallback,0,19551530,1219,4,,
4160.575,30727.0,75962296,WSL MemTotal-MemAvailable fallback,0,19551530,1219,4,,
4161.609,30727.0,75960604,WSL MemTotal-MemAvailable fallback,0,19551530,1219,4,,
4162.644,30727.0,75964120,WSL MemTotal-MemAvailable fallback,0,19551530,1219,4,,
4163.682,30727.0,75970872,WSL MemTotal-MemAvailable fallback,0,19551530,1219,4,,
4164.72,30727.0,75970548,WSL MemTotal-MemAvailable fallback,0,19551530,1219,4,,
4165.755,30727.0,75968356,WSL MemTotal-MemAvailable fallback,0,19551530,1219,4,,
4166.794,30727.0,75968592,WSL MemTotal-MemAvailable fallback,0,19551530,1219,4,,
4167.83,30727.0,75971464,WSL MemTotal-MemAvailable fallback,0,19551530,1219,4,,
4168.867,30727.0,75970284,WSL MemTotal-MemAvailable fallback,0,19551530,1219,4,,
4169.904,30727.0,75966564,WSL MemTotal-MemAvailable fallback,0,19551530,1219,4,,
4170.942,30727.0,75969688,WSL MemTotal-MemAvailable fallback,0,19551530,1219,4,,
4171.99,30727.0,75965392,WSL MemTotal-MemAvailable fallback,0,19551530,1219,4,,
4173.029,30727.0,75970456,WSL MemTotal-MemAvailable fallback,0,19551530,1219,4,,
4174.064,30727.0,75968312,WSL MemTotal-MemAvailable fallback,0,19551530,1219,4,,
4175.1,30727.0,75970328,WSL MemTotal-MemAvailable fallback,0,19551530,1219,4,,
4176.138,30727.0,75970228,WSL MemTotal-MemAvailable fallback,0,19551530,1219,4,,
4177.173,30727.0,75973792,WSL MemTotal-MemAvailable fallback,0,19551530,1219,4,,
4178.208,30727.0,75978988,WSL MemTotal-MemAvailable fallback,0,19551530,1219,4,,
4179.242,30727.0,75970132,WSL MemTotal-MemAvailable fallback,0,19551530,1219,4,,
4180.277,30727.0,75978888,WSL MemTotal-MemAvailable fallback,0,19551530,1219,4,,
4181.311,30727.0,75985684,WSL MemTotal-MemAvailable fallback,0,19551530,1219,4,,
4182.343,30727.0,75988196,WSL MemTotal-MemAvailable fallback,0,19551530,1219,4,,
4183.376,30727.0,75985828,WSL MemTotal-MemAvailable fallback,0,19551530,1219,4,,
4184.409,30727.0,75987128,WSL MemTotal-MemAvailable fallback,0,19551530,1219,4,,
4185.442,30727.0,75983328,WSL MemTotal-MemAvailable fallback,0,19551530,1219,4,,
4186.474,30727.0,75978992,WSL MemTotal-MemAvailable fallback,0,19551530,1219,4,,
4187.51,30727.0,75966156,WSL MemTotal-MemAvailable fallback,0,19551530,1219,4,,
4188.541,30727.0,75966956,WSL MemTotal-MemAvailable fallback,0,19551530,1219,4,,
4189.573,30727.0,75973340,WSL MemTotal-MemAvailable fallback,0,19551530,1219,4,,
4190.606,30727.0,75971984,WSL MemTotal-MemAvailable fallback,0,19551530,1219,4,,
4191.641,30727.0,75976180,WSL MemTotal-MemAvailable fallback,0,19551530,1219,4,,
4192.674,30727.0,75974404,WSL MemTotal-MemAvailable fallback,0,19551530,1219,4,,
4193.707,30727.0,75974324,WSL MemTotal-MemAvailable fallback,0,19551530,1219,4,,
4194.744,30727.0,75966128,WSL MemTotal-MemAvailable fallback,0,19551530,1219,4,,
4195.787,30726.0,75970372,WSL MemTotal-MemAvailable fallback,0,19551530,1219,4,,
4196.824,30725.0,75971980,WSL MemTotal-MemAvailable fallback,0,19551530,1219,4,,
4197.861,30726.0,75970880,WSL MemTotal-MemAvailable fallback,0,19551530,1219,4,,
4198.899,30726.0,75967372,WSL MemTotal-MemAvailable fallback,0,19551530,1219,4,,
4199.936,30726.0,75964712,WSL MemTotal-MemAvailable fallback,0,19551530,1219,4,,
4200.972,30726.0,75966484,WSL MemTotal-MemAvailable fallback,0,19551530,1219,4,,
4202.024,30726.0,75968872,WSL MemTotal-MemAvailable fallback,0,19551530,1219,4,,
4203.069,30726.0,75963320,WSL MemTotal-MemAvailable fallback,0,19551530,1219,4,,
4204.105,30726.0,75979236,WSL MemTotal-MemAvailable fallback,0,19551530,1219,4,,
4205.142,30726.0,75983940,WSL MemTotal-MemAvailable fallback,0,19551530,1219,4,,
4206.173,30726.0,75980084,WSL MemTotal-MemAvailable fallback,0,19551530,1219,4,,
4207.205,30725.0,75981460,WSL MemTotal-MemAvailable fallback,0,19551530,1219,4,,
4208.238,30725.0,75994664,WSL MemTotal-MemAvailable fallback,0,19551530,1219,4,,
4209.281,30725.0,75989064,WSL MemTotal-MemAvailable fallback,0,19551530,1219,4,,
4210.317,30725.0,75985720,WSL MemTotal-MemAvailable fallback,0,19551530,1219,4,,
4211.35,30726.0,75982288,WSL MemTotal-MemAvailable fallback,0,19551530,1219,4,,
4212.382,30726.0,75970468,WSL MemTotal-MemAvailable fallback,0,19551530,1219,4,,
4213.415,30726.0,75971372,WSL MemTotal-MemAvailable fallback,0,19551530,1219,4,,
4214.448,30726.0,75965156,WSL MemTotal-MemAvailable fallback,0,19551530,1219,4,,
4215.485,30726.0,75967352,WSL MemTotal-MemAvailable fallback,0,19551530,1219,4,,
4216.523,30726.0,75964028,WSL MemTotal-MemAvailable fallback,0,19551530,1219,4,,
4217.567,30726.0,75970820,WSL MemTotal-MemAvailable fallback,0,19551530,1219,4,,
4218.598,30726.0,75971680,WSL MemTotal-MemAvailable fallback,0,19551530,1219,4,,
4219.631,30726.0,75975444,WSL MemTotal-MemAvailable fallback,0,19551530,1219,4,,
4220.664,30726.0,75972764,WSL MemTotal-MemAvailable fallback,0,19551530,1219,4,,
4221.696,30726.0,75975212,WSL MemTotal-MemAvailable fallback,0,19551530,1219,4,,
4222.73,30726.0,75973096,WSL MemTotal-MemAvailable fallback,0,19551530,1219,4,,
4223.764,30726.0,75973252,WSL MemTotal-MemAvailable fallback,0,19551530,1219,4,,
4224.802,30726.0,75956020,WSL MemTotal-MemAvailable fallback,0,19551530,1219,4,,
4225.839,30726.0,75956156,WSL MemTotal-MemAvailable fallback,0,19551530,1219,4,,
4226.876,30726.0,75961132,WSL MemTotal-MemAvailable fallback,0,19551530,1219,4,,
4227.916,30726.0,75959792,WSL MemTotal-MemAvailable fallback,0,19551530,1219,4,,
4228.956,30726.0,75957792,WSL MemTotal-MemAvailable fallback,0,19551530,1219,4,,
4229.997,30726.0,75961828,WSL MemTotal-MemAvailable fallback,0,19551530,1219,4,,
4231.033,30726.0,75962712,WSL MemTotal-MemAvailable fallback,0,19551530,1219,4,,
4232.075,30726.0,75959516,WSL MemTotal-MemAvailable fallback,0,19551530,1219,4,,
4233.121,30726.0,75963756,WSL MemTotal-MemAvailable fallback,0,19551530,1219,4,,
4234.158,30726.0,75967696,WSL MemTotal-MemAvailable fallback,0,19551530,1219,4,,
4235.195,30726.0,75970720,WSL MemTotal-MemAvailable fallback,0,19551530,1219,4,,
4236.227,30726.0,75965752,WSL MemTotal-MemAvailable fallback,0,19551530,1219,4,,
4237.26,30726.0,75963888,WSL MemTotal-MemAvailable fallback,0,19551530,1219,4,,
4238.293,30726.0,75961684,WSL MemTotal-MemAvailable fallback,0,19551530,1219,4,,
4239.326,30726.0,75966640,WSL MemTotal-MemAvailable fallback,0,19551530,1219,4,,
4240.359,30726.0,75960956,WSL MemTotal-MemAvailable fallback,0,19551530,1219,4,,
4241.392,30726.0,75963832,WSL MemTotal-MemAvailable fallback,0,19551530,1219,4,,
4242.424,30726.0,75964560,WSL MemTotal-MemAvailable fallback,0,19551530,1219,4,,
4243.458,30726.0,75965368,WSL MemTotal-MemAvailable fallback,0,19551530,1219,4,,
4244.49,30726.0,75960980,WSL MemTotal-MemAvailable fallback,0,19551530,1219,4,,
4245.523,30726.0,75961244,WSL MemTotal-MemAvailable fallback,0,19551530,1219,4,,
4246.556,30726.0,75959412,WSL MemTotal-MemAvailable fallback,0,19551530,1219,4,,
4247.588,30726.0,75957312,WSL MemTotal-MemAvailable fallback,0,19551530,1219,4,,
4248.619,30726.0,75972852,WSL MemTotal-MemAvailable fallback,0,19551530,1219,4,,
4249.651,30726.0,75969088,WSL MemTotal-MemAvailable fallback,0,19551530,1219,4,,
4250.687,30726.0,75968992,WSL MemTotal-MemAvailable fallback,0,19551530,1219,4,,
4251.72,30726.0,75966192,WSL MemTotal-MemAvailable fallback,0,19551530,1219,4,,
4252.753,30726.0,75959720,WSL MemTotal-MemAvailable fallback,0,19551530,1219,4,,
4253.786,30726.0,75960968,WSL MemTotal-MemAvailable fallback,0,19551530,1219,4,,
4254.823,30726.0,75955624,WSL MemTotal-MemAvailable fallback,0,19551530,1219,4,,
4255.861,30726.0,75951512,WSL MemTotal-MemAvailable fallback,0,19551530,1219,4,,
4256.9,30726.0,75958072,WSL MemTotal-MemAvailable fallback,0,19551530,1219,4,,
4257.939,30726.0,75967048,WSL MemTotal-MemAvailable fallback,0,19551530,1219,4,,
4258.976,30726.0,75967704,WSL MemTotal-MemAvailable fallback,0,19551530,1219,4,,
4260.012,30726.0,75965912,WSL MemTotal-MemAvailable fallback,0,19551530,1219,4,,
4261.05,30726.0,75964928,WSL MemTotal-MemAvailable fallback,0,19551530,1219,4,,
4262.093,30726.0,75966016,WSL MemTotal-MemAvailable fallback,0,19551530,1219,4,,
4263.132,30726.0,75967260,WSL MemTotal-MemAvailable fallback,0,19551530,1219,4,,
4264.17,30726.0,75966392,WSL MemTotal-MemAvailable fallback,0,19551530,1219,4,,
4265.206,30726.0,75970100,WSL MemTotal-MemAvailable fallback,0,19551530,1219,4,,
4266.238,30726.0,75976088,WSL MemTotal-MemAvailable fallback,0,19551530,1219,4,,
4267.269,30726.0,75987840,WSL MemTotal-MemAvailable fallback,0,19551530,1219,4,,
4268.303,30726.0,75977608,WSL MemTotal-MemAvailable fallback,0,19551530,1219,4,,
4269.334,30726.0,75987508,WSL MemTotal-MemAvailable fallback,0,19551530,1219,4,,
4270.367,30726.0,75987332,WSL MemTotal-MemAvailable fallback,0,19551530,1219,4,,
4271.403,30726.0,75984624,WSL MemTotal-MemAvailable fallback,0,19551530,1219,4,,
4272.436,30726.0,75979400,WSL MemTotal-MemAvailable fallback,0,19551530,1219,4,,
4273.469,30726.0,75981128,WSL MemTotal-MemAvailable fallback,0,19551530,1219,4,,
4274.502,30726.0,75974788,WSL MemTotal-MemAvailable fallback,0,19551530,1219,4,,
4275.535,30726.0,75975744,WSL MemTotal-MemAvailable fallback,0,19551530,1219,4,,
4276.569,30726.0,75979060,WSL MemTotal-MemAvailable fallback,0,19551530,1219,4,,
4277.601,30726.0,75975680,WSL MemTotal-MemAvailable fallback,0,19551530,1219,4,,
4278.633,30726.0,75971300,WSL MemTotal-MemAvailable fallback,0,19551530,1219,4,,
4279.665,30726.0,75963580,WSL MemTotal-MemAvailable fallback,0,19551530,1219,4,,
4280.698,30726.0,75961908,WSL MemTotal-MemAvailable fallback,0,19551530,1219,4,,
4281.731,30726.0,75964680,WSL MemTotal-MemAvailable fallback,0,19551530,1219,4,,
4282.763,30726.0,75963680,WSL MemTotal-MemAvailable fallback,0,19551530,1219,4,,
4283.797,30726.0,75967620,WSL MemTotal-MemAvailable fallback,0,19551530,1219,4,,
4284.834,30726.0,75969412,WSL MemTotal-MemAvailable fallback,0,19551530,1219,4,,
4285.872,30726.0,75963520,WSL MemTotal-MemAvailable fallback,0,19551530,1219,4,,
4286.909,30726.0,75964992,WSL MemTotal-MemAvailable fallback,0,19551530,1219,4,,
4287.949,30726.0,75966960,WSL MemTotal-MemAvailable fallback,0,19551530,1219,4,,
4288.986,30726.0,75970740,WSL MemTotal-MemAvailable fallback,0,19551530,1219,4,,
4290.023,30726.0,75975216,WSL MemTotal-MemAvailable fallback,0,19551530,1219,4,,
4291.06,30726.0,75975456,WSL MemTotal-MemAvailable fallback,0,19551530,1219,4,,
4292.101,30726.0,75966192,WSL MemTotal-MemAvailable fallback,0,19551530,1219,4,,
4293.152,30726.0,75968424,WSL MemTotal-MemAvailable fallback,0,19551530,1219,4,,
4294.197,30726.0,75971708,WSL MemTotal-MemAvailable fallback,0,19551530,1219,4,,
4295.234,30726.0,75970976,WSL MemTotal-MemAvailable fallback,0,19551530,1219,4,,
4296.267,30726.0,75975036,WSL MemTotal-MemAvailable fallback,0,19551530,1219,4,,
4297.3,30726.0,75982832,WSL MemTotal-MemAvailable fallback,0,19551530,1219,4,,
4298.331,30726.0,76000472,WSL MemTotal-MemAvailable fallback,0,19551530,1219,4,,
4299.363,30726.0,76015948,WSL MemTotal-MemAvailable fallback,0,19551530,1219,4,,
4300.411,30726.0,76009728,WSL MemTotal-MemAvailable fallback,0,19551530,1219,4,,
4301.447,30726.0,76004060,WSL MemTotal-MemAvailable fallback,0,19551530,1219,4,,
4302.48,30726.0,75999388,WSL MemTotal-MemAvailable fallback,0,19551530,1219,4,,
4303.514,30726.0,75995132,WSL MemTotal-MemAvailable fallback,0,19551530,1219,4,,
4304.547,30726.0,75990740,WSL MemTotal-MemAvailable fallback,0,19551530,1219,4,,
4305.581,30726.0,75988804,WSL MemTotal-MemAvailable fallback,0,19551530,1219,4,,
4306.615,30726.0,75986048,WSL MemTotal-MemAvailable fallback,0,19551530,1219,4,,
4307.647,30726.0,75994204,WSL MemTotal-MemAvailable fallback,0,19551530,1219,4,,
4308.678,30726.0,75982372,WSL MemTotal-MemAvailable fallback,0,19551530,1219,4,,
4309.711,30726.0,75991100,WSL MemTotal-MemAvailable fallback,0,19551530,1219,4,,
4310.743,30726.0,75986584,WSL MemTotal-MemAvailable fallback,0,19551530,1219,4,,
4311.777,30726.0,75985436,WSL MemTotal-MemAvailable fallback,0,19551530,1219,4,,
4312.81,30726.0,75980136,WSL MemTotal-MemAvailable fallback,0,19551530,1219,4,,
4313.844,30726.0,75984576,WSL MemTotal-MemAvailable fallback,0,19551530,1219,4,,
4314.881,30726.0,75989848,WSL MemTotal-MemAvailable fallback,0,19551530,1219,4,,
4315.919,30726.0,75986716,WSL MemTotal-MemAvailable fallback,0,19551530,1219,4,,
4316.956,30726.0,75984244,WSL MemTotal-MemAvailable fallback,0,19551530,1219,4,,
4317.991,30726.0,75982024,WSL MemTotal-MemAvailable fallback,0,19551530,1219,4,,
4319.028,30726.0,75977148,WSL MemTotal-MemAvailable fallback,0,19551530,1219,4,,
4320.066,30726.0,75980928,WSL MemTotal-MemAvailable fallback,0,19551530,1219,4,,
4321.103,30726.0,75985616,WSL MemTotal-MemAvailable fallback,0,19551530,1219,4,,
4322.149,30726.0,75985916,WSL MemTotal-MemAvailable fallback,0,19551530,1219,4,,
4323.194,30726.0,76000388,WSL MemTotal-MemAvailable fallback,0,19551530,1219,4,,
4324.23,30726.0,76004916,WSL MemTotal-MemAvailable fallback,0,19551530,1219,4,,
4325.266,30726.0,76019624,WSL MemTotal-MemAvailable fallback,0,19551530,1219,4,,
4326.297,30726.0,76021516,WSL MemTotal-MemAvailable fallback,0,19551530,1219,4,,
4327.333,30726.0,76017900,WSL MemTotal-MemAvailable fallback,0,19551530,1219,4,,
4328.37,30726.0,76013232,WSL MemTotal-MemAvailable fallback,0,19551530,1219,4,,
4329.415,30809.0,76011576,WSL MemTotal-MemAvailable fallback,0,19551530,1219,4,,
4330.446,30874.0,75998028,WSL MemTotal-MemAvailable fallback,0,19551530,1219,4,,
4331.479,30873.0,75995920,WSL MemTotal-MemAvailable fallback,0,19551530,1219,4,,
4332.513,30873.0,75997916,WSL MemTotal-MemAvailable fallback,0,19551530,1219,4,,
4333.546,30873.0,75994672,WSL MemTotal-MemAvailable fallback,0,19551530,1219,4,,
4334.578,30873.0,75989652,WSL MemTotal-MemAvailable fallback,0,19551530,1219,4,,
4335.612,30873.0,75987580,WSL MemTotal-MemAvailable fallback,0,19551530,1219,4,,
4336.645,30873.0,75989812,WSL MemTotal-MemAvailable fallback,0,19551530,1219,4,,
4337.677,30873.0,75988788,WSL MemTotal-MemAvailable fallback,0,19551530,1219,4,,
4338.709,30758.0,75988704,WSL MemTotal-MemAvailable fallback,0,19551530,1219,4,,
4339.74,30758.0,75985004,WSL MemTotal-MemAvailable fallback,0,19551530,1219,4,,
4340.776,30758.0,75983116,WSL MemTotal-MemAvailable fallback,0,19551530,1219,4,,
4341.807,30758.0,75979344,WSL MemTotal-MemAvailable fallback,0,19551530,1219,4,,
4342.84,30758.0,75976388,WSL MemTotal-MemAvailable fallback,0,19551530,1219,4,,
4343.872,30873.0,75977852,WSL MemTotal-MemAvailable fallback,0,19551530,1219,4,,
4344.909,30779.0,75974096,WSL MemTotal-MemAvailable fallback,0,19551530,1219,4,,
4345.945,30766.0,75976168,WSL MemTotal-MemAvailable fallback,0,19551530,1219,4,,
4346.98,30766.0,75976296,WSL MemTotal-MemAvailable fallback,0,19551530,1219,4,,
4348.017,30766.0,75980500,WSL MemTotal-MemAvailable fallback,0,19551530,1219,4,,
4349.053,30766.0,75977012,WSL MemTotal-MemAvailable fallback,0,19551530,1219,4,,
4350.091,30766.0,75977772,WSL MemTotal-MemAvailable fallback,0,19551530,1219,4,,
4351.129,30766.0,75983256,WSL MemTotal-MemAvailable fallback,0,19551530,1219,4,,
4352.18,30766.0,75983876,WSL MemTotal-MemAvailable fallback,0,19551530,1219,4,,
4353.232,30820.0,75986628,WSL MemTotal-MemAvailable fallback,0,19551530,1219,4,,
4354.269,30843.0,75986344,WSL MemTotal-MemAvailable fallback,0,19551530,1219,4,,
4355.307,30843.0,75985596,WSL MemTotal-MemAvailable fallback,0,19551530,1219,4,,
4356.339,30834.0,75974096,WSL MemTotal-MemAvailable fallback,0,19551530,1219,4,,
4357.373,30827.0,75978316,WSL MemTotal-MemAvailable fallback,0,19551530,1219,4,,
4358.404,30825.0,75977884,WSL MemTotal-MemAvailable fallback,0,19551530,1219,4,,
4359.437,30825.0,75982280,WSL MemTotal-MemAvailable fallback,0,19551530,1219,4,,
4360.469,30815.0,75982492,WSL MemTotal-MemAvailable fallback,0,19551530,1219,4,,
4361.501,30783.0,75977828,WSL MemTotal-MemAvailable fallback,0,19551530,1219,4,,
4362.532,30783.0,75981744,WSL MemTotal-MemAvailable fallback,0,19551530,1219,4,,
4363.564,30783.0,75976360,WSL MemTotal-MemAvailable fallback,0,19551530,1219,4,,
4364.596,30675.0,75977644,WSL MemTotal-MemAvailable fallback,0,19551530,1219,4,,
4365.629,30675.0,75981132,WSL MemTotal-MemAvailable fallback,0,19551530,1219,4,,
4366.661,30675.0,75982560,WSL MemTotal-MemAvailable fallback,0,19551530,1219,4,,
4367.694,30676.0,75986500,WSL MemTotal-MemAvailable fallback,0,19551530,1219,4,,
4368.724,30676.0,75989596,WSL MemTotal-MemAvailable fallback,0,19551530,1219,4,,
4369.755,30676.0,75985312,WSL MemTotal-MemAvailable fallback,0,19551530,1219,4,,
4370.786,30675.0,75984296,WSL MemTotal-MemAvailable fallback,0,19551530,1219,4,,
4371.817,30675.0,75979384,WSL MemTotal-MemAvailable fallback,0,19551530,1219,4,,
4372.852,30675.0,75984304,WSL MemTotal-MemAvailable fallback,0,19551530,1219,4,,
4373.889,30711.0,75987652,WSL MemTotal-MemAvailable fallback,0,19551530,1219,4,,
4374.929,30711.0,75981488,WSL MemTotal-MemAvailable fallback,0,19551530,1219,4,,
4375.966,30711.0,75977476,WSL MemTotal-MemAvailable fallback,0,19551530,1219,4,,
4377.004,30711.0,75979768,WSL MemTotal-MemAvailable fallback,0,19551530,1219,4,,
4378.041,30711.0,75980760,WSL MemTotal-MemAvailable fallback,0,19551530,1219,4,,
4379.079,30711.0,75979836,WSL MemTotal-MemAvailable fallback,0,19551530,1219,4,,
4380.117,30711.0,75972488,WSL MemTotal-MemAvailable fallback,0,19551530,1219,4,,
4381.154,30711.0,75973976,WSL MemTotal-MemAvailable fallback,0,19551530,1219,4,,
4382.215,30711.0,75973516,WSL MemTotal-MemAvailable fallback,0,19551530,1219,4,,
4383.266,30711.0,75976308,WSL MemTotal-MemAvailable fallback,0,19551530,1219,4,,
4384.305,30711.0,75974592,WSL MemTotal-MemAvailable fallback,0,19551530,1219,4,,
4385.343,30710.0,75971912,WSL MemTotal-MemAvailable fallback,0,19551530,1219,4,,
4386.376,30710.0,75975748,WSL MemTotal-MemAvailable fallback,0,19551530,1219,4,,
4387.409,30710.0,75974212,WSL MemTotal-MemAvailable fallback,0,19551530,1219,4,,
4388.442,30733.0,75973372,WSL MemTotal-MemAvailable fallback,0,19551530,1219,4,,
4389.479,30733.0,75977252,WSL MemTotal-MemAvailable fallback,0,19551530,1219,4,,
4390.513,30751.0,75966488,WSL MemTotal-MemAvailable fallback,0,19551530,1219,4,,
4391.547,31117.0,75972836,WSL MemTotal-MemAvailable fallback,0,19551530,1219,4,,
4392.58,31085.0,75973844,WSL MemTotal-MemAvailable fallback,0,19551530,1219,4,,
4393.614,31056.0,75974192,WSL MemTotal-MemAvailable fallback,0,19551530,1219,4,,
4394.649,31050.0,75972564,WSL MemTotal-MemAvailable fallback,0,19551530,1219,4,,
4395.683,31036.0,75969244,WSL MemTotal-MemAvailable fallback,0,19551530,1219,4,,
4396.721,30743.0,75971960,WSL MemTotal-MemAvailable fallback,0,19551530,1219,4,,
4397.762,30743.0,75978504,WSL MemTotal-MemAvailable fallback,0,19551530,1219,4,,
4398.795,30743.0,75981600,WSL MemTotal-MemAvailable fallback,0,19551530,1219,4,,
4399.828,30742.0,75978492,WSL MemTotal-MemAvailable fallback,0,19551530,1219,4,,
4400.861,30743.0,75980884,WSL MemTotal-MemAvailable fallback,0,19551530,1219,4,,
4401.895,30743.0,75980300,WSL MemTotal-MemAvailable fallback,0,19551530,1219,4,,
4402.929,30743.0,75969312,WSL MemTotal-MemAvailable fallback,0,19551530,1219,4,,
4403.963,30743.0,75973756,WSL MemTotal-MemAvailable fallback,0,19551530,1219,4,,
4405.002,30743.0,75975608,WSL MemTotal-MemAvailable fallback,0,19551530,1219,4,,
4406.041,30735.0,75974672,WSL MemTotal-MemAvailable fallback,0,19551530,1219,4,,
4407.079,30735.0,75972336,WSL MemTotal-MemAvailable fallback,0,19551530,1219,4,,
4408.12,30735.0,75976912,WSL MemTotal-MemAvailable fallback,0,19551530,1219,4,,
4409.159,30735.0,75976480,WSL MemTotal-MemAvailable fallback,0,19551530,1219,4,,
4410.197,30735.0,75976480,WSL MemTotal-MemAvailable fallback,0,19551530,1219,4,,
4411.236,30735.0,75974072,WSL MemTotal-MemAvailable fallback,0,19551530,1219,4,,
4412.285,30735.0,75978132,WSL MemTotal-MemAvailable fallback,0,19551530,1219,4,,
4413.336,30735.0,75970096,WSL MemTotal-MemAvailable fallback,0,19551530,1219,4,,
4414.372,30735.0,75972748,WSL MemTotal-MemAvailable fallback,0,19551530,1219,4,,
4415.41,30741.0,75971692,WSL MemTotal-MemAvailable fallback,0,19551530,1219,4,,
4416.444,30741.0,75974128,WSL MemTotal-MemAvailable fallback,0,19551530,1219,4,,
4417.48,30741.0,75967952,WSL MemTotal-MemAvailable fallback,0,19551530,1219,4,,
4418.513,30741.0,75969904,WSL MemTotal-MemAvailable fallback,0,19551530,1219,4,,
4419.545,30759.0,75973584,WSL MemTotal-MemAvailable fallback,0,19551530,1219,4,,
4420.579,30758.0,75975672,WSL MemTotal-MemAvailable fallback,0,19551530,1219,4,,
4421.615,30756.0,75970600,WSL MemTotal-MemAvailable fallback,0,19551530,1219,4,,
4422.648,30746.0,75974168,WSL MemTotal-MemAvailable fallback,0,19551530,1219,4,,
4423.683,30763.0,75974960,WSL MemTotal-MemAvailable fallback,0,19551530,1219,4,,
4424.719,30763.0,75976068,WSL MemTotal-MemAvailable fallback,0,19551530,1219,4,,
4425.752,30761.0,75971116,WSL MemTotal-MemAvailable fallback,0,19551530,1219,4,,
4426.788,30763.0,75973448,WSL MemTotal-MemAvailable fallback,0,19551530,1219,4,,
4427.821,30760.0,75970580,WSL MemTotal-MemAvailable fallback,0,19551530,1219,4,,
4428.853,30764.0,75971360,WSL MemTotal-MemAvailable fallback,0,19551530,1219,4,,
4429.886,30760.0,75969752,WSL MemTotal-MemAvailable fallback,0,19551530,1219,4,,
4430.919,30766.0,75965376,WSL MemTotal-MemAvailable fallback,0,19551530,1219,4,,
4431.953,30765.0,75969432,WSL MemTotal-MemAvailable fallback,0,19551530,1219,4,,
4432.989,30759.0,75968712,WSL MemTotal-MemAvailable fallback,0,19551530,1219,4,,
4434.021,30775.0,75970252,WSL MemTotal-MemAvailable fallback,0,19551530,1219,4,,
4435.059,30776.0,75973484,WSL MemTotal-MemAvailable fallback,0,19551530,1219,4,,
4436.096,30770.0,75973968,WSL MemTotal-MemAvailable fallback,0,19551530,1219,4,,
4437.136,30774.0,75968768,WSL MemTotal-MemAvailable fallback,0,19551530,1219,4,,
4438.174,30774.0,75972028,WSL MemTotal-MemAvailable fallback,0,19551530,1219,4,,
4439.213,30772.0,75972896,WSL MemTotal-MemAvailable fallback,0,19551530,1219,4,,
4440.252,30771.0,75968796,WSL MemTotal-MemAvailable fallback,0,19551530,1219,4,,
4441.291,30771.0,75975152,WSL MemTotal-MemAvailable fallback,0,19551530,1219,4,,
4442.337,30765.0,75972540,WSL MemTotal-MemAvailable fallback,0,19551530,1219,4,,
4443.377,30762.0,75973476,WSL MemTotal-MemAvailable fallback,0,19551530,1219,4,,
4444.414,30762.0,75973420,WSL MemTotal-MemAvailable fallback,0,19551530,1219,4,,
4445.455,30762.0,75976320,WSL MemTotal-MemAvailable fallback,0,19551530,1219,4,,
4446.496,31044.0,75977284,WSL MemTotal-MemAvailable fallback,0,19551530,1219,4,,
4447.529,31045.0,75978540,WSL MemTotal-MemAvailable fallback,0,19551530,1219,4,,
4448.563,31013.0,75979128,WSL MemTotal-MemAvailable fallback,0,19551530,1219,4,,
4449.6,30986.0,75981016,WSL MemTotal-MemAvailable fallback,0,19551530,1219,4,,
4450.634,30980.0,75980584,WSL MemTotal-MemAvailable fallback,0,19551530,1219,4,,
4451.668,30790.0,75976932,WSL MemTotal-MemAvailable fallback,0,19551530,1219,4,,
4452.706,30775.0,75970276,WSL MemTotal-MemAvailable fallback,0,19551530,1219,4,,
4453.743,30775.0,75975812,WSL MemTotal-MemAvailable fallback,0,19551530,1219,4,,
4454.778,30774.0,75983564,WSL MemTotal-MemAvailable fallback,0,19551530,1219,4,,
4455.813,30774.0,75979960,WSL MemTotal-MemAvailable fallback,0,19551530,1219,4,,
4456.899,30774.0,75977412,WSL MemTotal-MemAvailable fallback,0,19551530,1219,4,,
4457.932,30774.0,75985276,WSL MemTotal-MemAvailable fallback,0,19551530,1219,4,,
4458.968,30768.0,75984144,WSL MemTotal-MemAvailable fallback,0,19551530,1219,4,,
4460.0,30768.0,75983060,WSL MemTotal-MemAvailable fallback,0,19551530,1219,4,,
4461.033,30769.0,75982104,WSL MemTotal-MemAvailable fallback,0,19551530,1219,4,,
4462.066,30768.0,75983968,WSL MemTotal-MemAvailable fallback,0,19551530,1219,4,,
4463.099,30763.0,75981968,WSL MemTotal-MemAvailable fallback,0,19551530,1219,4,,
4464.134,30763.0,75985816,WSL MemTotal-MemAvailable fallback,0,19551530,1219,4,,
4465.172,30763.0,75975592,WSL MemTotal-MemAvailable fallback,0,19551530,1219,4,,
4466.212,30763.0,75973652,WSL MemTotal-MemAvailable fallback,0,19551530,1219,4,,
4467.252,30763.0,75977056,WSL MemTotal-MemAvailable fallback,0,19551530,1219,4,,
4468.297,30763.0,75979328,WSL MemTotal-MemAvailable fallback,0,19551530,1219,4,,
4469.337,30763.0,75979016,WSL MemTotal-MemAvailable fallback,0,19551530,1219,4,,
4470.376,30763.0,75975108,WSL MemTotal-MemAvailable fallback,0,19551530,1219,4,,
4471.414,30763.0,75979376,WSL MemTotal-MemAvailable fallback,0,19551530,1219,4,,
4472.478,30763.0,75979756,WSL MemTotal-MemAvailable fallback,0,19551530,1219,4,,
4473.533,30763.0,75976528,WSL MemTotal-MemAvailable fallback,0,19551530,1219,4,,
4474.57,30763.0,75971596,WSL MemTotal-MemAvailable fallback,0,19551530,1219,4,,
4475.606,30763.0,75975188,WSL MemTotal-MemAvailable fallback,0,19551530,1219,4,,
4476.64,30763.0,75974116,WSL MemTotal-MemAvailable fallback,0,19551530,1219,4,,
4477.674,30763.0,75970900,WSL MemTotal-MemAvailable fallback,0,19551530,1219,4,,
4478.707,30763.0,75974316,WSL MemTotal-MemAvailable fallback,0,19551530,1219,4,,
4479.742,30763.0,75976584,WSL MemTotal-MemAvailable fallback,0,19551530,1219,4,,
4480.776,30805.0,75973372,WSL MemTotal-MemAvailable fallback,0,19551530,1219,4,,
4481.811,30812.0,75971504,WSL MemTotal-MemAvailable fallback,0,19551530,1219,4,,
4482.846,30815.0,75974028,WSL MemTotal-MemAvailable fallback,0,19551530,1219,4,,
4483.881,30815.0,75979260,WSL MemTotal-MemAvailable fallback,0,19551530,1219,4,,
4484.915,30811.0,75969416,WSL MemTotal-MemAvailable fallback,0,19551530,1219,4,,
4485.951,30795.0,75968344,WSL MemTotal-MemAvailable fallback,0,19551530,1219,4,,
4486.995,30780.0,75971816,WSL MemTotal-MemAvailable fallback,0,19551530,1219,4,,
4488.028,30780.0,75973796,WSL MemTotal-MemAvailable fallback,0,19551530,1219,4,,
4489.062,30769.0,75974764,WSL MemTotal-MemAvailable fallback,0,19551530,1219,4,,
4490.095,30763.0,75972912,WSL MemTotal-MemAvailable fallback,0,19551530,1219,4,,
4491.129,30763.0,75970644,WSL MemTotal-MemAvailable fallback,0,19551530,1219,4,,
4492.163,30763.0,75974904,WSL MemTotal-MemAvailable fallback,0,19551530,1219,4,,
4493.198,30763.0,75975732,WSL MemTotal-MemAvailable fallback,0,19551530,1219,4,,
4494.237,30763.0,75972560,WSL MemTotal-MemAvailable fallback,0,19551530,1219,4,,
4495.274,30763.0,75972288,WSL MemTotal-MemAvailable fallback,0,19551530,1219,4,,
4496.312,30761.0,75974396,WSL MemTotal-MemAvailable fallback,0,19551530,1219,4,,
4497.352,30761.0,75975208,WSL MemTotal-MemAvailable fallback,0,19551530,1219,4,,
4498.393,30761.0,75972112,WSL MemTotal-MemAvailable fallback,0,19551530,1219,4,,
4499.431,30761.0,75987876,WSL MemTotal-MemAvailable fallback,0,19551530,1219,4,,
4500.471,30762.0,75999720,WSL MemTotal-MemAvailable fallback,0,19551530,1219,4,,
4501.509,30762.0,76025676,WSL MemTotal-MemAvailable fallback,0,19551530,1219,4,,
4502.552,30762.0,76041672,WSL MemTotal-MemAvailable fallback,0,19551530,1219,4,,
4503.602,30761.0,76057800,WSL MemTotal-MemAvailable fallback,0,19551530,1219,4,,
4504.65,30761.0,76049752,WSL MemTotal-MemAvailable fallback,0,19551530,1219,4,,
4505.693,30762.0,76066132,WSL MemTotal-MemAvailable fallback,0,19551530,1219,4,,
4506.733,30762.0,76062716,WSL MemTotal-MemAvailable fallback,0,19551530,1219,4,,
4507.778,30762.0,76062716,WSL MemTotal-MemAvailable fallback,0,19551530,1219,4,,
4508.812,30762.0,76054892,WSL MemTotal-MemAvailable fallback,0,19551530,1219,4,,
4509.848,30762.0,76053308,WSL MemTotal-MemAvailable fallback,0,19551530,1219,4,,
4510.882,30761.0,76049872,WSL MemTotal-MemAvailable fallback,0,19551530,1219,4,,
4511.917,30762.0,76049824,WSL MemTotal-MemAvailable fallback,0,19551530,1219,4,,
4512.952,30762.0,76039132,WSL MemTotal-MemAvailable fallback,0,19551530,1219,4,,
4513.989,30762.0,76034092,WSL MemTotal-MemAvailable fallback,0,19551530,1219,4,,
4515.029,30762.0,76033688,WSL MemTotal-MemAvailable fallback,0,19551530,1219,4,,
4516.062,30773.0,76030412,WSL MemTotal-MemAvailable fallback,0,19551530,1219,4,,
4517.107,30774.0,76017348,WSL MemTotal-MemAvailable fallback,0,19551530,1219,4,,
4518.141,30773.0,75995152,WSL MemTotal-MemAvailable fallback,0,19551530,1219,4,,
4519.174,30773.0,75997628,WSL MemTotal-MemAvailable fallback,0,19551530,1219,4,,
4520.208,30773.0,75994400,WSL MemTotal-MemAvailable fallback,0,19551530,1219,4,,
4521.241,30767.0,75991656,WSL MemTotal-MemAvailable fallback,0,19551530,1219,4,,
4522.274,30767.0,75993972,WSL MemTotal-MemAvailable fallback,0,19551530,1219,4,,
4523.309,30767.0,75991996,WSL MemTotal-MemAvailable fallback,0,19551530,1219,4,,
4524.343,30767.0,75998616,WSL MemTotal-MemAvailable fallback,0,19551530,1219,4,,
4525.393,30767.0,75998032,WSL MemTotal-MemAvailable fallback,0,19551530,1219,4,,
4526.434,30762.0,75999404,WSL MemTotal-MemAvailable fallback,0,19551530,1219,4,,
4527.474,30762.0,75996196,WSL MemTotal-MemAvailable fallback,0,19551530,1219,4,,
4528.511,30762.0,75994624,WSL MemTotal-MemAvailable fallback,0,19551530,1219,4,,
4529.553,30762.0,75993156,WSL MemTotal-MemAvailable fallback,0,19551530,1219,4,,
4530.591,30762.0,75997024,WSL MemTotal-MemAvailable fallback,0,19551530,1219,4,,
4531.628,30762.0,75998444,WSL MemTotal-MemAvailable fallback,0,19551530,1219,4,,
4532.668,30762.0,75992960,WSL MemTotal-MemAvailable fallback,0,19551531,1219,4,,
4533.716,30762.0,75994504,WSL MemTotal-MemAvailable fallback,0,19551531,1219,4,,
4534.757,30762.0,75981116,WSL MemTotal-MemAvailable fallback,0,19551531,1219,4,,
4535.795,30762.0,75976872,WSL MemTotal-MemAvailable fallback,0,19551531,1219,4,,
4536.834,30762.0,75976956,WSL MemTotal-MemAvailable fallback,0,19551531,1219,4,,
4537.867,30761.0,75973516,WSL MemTotal-MemAvailable fallback,0,19551531,1219,4,,
4538.9,30761.0,75973816,WSL MemTotal-MemAvailable fallback,0,19551531,1219,4,,
4539.934,30762.0,75974524,WSL MemTotal-MemAvailable fallback,0,19551531,1219,4,,
4540.97,30762.0,75970432,WSL MemTotal-MemAvailable fallback,0,19551531,1219,4,,
4542.006,30762.0,75973156,WSL MemTotal-MemAvailable fallback,0,19551531,1219,4,,
4543.039,30762.0,75971840,WSL MemTotal-MemAvailable fallback,0,19551531,1219,4,,
4544.076,30761.0,75969852,WSL MemTotal-MemAvailable fallback,0,19551531,1219,4,,
4545.11,30762.0,75973392,WSL MemTotal-MemAvailable fallback,0,19551531,1219,4,,
4546.145,30761.0,75964016,WSL MemTotal-MemAvailable fallback,0,19551531,1219,4,,
4547.181,30762.0,75965556,WSL MemTotal-MemAvailable fallback,0,19551531,1219,4,,
4548.213,30762.0,75964604,WSL MemTotal-MemAvailable fallback,0,19551531,1219,4,,
4549.246,30762.0,75967732,WSL MemTotal-MemAvailable fallback,0,19551531,1219,4,,
4550.28,30761.0,75969996,WSL MemTotal-MemAvailable fallback,0,19551531,1219,4,,
4551.314,30761.0,75970024,WSL MemTotal-MemAvailable fallback,0,19551531,1219,4,,
4552.349,30762.0,75971564,WSL MemTotal-MemAvailable fallback,0,19551531,1219,4,,
4553.384,30762.0,75972324,WSL MemTotal-MemAvailable fallback,0,19551531,1219,4,,
4554.424,30762.0,75977012,WSL MemTotal-MemAvailable fallback,0,19551531,1219,4,,
4555.464,30761.0,75971492,WSL MemTotal-MemAvailable fallback,0,19551531,1219,4,,
4556.505,30761.0,75966952,WSL MemTotal-MemAvailable fallback,0,19551531,1219,4,,
4557.546,30762.0,75968252,WSL MemTotal-MemAvailable fallback,0,19551531,1219,4,,
4558.588,30762.0,75969808,WSL MemTotal-MemAvailable fallback,0,19551531,1219,4,,
4559.625,30762.0,75974432,WSL MemTotal-MemAvailable fallback,0,19551531,1219,4,,
4560.663,30761.0,75976160,WSL MemTotal-MemAvailable fallback,0,19551531,1219,4,,
4561.706,30762.0,75992284,WSL MemTotal-MemAvailable fallback,0,19551531,1219,4,,
4562.751,30762.0,75990408,WSL MemTotal-MemAvailable fallback,0,19551531,1219,4,,
4563.796,30762.0,75990960,WSL MemTotal-MemAvailable fallback,0,19551531,1219,4,,
4564.834,30762.0,75993148,WSL MemTotal-MemAvailable fallback,0,19551531,1219,4,,
4565.87,30762.0,75976212,WSL MemTotal-MemAvailable fallback,0,19551531,1219,4,,
4566.904,30762.0,75970256,WSL MemTotal-MemAvailable fallback,0,19551531,1219,4,,
4567.937,30762.0,75970116,WSL MemTotal-MemAvailable fallback,0,19551531,1219,4,,
4568.974,30762.0,75972388,WSL MemTotal-MemAvailable fallback,0,19551531,1219,4,,
4570.008,30761.0,75976288,WSL MemTotal-MemAvailable fallback,0,19551531,1219,4,,
4571.046,30761.0,75989824,WSL MemTotal-MemAvailable fallback,0,19551531,1219,4,,
4572.082,30761.0,75988824,WSL MemTotal-MemAvailable fallback,0,19551531,1219,4,,
4573.116,30762.0,75988320,WSL MemTotal-MemAvailable fallback,0,19551531,1219,4,,
4574.152,30761.0,75987732,WSL MemTotal-MemAvailable fallback,0,19551531,1219,4,,
4575.187,30761.0,75986976,WSL MemTotal-MemAvailable fallback,0,19551531,1219,4,,
4576.222,30761.0,75983244,WSL MemTotal-MemAvailable fallback,0,19551531,1219,4,,
4577.26,30761.0,75979860,WSL MemTotal-MemAvailable fallback,0,19551531,1219,4,,
4578.293,30761.0,75984000,WSL MemTotal-MemAvailable fallback,0,19551531,1219,4,,
4579.327,30761.0,75982028,WSL MemTotal-MemAvailable fallback,0,19551531,1219,4,,
4580.36,30761.0,75982452,WSL MemTotal-MemAvailable fallback,0,19551531,1219,4,,
4581.393,30761.0,75985728,WSL MemTotal-MemAvailable fallback,0,19551531,1219,4,,
4582.425,30766.0,75983128,WSL MemTotal-MemAvailable fallback,0,19551531,1219,4,,
4583.459,30766.0,75977516,WSL MemTotal-MemAvailable fallback,0,19551531,1219,4,,
4584.497,30766.0,75977468,WSL MemTotal-MemAvailable fallback,0,19551531,1219,4,,
4585.536,30767.0,75975124,WSL MemTotal-MemAvailable fallback,0,19551531,1219,4,,
4586.577,30767.0,75974828,WSL MemTotal-MemAvailable fallback,0,19551531,1219,4,,
4587.617,30766.0,75973200,WSL MemTotal-MemAvailable fallback,0,19551531,1219,4,,
4588.654,30766.0,75976664,WSL MemTotal-MemAvailable fallback,0,19551531,1219,4,,
4589.693,30766.0,75969404,WSL MemTotal-MemAvailable fallback,0,19551531,1219,4,,
4590.731,30768.0,75965216,WSL MemTotal-MemAvailable fallback,0,19551531,1219,4,,
4591.789,30768.0,75973452,WSL MemTotal-MemAvailable fallback,0,19551531,1219,4,,
4592.834,30768.0,75979564,WSL MemTotal-MemAvailable fallback,0,19551531,1219,4,,
4593.873,30768.0,75980348,WSL MemTotal-MemAvailable fallback,0,19551531,1219,4,,
4594.911,30768.0,75995972,WSL MemTotal-MemAvailable fallback,0,19551531,1219,4,,
4595.95,30762.0,76008216,WSL MemTotal-MemAvailable fallback,0,19551531,1219,4,,
4596.984,30762.0,76001840,WSL MemTotal-MemAvailable fallback,0,19551531,1219,4,,
4598.017,30762.0,75992416,WSL MemTotal-MemAvailable fallback,0,19551531,1219,4,,
4599.053,30762.0,75992744,WSL MemTotal-MemAvailable fallback,0,19551531,1219,4,,
4600.088,30762.0,75991624,WSL MemTotal-MemAvailable fallback,0,19551531,1219,4,,
4601.127,30762.0,75984780,WSL MemTotal-MemAvailable fallback,0,19551531,1219,4,,
4602.161,30762.0,75978348,WSL MemTotal-MemAvailable fallback,0,19551531,1219,4,,
4603.195,30762.0,75962540,WSL MemTotal-MemAvailable fallback,0,19551531,1219,4,,
4604.23,30762.0,75961120,WSL MemTotal-MemAvailable fallback,0,19551531,1219,4,,
4605.264,30762.0,75961064,WSL MemTotal-MemAvailable fallback,0,19551531,1219,4,,
4606.298,30762.0,75959924,WSL MemTotal-MemAvailable fallback,0,19551531,1219,4,,
4607.338,30762.0,75963996,WSL MemTotal-MemAvailable fallback,0,19551532,1219,4,,
4608.373,30762.0,75965960,WSL MemTotal-MemAvailable fallback,0,19551532,1219,4,,
4609.407,30762.0,75959676,WSL MemTotal-MemAvailable fallback,0,19551532,1219,4,,
4610.441,30762.0,75962304,WSL MemTotal-MemAvailable fallback,0,19551532,1219,4,,
4611.478,30762.0,75964924,WSL MemTotal-MemAvailable fallback,0,19551532,1219,4,,
4612.511,30762.0,75960040,WSL MemTotal-MemAvailable fallback,0,19551532,1219,4,,
4613.544,30762.0,75962700,WSL MemTotal-MemAvailable fallback,0,19551532,1219,4,,
4614.583,30762.0,75960252,WSL MemTotal-MemAvailable fallback,0,19551532,1219,4,,
4615.621,30762.0,75960620,WSL MemTotal-MemAvailable fallback,0,19551532,1219,4,,
4616.66,30762.0,75957912,WSL MemTotal-MemAvailable fallback,0,19551532,1219,4,,
4617.7,30762.0,75955140,WSL MemTotal-MemAvailable fallback,0,19551532,1219,4,,
4618.739,30762.0,75955728,WSL MemTotal-MemAvailable fallback,0,19551532,1219,4,,
4619.777,30762.0,75958184,WSL MemTotal-MemAvailable fallback,0,19551532,1219,4,,
4620.816,30762.0,75961188,WSL MemTotal-MemAvailable fallback,0,19551532,1219,4,,
4621.863,30762.0,75968408,WSL MemTotal-MemAvailable fallback,0,19551532,1219,4,,
4622.908,30762.0,75958536,WSL MemTotal-MemAvailable fallback,0,19551532,1219,4,,
4623.946,30762.0,75964720,WSL MemTotal-MemAvailable fallback,0,19551532,1219,4,,
4624.984,30762.0,75961696,WSL MemTotal-MemAvailable fallback,0,19551532,1219,4,,
4626.023,30762.0,75964820,WSL MemTotal-MemAvailable fallback,0,19551532,1219,4,,
4627.055,30762.0,75943108,WSL MemTotal-MemAvailable fallback,0,19551532,1219,4,,
4628.091,30762.0,75948604,WSL MemTotal-MemAvailable fallback,0,19551532,1219,4,,
4629.125,30762.0,75955528,WSL MemTotal-MemAvailable fallback,0,19551532,1219,4,,
4630.159,30762.0,75958756,WSL MemTotal-MemAvailable fallback,0,19551532,1219,4,,
4631.198,30762.0,75961384,WSL MemTotal-MemAvailable fallback,0,19551532,1219,4,,
4632.232,30762.0,75961916,WSL MemTotal-MemAvailable fallback,0,19551532,1219,4,,
4633.266,30762.0,75962644,WSL MemTotal-MemAvailable fallback,0,19551532,1219,4,,
4634.3,30762.0,75963188,WSL MemTotal-MemAvailable fallback,0,19551532,1219,4,,
4635.335,30762.0,75961552,WSL MemTotal-MemAvailable fallback,0,19551532,1219,4,,
4636.369,30762.0,75958872,WSL MemTotal-MemAvailable fallback,0,19551532,1219,4,,
4637.413,30762.0,75960104,WSL MemTotal-MemAvailable fallback,0,19551532,1219,4,,
4638.444,30762.0,75964964,WSL MemTotal-MemAvailable fallback,0,19551532,1219,4,,
4639.481,30762.0,75960920,WSL MemTotal-MemAvailable fallback,0,19551532,1219,4,,
4640.515,30762.0,75965984,WSL MemTotal-MemAvailable fallback,0,19551532,1219,4,,
4641.549,30762.0,75974020,WSL MemTotal-MemAvailable fallback,0,19551532,1219,4,,
4642.583,30762.0,75970100,WSL MemTotal-MemAvailable fallback,0,19551532,1219,4,,
4643.616,30762.0,75971712,WSL MemTotal-MemAvailable fallback,0,19551532,1219,4,,
4644.656,30762.0,75977752,WSL MemTotal-MemAvailable fallback,0,19551532,1219,4,,
4645.698,30762.0,75977920,WSL MemTotal-MemAvailable fallback,0,19551532,1219,4,,
4646.736,30762.0,75973624,WSL MemTotal-MemAvailable fallback,0,19551532,1219,4,,
4647.775,30762.0,75970480,WSL MemTotal-MemAvailable fallback,0,19551532,1219,4,,
4648.814,30762.0,75974056,WSL MemTotal-MemAvailable fallback,0,19551532,1219,4,,
4649.854,30762.0,75973804,WSL MemTotal-MemAvailable fallback,0,19551532,1219,4,,
4650.897,30762.0,75969520,WSL MemTotal-MemAvailable fallback,0,19551532,1219,4,,
4651.941,30762.0,75977712,WSL MemTotal-MemAvailable fallback,0,19551532,1219,4,,
4652.982,30763.0,75981952,WSL MemTotal-MemAvailable fallback,0,19551532,1219,4,,
4654.021,30761.0,75982028,WSL MemTotal-MemAvailable fallback,0,19551532,1219,4,,
4655.059,30767.0,75978500,WSL MemTotal-MemAvailable fallback,0,19551532,1219,4,,
4656.097,30773.0,75980620,WSL MemTotal-MemAvailable fallback,0,19551532,1219,4,,
4657.131,30773.0,75972540,WSL MemTotal-MemAvailable fallback,0,19551532,1219,4,,
4658.166,30773.0,75976400,WSL MemTotal-MemAvailable fallback,0,19551532,1219,4,,
4659.199,30772.0,75973900,WSL MemTotal-MemAvailable fallback,0,19551532,1219,4,,
4660.233,30772.0,75972976,WSL MemTotal-MemAvailable fallback,0,19551532,1219,4,,
4661.267,30766.0,75970392,WSL MemTotal-MemAvailable fallback,0,19551532,1219,4,,
4662.306,30766.0,75973984,WSL MemTotal-MemAvailable fallback,0,19551532,1219,4,,
4663.34,30766.0,75970456,WSL MemTotal-MemAvailable fallback,0,19551532,1219,4,,
4664.375,30766.0,75968232,WSL MemTotal-MemAvailable fallback,0,19551532,1219,4,,
4665.411,30761.0,75968320,WSL MemTotal-MemAvailable fallback,0,19551532,1219,4,,
4666.447,30760.0,75962504,WSL MemTotal-MemAvailable fallback,0,19551532,1219,4,,
4667.491,30760.0,75960740,WSL MemTotal-MemAvailable fallback,0,19551532,1219,4,,
4668.525,30760.0,75959252,WSL MemTotal-MemAvailable fallback,0,19551532,1219,4,,
4669.558,30761.0,75956920,WSL MemTotal-MemAvailable fallback,0,19551532,1219,4,,
4670.591,30760.0,75957584,WSL MemTotal-MemAvailable fallback,0,19551532,1219,4,,
4671.624,30761.0,75961424,WSL MemTotal-MemAvailable fallback,0,19551532,1219,4,,
4672.657,30761.0,75952888,WSL MemTotal-MemAvailable fallback,0,19551532,1219,4,,
4673.691,30761.0,75957524,WSL MemTotal-MemAvailable fallback,0,19551532,1219,4,,
4674.731,30761.0,75953368,WSL MemTotal-MemAvailable fallback,0,19551532,1219,4,,
4675.77,30761.0,75952240,WSL MemTotal-MemAvailable fallback,0,19551532,1219,4,,
4676.809,30761.0,75956916,WSL MemTotal-MemAvailable fallback,0,19551532,1219,4,,
4677.848,30761.0,75956216,WSL MemTotal-MemAvailable fallback,0,19551532,1219,4,,
4678.89,30761.0,75953000,WSL MemTotal-MemAvailable fallback,0,19551532,1219,4,,
4679.93,30761.0,75956444,WSL MemTotal-MemAvailable fallback,0,19551532,1219,4,,
4680.974,30766.0,75958492,WSL MemTotal-MemAvailable fallback,0,19551532,1219,4,,
4682.029,30766.0,75969092,WSL MemTotal-MemAvailable fallback,0,19551532,1219,4,,
4683.072,30766.0,75963312,WSL MemTotal-MemAvailable fallback,0,19551532,1219,4,,
4684.111,30766.0,75966192,WSL MemTotal-MemAvailable fallback,0,19551532,1219,4,,
4685.149,30766.0,75965184,WSL MemTotal-MemAvailable fallback,0,19551532,1219,4,,
4686.186,30761.0,75965084,WSL MemTotal-MemAvailable fallback,0,19551532,1219,4,,
4687.219,30761.0,75980136,WSL MemTotal-MemAvailable fallback,0,19551532,1219,4,,
4688.256,30761.0,75996012,WSL MemTotal-MemAvailable fallback,0,19551532,1219,4,,
4689.291,30761.0,76011676,WSL MemTotal-MemAvailable fallback,0,19551532,1219,4,,
4690.325,30761.0,75999588,WSL MemTotal-MemAvailable fallback,0,19551532,1219,4,,
4691.36,30761.0,76000080,WSL MemTotal-MemAvailable fallback,0,19551532,1219,4,,
4692.396,30761.0,75996616,WSL MemTotal-MemAvailable fallback,0,19551532,1219,4,,
4693.43,30761.0,75991792,WSL MemTotal-MemAvailable fallback,0,19551532,1219,4,,
4694.468,30761.0,75987936,WSL MemTotal-MemAvailable fallback,0,19551532,1219,4,,
4695.503,30761.0,75980884,WSL MemTotal-MemAvailable fallback,0,19551532,1219,4,,
4696.539,30761.0,75996472,WSL MemTotal-MemAvailable fallback,0,19551532,1219,4,,
4697.583,30766.0,76001444,WSL MemTotal-MemAvailable fallback,0,19551532,1219,4,,
4698.615,30766.0,75988516,WSL MemTotal-MemAvailable fallback,0,19551532,1219,4,,
4699.649,30766.0,75961392,WSL MemTotal-MemAvailable fallback,0,19551532,1219,4,,
4700.682,30766.0,75977796,WSL MemTotal-MemAvailable fallback,0,19551532,1219,4,,
4701.717,30766.0,75980824,WSL MemTotal-MemAvailable fallback,0,19551532,1219,4,,
4702.75,30761.0,75971056,WSL MemTotal-MemAvailable fallback,0,19551532,1219,4,,
4703.785,30761.0,75967604,WSL MemTotal-MemAvailable fallback,0,19551532,1219,4,,
4704.838,30761.0,75967768,WSL MemTotal-MemAvailable fallback,0,19551532,1219,4,,
4705.877,30761.0,75965192,WSL MemTotal-MemAvailable fallback,0,19551532,1219,4,,
4706.916,30761.0,75966184,WSL MemTotal-MemAvailable fallback,0,19551532,1219,4,,
4707.955,30761.0,75972884,WSL MemTotal-MemAvailable fallback,0,19551532,1219,4,,
4708.994,30761.0,75975216,WSL MemTotal-MemAvailable fallback,0,19551532,1219,4,,
4710.035,30761.0,75973184,WSL MemTotal-MemAvailable fallback,0,19551532,1219,4,,
4711.074,30761.0,75969960,WSL MemTotal-MemAvailable fallback,0,19551532,1219,4,,
4712.12,30761.0,75971660,WSL MemTotal-MemAvailable fallback,0,19551532,1219,4,,
4713.157,30761.0,75971992,WSL MemTotal-MemAvailable fallback,0,19551532,1219,4,,
4714.199,30761.0,75974352,WSL MemTotal-MemAvailable fallback,0,19551532,1219,4,,
4715.239,30761.0,75974724,WSL MemTotal-MemAvailable fallback,0,19551532,1219,4,,
4716.279,30761.0,75981844,WSL MemTotal-MemAvailable fallback,0,19551532,1219,4,,
4717.316,30761.0,75997596,WSL MemTotal-MemAvailable fallback,0,19551532,1219,4,,
4718.349,30761.0,75993668,WSL MemTotal-MemAvailable fallback,0,19551532,1219,4,,
4719.382,30761.0,75990756,WSL MemTotal-MemAvailable fallback,0,19551532,1219,4,,
4720.422,30761.0,75992012,WSL MemTotal-MemAvailable fallback,0,19551532,1219,4,,
4721.456,30767.0,75991564,WSL MemTotal-MemAvailable fallback,0,19551532,1219,4,,
4722.492,30766.0,75984648,WSL MemTotal-MemAvailable fallback,0,19551532,1219,4,,
4723.527,30767.0,75979876,WSL MemTotal-MemAvailable fallback,0,19551532,1219,4,,
4724.56,30767.0,75981044,WSL MemTotal-MemAvailable fallback,0,19551532,1219,4,,
4725.594,30766.0,75977908,WSL MemTotal-MemAvailable fallback,0,19551532,1219,4,,
4726.627,30765.0,75977176,WSL MemTotal-MemAvailable fallback,0,19551532,1219,4,,
4727.66,30765.0,75981488,WSL MemTotal-MemAvailable fallback,0,19551532,1219,4,,
4728.693,30765.0,75994948,WSL MemTotal-MemAvailable fallback,0,19551532,1219,4,,
4729.727,30766.0,75990160,WSL MemTotal-MemAvailable fallback,0,19551532,1219,4,,
4730.76,30766.0,75986748,WSL MemTotal-MemAvailable fallback,0,19551532,1219,4,,
4731.794,30760.0,75984468,WSL MemTotal-MemAvailable fallback,0,19551532,1219,4,,
4732.829,30760.0,75986264,WSL MemTotal-MemAvailable fallback,0,19551532,1219,4,,
4733.868,30760.0,75983844,WSL MemTotal-MemAvailable fallback,0,19551532,1219,4,,
4734.905,30760.0,75966580,WSL MemTotal-MemAvailable fallback,0,19551532,1219,4,,
4735.945,30760.0,75970700,WSL MemTotal-MemAvailable fallback,0,19551532,1219,4,,
4736.985,30761.0,75969520,WSL MemTotal-MemAvailable fallback,0,19551532,1219,4,,
4738.025,30760.0,75966772,WSL MemTotal-MemAvailable fallback,0,19551532,1219,4,,
4739.066,30760.0,75971532,WSL MemTotal-MemAvailable fallback,0,19551532,1219,4,,
4740.106,30760.0,75968192,WSL MemTotal-MemAvailable fallback,0,19551532,1219,4,,
4741.147,30761.0,75968924,WSL MemTotal-MemAvailable fallback,0,19551532,1219,4,,
4742.196,30761.0,75971680,WSL MemTotal-MemAvailable fallback,0,19551532,1219,4,,
4743.247,30760.0,75973140,WSL MemTotal-MemAvailable fallback,0,19551532,1219,4,,
4744.285,30760.0,75976688,WSL MemTotal-MemAvailable fallback,0,19551532,1219,4,,
4745.322,30760.0,75978160,WSL MemTotal-MemAvailable fallback,0,19551532,1219,4,,
4746.359,30760.0,75977336,WSL MemTotal-MemAvailable fallback,0,19551532,1219,4,,
4747.392,30760.0,75975568,WSL MemTotal-MemAvailable fallback,0,19551532,1219,4,,
4748.426,30760.0,75976020,WSL MemTotal-MemAvailable fallback,0,19551532,1219,4,,
4749.461,30760.0,75985692,WSL MemTotal-MemAvailable fallback,0,19551532,1219,4,,
4750.495,30760.0,76001568,WSL MemTotal-MemAvailable fallback,0,19551532,1219,4,,
4751.528,30760.0,76017444,WSL MemTotal-MemAvailable fallback,0,19551532,1219,4,,
4752.561,30760.0,76024800,WSL MemTotal-MemAvailable fallback,0,19551532,1219,4,,
4753.594,30760.0,76042148,WSL MemTotal-MemAvailable fallback,0,19551532,1219,4,,
4754.627,30760.0,76043912,WSL MemTotal-MemAvailable fallback,0,19551532,1219,4,,
4755.664,30760.0,76042760,WSL MemTotal-MemAvailable fallback,0,19551532,1219,4,,
4756.7,30761.0,76041584,WSL MemTotal-MemAvailable fallback,0,19551532,1219,4,,
4757.733,30761.0,76043840,WSL MemTotal-MemAvailable fallback,0,19551532,1219,4,,
4758.766,30761.0,76044972,WSL MemTotal-MemAvailable fallback,0,19551532,1219,4,,
4759.799,30760.0,76041504,WSL MemTotal-MemAvailable fallback,0,19551532,1219,4,,
4760.832,30760.0,76033008,WSL MemTotal-MemAvailable fallback,0,19551532,1219,4,,
4761.869,30760.0,76029480,WSL MemTotal-MemAvailable fallback,0,19551532,1219,4,,
4762.902,30760.0,76024576,WSL MemTotal-MemAvailable fallback,0,19551532,1219,4,,
4763.939,30760.0,76032656,WSL MemTotal-MemAvailable fallback,0,19551532,1219,4,,
4764.977,30761.0,76022108,WSL MemTotal-MemAvailable fallback,0,19551532,1219,4,,
4766.017,30760.0,76016836,WSL MemTotal-MemAvailable fallback,0,19551532,1219,4,,
4767.064,30760.0,76008732,WSL MemTotal-MemAvailable fallback,0,19551532,1219,4,,
4768.103,30760.0,76004868,WSL MemTotal-MemAvailable fallback,0,19551532,1219,4,,
4769.147,30761.0,75986812,WSL MemTotal-MemAvailable fallback,0,19551532,1219,4,,
4770.186,30798.0,75990776,WSL MemTotal-MemAvailable fallback,0,19551532,1219,4,,
4771.229,30801.0,75989748,WSL MemTotal-MemAvailable fallback,0,19551532,1219,4,,
4772.278,30827.0,75986620,WSL MemTotal-MemAvailable fallback,0,19551532,1219,4,,
4773.325,30917.0,75980556,WSL MemTotal-MemAvailable fallback,0,19551532,1219,4,,
4774.365,30902.0,75977748,WSL MemTotal-MemAvailable fallback,0,19551532,1219,4,,
4775.405,30869.0,75976016,WSL MemTotal-MemAvailable fallback,0,19551532,1219,4,,
4776.44,30855.0,75969636,WSL MemTotal-MemAvailable fallback,0,19551532,1219,4,,
4777.473,30788.0,75969192,WSL MemTotal-MemAvailable fallback,0,19551532,1219,4,,
4778.507,30777.0,75973044,WSL MemTotal-MemAvailable fallback,0,19551532,1219,4,,
4779.543,30859.0,75971552,WSL MemTotal-MemAvailable fallback,0,19551532,1219,4,,
4780.576,30855.0,75959700,WSL MemTotal-MemAvailable fallback,0,19551532,1219,4,,
4781.616,30908.0,75965120,WSL MemTotal-MemAvailable fallback,0,19551532,1219,4,,
4782.649,30912.0,75962460,WSL MemTotal-MemAvailable fallback,0,19551532,1219,4,,
4783.685,30900.0,75962316,WSL MemTotal-MemAvailable fallback,0,19551532,1219,4,,
4784.718,30893.0,75959372,WSL MemTotal-MemAvailable fallback,0,19551532,1219,4,,
4785.751,30889.0,75960028,WSL MemTotal-MemAvailable fallback,0,19551532,1219,4,,
4786.8,30982.0,75954556,WSL MemTotal-MemAvailable fallback,0,19551532,1219,4,,
4787.834,30996.0,75958768,WSL MemTotal-MemAvailable fallback,0,19551532,1219,4,,
4788.867,30992.0,75958860,WSL MemTotal-MemAvailable fallback,0,19551532,1219,4,,
4789.902,30970.0,75959336,WSL MemTotal-MemAvailable fallback,0,19551532,1219,4,,
4790.935,30898.0,75958008,WSL MemTotal-MemAvailable fallback,0,19551532,1219,4,,
4791.969,30893.0,75959968,WSL MemTotal-MemAvailable fallback,0,19551532,1219,4,,
4793.008,30887.0,75961844,WSL MemTotal-MemAvailable fallback,0,19551532,1219,4,,
4794.044,30872.0,75961952,WSL MemTotal-MemAvailable fallback,0,19551532,1219,4,,
4795.084,30871.0,75961572,WSL MemTotal-MemAvailable fallback,0,19551532,1219,4,,
4796.124,30871.0,75956824,WSL MemTotal-MemAvailable fallback,0,19551532,1219,4,,
4797.163,30863.0,75962416,WSL MemTotal-MemAvailable fallback,0,19551532,1219,4,,
4798.226,30863.0,75963192,WSL MemTotal-MemAvailable fallback,0,19551532,1219,4,,
4799.266,30863.0,75963396,WSL MemTotal-MemAvailable fallback,0,19551532,1219,4,,
4800.318,30863.0,75963896,WSL MemTotal-MemAvailable fallback,0,19551532,1219,4,,
4801.358,30863.0,75964356,WSL MemTotal-MemAvailable fallback,0,19551532,1219,4,,
4802.407,30862.0,75958188,WSL MemTotal-MemAvailable fallback,0,19551532,1219,4,,
4803.454,30862.0,75956172,WSL MemTotal-MemAvailable fallback,0,19551532,1219,4,,
4804.491,30862.0,75963480,WSL MemTotal-MemAvailable fallback,0,19551532,1219,4,,
4805.527,30863.0,75978868,WSL MemTotal-MemAvailable fallback,0,19551532,1219,4,,
4806.559,30863.0,75976968,WSL MemTotal-MemAvailable fallback,0,19551532,1219,4,,
4807.593,30862.0,75981900,WSL MemTotal-MemAvailable fallback,0,19551532,1219,4,,
4808.627,30862.0,75982000,WSL MemTotal-MemAvailable fallback,0,19551532,1219,4,,
4809.661,30863.0,75977812,WSL MemTotal-MemAvailable fallback,0,19551532,1219,4,,
4810.697,30862.0,75982376,WSL MemTotal-MemAvailable fallback,0,19551532,1219,4,,
4811.731,30862.0,75983304,WSL MemTotal-MemAvailable fallback,0,19551532,1219,4,,
4812.764,30862.0,75983492,WSL MemTotal-MemAvailable fallback,0,19551532,1219,4,,
4813.798,30863.0,75978692,WSL MemTotal-MemAvailable fallback,0,19551532,1219,4,,
4814.833,30863.0,75982400,WSL MemTotal-MemAvailable fallback,0,19551532,1219,4,,
4815.869,30863.0,75973752,WSL MemTotal-MemAvailable fallback,0,19551532,1219,4,,
4816.918,30863.0,75973804,WSL MemTotal-MemAvailable fallback,0,19551532,1219,4,,
4817.951,30863.0,75964588,WSL MemTotal-MemAvailable fallback,0,19551532,1219,4,,
4818.985,30863.0,75981752,WSL MemTotal-MemAvailable fallback,0,19551532,1219,4,,
4820.02,30863.0,75986036,WSL MemTotal-MemAvailable fallback,0,19551532,1219,4,,
4821.054,30863.0,75999868,WSL MemTotal-MemAvailable fallback,0,19551532,1219,4,,
4822.091,30863.0,75993064,WSL MemTotal-MemAvailable fallback,0,19551532,1219,4,,
4823.124,30863.0,75995600,WSL MemTotal-MemAvailable fallback,0,19551532,1219,4,,
4824.165,30863.0,75987656,WSL MemTotal-MemAvailable fallback,0,19551532,1219,4,,
4825.206,30863.0,75986672,WSL MemTotal-MemAvailable fallback,0,19551532,1219,4,,
4826.244,30863.0,75979476,WSL MemTotal-MemAvailable fallback,0,19551532,1219,4,,
4827.282,30862.0,75975928,WSL MemTotal-MemAvailable fallback,0,19551532,1219,4,,
4828.322,30863.0,75977252,WSL MemTotal-MemAvailable fallback,0,19551532,1219,4,,
4829.361,30863.0,75982208,WSL MemTotal-MemAvailable fallback,0,19551532,1219,4,,
4830.402,30863.0,75977604,WSL MemTotal-MemAvailable fallback,0,19551532,1219,4,,
4831.441,30863.0,75975136,WSL MemTotal-MemAvailable fallback,0,19551532,1219,4,,
4832.499,30863.0,75968184,WSL MemTotal-MemAvailable fallback,0,19551532,1219,4,,
4833.544,30863.0,75970736,WSL MemTotal-MemAvailable fallback,0,19551532,1219,4,,
4834.58,30863.0,75969940,WSL MemTotal-MemAvailable fallback,0,19551532,1219,4,,
4835.621,30863.0,75970704,WSL MemTotal-MemAvailable fallback,0,19551532,1219,4,,
4836.656,30863.0,75965292,WSL MemTotal-MemAvailable fallback,0,19551532,1219,4,,
4837.689,30863.0,75961776,WSL MemTotal-MemAvailable fallback,0,19551532,1219,4,,
4838.723,30863.0,75962348,WSL MemTotal-MemAvailable fallback,0,19551532,1219,4,,
4839.757,30863.0,75967588,WSL MemTotal-MemAvailable fallback,0,19551532,1219,4,,
4840.792,30863.0,75970080,WSL MemTotal-MemAvailable fallback,0,19551532,1219,4,,
4841.829,30863.0,75977032,WSL MemTotal-MemAvailable fallback,0,19551532,1219,4,,
4842.863,30863.0,75977284,WSL MemTotal-MemAvailable fallback,0,19551532,1219,4,,
4843.899,30863.0,75967156,WSL MemTotal-MemAvailable fallback,0,19551532,1219,4,,
4844.936,30863.0,75965280,WSL MemTotal-MemAvailable fallback,0,19551532,1219,4,,
4845.971,30863.0,75963676,WSL MemTotal-MemAvailable fallback,0,19551532,1219,4,,
4847.01,30863.0,75964400,WSL MemTotal-MemAvailable fallback,0,19551532,1219,4,,
4848.043,30863.0,75967880,WSL MemTotal-MemAvailable fallback,0,19551532,1219,4,,
4849.08,30863.0,75975132,WSL MemTotal-MemAvailable fallback,0,19551532,1219,4,,
4850.115,30863.0,75971860,WSL MemTotal-MemAvailable fallback,0,19551532,1219,4,,
4851.152,30863.0,75972420,WSL MemTotal-MemAvailable fallback,0,19551532,1219,4,,
4852.187,30863.0,75970908,WSL MemTotal-MemAvailable fallback,0,19551532,1219,4,,
4853.223,30868.0,75973492,WSL MemTotal-MemAvailable fallback,0,19551532,1219,4,,
4854.259,30869.0,75971744,WSL MemTotal-MemAvailable fallback,0,19551532,1219,4,,
4855.308,30869.0,75976012,WSL MemTotal-MemAvailable fallback,0,19551532,1219,4,,
4856.345,30869.0,75971604,WSL MemTotal-MemAvailable fallback,0,19551532,1219,4,,
4857.387,30868.0,75969584,WSL MemTotal-MemAvailable fallback,0,19551532,1219,4,,
4858.426,30868.0,75970588,WSL MemTotal-MemAvailable fallback,0,19551532,1219,4,,
4859.464,30867.0,75974732,WSL MemTotal-MemAvailable fallback,0,19551532,1219,4,,
4860.504,30867.0,75974064,WSL MemTotal-MemAvailable fallback,0,19551532,1219,4,,
4861.542,30867.0,75974588,WSL MemTotal-MemAvailable fallback,0,19551532,1219,4,,
4862.585,30867.0,75968804,WSL MemTotal-MemAvailable fallback,0,19551532,1219,4,,
4863.629,30862.0,75963956,WSL MemTotal-MemAvailable fallback,0,19551532,1219,4,,
4864.665,30862.0,75965704,WSL MemTotal-MemAvailable fallback,0,19551532,1219,4,,
4865.704,30862.0,75972932,WSL MemTotal-MemAvailable fallback,0,19551532,1219,4,,
4866.742,30862.0,75967468,WSL MemTotal-MemAvailable fallback,0,19551532,1219,4,,
4867.775,30862.0,75965336,WSL MemTotal-MemAvailable fallback,0,19551532,1219,4,,
4868.808,30862.0,75965268,WSL MemTotal-MemAvailable fallback,0,19551532,1219,4,,
4869.842,30862.0,75967432,WSL MemTotal-MemAvailable fallback,0,19551532,1219,4,,
4870.876,30862.0,75960308,WSL MemTotal-MemAvailable fallback,0,19551532,1219,4,,
4871.911,30862.0,75958572,WSL MemTotal-MemAvailable fallback,0,19551532,1219,4,,
4872.944,30862.0,75956400,WSL MemTotal-MemAvailable fallback,0,19551532,1219,4,,
4873.981,30862.0,75958288,WSL MemTotal-MemAvailable fallback,0,19551532,1219,4,,
4875.015,30862.0,75962088,WSL MemTotal-MemAvailable fallback,0,19551532,1219,4,,
4876.052,30856.0,75963724,WSL MemTotal-MemAvailable fallback,0,19551532,1219,4,,
4877.097,30859.0,75965220,WSL MemTotal-MemAvailable fallback,0,19551532,1219,4,,
4878.129,30866.0,75970892,WSL MemTotal-MemAvailable fallback,0,19551532,1219,4,,
4879.162,30866.0,75969128,WSL MemTotal-MemAvailable fallback,0,19551532,1219,4,,
4880.195,30866.0,75967228,WSL MemTotal-MemAvailable fallback,0,19551532,1219,4,,
4881.228,30866.0,75968784,WSL MemTotal-MemAvailable fallback,0,19551532,1219,4,,
4882.261,30866.0,75972680,WSL MemTotal-MemAvailable fallback,0,19551532,1219,4,,
4883.297,30860.0,75960292,WSL MemTotal-MemAvailable fallback,0,19551532,1219,4,,
4884.34,30860.0,75960956,WSL MemTotal-MemAvailable fallback,0,19551532,1219,4,,
4885.378,30861.0,75959188,WSL MemTotal-MemAvailable fallback,0,19551532,1219,4,,
4886.416,30861.0,75962464,WSL MemTotal-MemAvailable fallback,0,19551532,1219,4,,
4887.454,30861.0,75962088,WSL MemTotal-MemAvailable fallback,0,19551532,1219,4,,
4888.494,30861.0,75964040,WSL MemTotal-MemAvailable fallback,0,19551532,1219,4,,
4889.535,30861.0,75960260,WSL MemTotal-MemAvailable fallback,0,19551532,1219,4,,
4890.572,30861.0,75964076,WSL MemTotal-MemAvailable fallback,0,19551532,1219,4,,
4891.611,30861.0,75960144,WSL MemTotal-MemAvailable fallback,0,19551532,1219,4,,
4892.665,30861.0,75962644,WSL MemTotal-MemAvailable fallback,0,19551533,1219,4,,
4893.712,30861.0,75959220,WSL MemTotal-MemAvailable fallback,0,19551533,1219,4,,
4894.752,30860.0,75958880,WSL MemTotal-MemAvailable fallback,0,19551533,1219,4,,
4895.789,30861.0,75961740,WSL MemTotal-MemAvailable fallback,0,19551533,1219,4,,
4896.827,30861.0,75962996,WSL MemTotal-MemAvailable fallback,0,19551533,1219,4,,
4897.859,30861.0,75960440,WSL MemTotal-MemAvailable fallback,0,19551533,1219,4,,
4898.892,30861.0,75964712,WSL MemTotal-MemAvailable fallback,0,19551533,1219,4,,
4899.927,30861.0,75964448,WSL MemTotal-MemAvailable fallback,0,19551533,1219,4,,
4900.96,30861.0,75964236,WSL MemTotal-MemAvailable fallback,0,19551533,1219,4,,
4901.993,30861.0,75967532,WSL MemTotal-MemAvailable fallback,0,19551533,1219,4,,
4903.027,30861.0,75969948,WSL MemTotal-MemAvailable fallback,0,19551533,1219,4,,
4904.06,30861.0,75967512,WSL MemTotal-MemAvailable fallback,0,19551533,1219,4,,
4905.095,30861.0,75961604,WSL MemTotal-MemAvailable fallback,0,19551533,1219,4,,
4906.13,30860.0,75960668,WSL MemTotal-MemAvailable fallback,0,19551533,1219,4,,
4907.166,30861.0,75966212,WSL MemTotal-MemAvailable fallback,0,19551533,1219,4,,
4908.199,30861.0,75962500,WSL MemTotal-MemAvailable fallback,0,19551533,1219,4,,
4909.245,30861.0,75960972,WSL MemTotal-MemAvailable fallback,0,19551533,1219,4,,
4910.277,30861.0,75964284,WSL MemTotal-MemAvailable fallback,0,19551533,1219,4,,
4911.31,30861.0,75966152,WSL MemTotal-MemAvailable fallback,0,19551533,1219,4,,
4912.343,30861.0,75963132,WSL MemTotal-MemAvailable fallback,0,19551533,1219,4,,
4913.377,30861.0,75966520,WSL MemTotal-MemAvailable fallback,0,19551533,1219,4,,
4914.418,30861.0,75970840,WSL MemTotal-MemAvailable fallback,0,19551533,1219,4,,
4915.457,30861.0,75966064,WSL MemTotal-MemAvailable fallback,0,19551533,1219,4,,
4916.498,30861.0,75970232,WSL MemTotal-MemAvailable fallback,0,19551533,1219,4,,
4917.536,30861.0,75964844,WSL MemTotal-MemAvailable fallback,0,19551533,1219,4,,
4918.574,30861.0,75967092,WSL MemTotal-MemAvailable fallback,0,19551533,1219,4,,
4919.614,30861.0,75970712,WSL MemTotal-MemAvailable fallback,0,19551533,1219,4,,
4920.654,30861.0,75973924,WSL MemTotal-MemAvailable fallback,0,19551533,1219,4,,
4921.694,30867.0,75972912,WSL MemTotal-MemAvailable fallback,0,19551533,1219,4,,
4922.734,30867.0,75976692,WSL MemTotal-MemAvailable fallback,0,19551533,1219,4,,
4923.781,30867.0,75974912,WSL MemTotal-MemAvailable fallback,0,19551533,1219,4,,
4924.822,30867.0,75967864,WSL MemTotal-MemAvailable fallback,0,19551533,1219,4,,
4925.86,30867.0,75973080,WSL MemTotal-MemAvailable fallback,0,19551533,1219,4,,
4926.892,30866.0,75966688,WSL MemTotal-MemAvailable fallback,0,19551533,1219,4,,
4927.925,30866.0,75961536,WSL MemTotal-MemAvailable fallback,0,19551533,1219,4,,
4928.961,30866.0,75963820,WSL MemTotal-MemAvailable fallback,0,19551533,1219,4,,
4929.996,30866.0,75963796,WSL MemTotal-MemAvailable fallback,0,19551533,1219,4,,
4931.032,30866.0,75963168,WSL MemTotal-MemAvailable fallback,0,19551533,1219,4,,
4932.066,30861.0,75962368,WSL MemTotal-MemAvailable fallback,0,19551533,1219,4,,
4933.104,30861.0,75967136,WSL MemTotal-MemAvailable fallback,0,19551533,1219,4,,
4934.138,30861.0,75966920,WSL MemTotal-MemAvailable fallback,0,19551533,1219,4,,
4935.173,30861.0,75967828,WSL MemTotal-MemAvailable fallback,0,19551533,1219,4,,
4936.207,30861.0,75974548,WSL MemTotal-MemAvailable fallback,0,19551533,1219,4,,
4937.244,30861.0,75974548,WSL MemTotal-MemAvailable fallback,0,19551533,1219,4,,
4937.606,30861.0,75989856,WSL MemTotal-MemAvailable fallback,0,19551533,1219,4,,
