elapsed_s,gpu_memory_mib,wsl_rss_kib,wsl_rss_source,wsl_swap_kib,minor_faults,major_faults,fault_processes,pcie_rx_mib_s,pcie_tx_mib_s
1.282,29557.0,74199356,WSL MemTotal-MemAvailable fallback,0,19038232,6945,4,,
2.317,29558.0,74212192,WSL MemTotal-MemAvailable fallback,0,19038310,6945,4,,
3.357,29558.0,74229344,WSL MemTotal-MemAvailable fallback,0,19038310,6945,4,,
4.389,29558.0,74228268,WSL MemTotal-MemAvailable fallback,0,19038310,6945,4,,
5.421,29559.0,74212364,WSL MemTotal-MemAvailable fallback,0,19038310,6945,4,,
6.459,29559.0,74226912,WSL MemTotal-MemAvailable fallback,0,19038310,6945,4,,
7.49,29559.0,74218580,WSL MemTotal-MemAvailable fallback,0,19038310,6945,4,,
8.529,29560.0,74181596,WSL MemTotal-MemAvailable fallback,0,19038310,6945,4,,
9.562,29559.0,74209420,WSL MemTotal-MemAvailable fallback,0,19038310,6945,4,,
10.595,29560.0,74216332,WSL MemTotal-MemAvailable fallback,0,19038310,6945,4,,
11.627,29560.0,74213284,WSL MemTotal-MemAvailable fallback,0,19038310,6945,4,,
12.662,29560.0,74209868,WSL MemTotal-MemAvailable fallback,0,19038310,6945,4,,
13.695,29560.0,74188748,WSL MemTotal-MemAvailable fallback,0,19038310,6945,4,,
14.732,29560.0,74212492,WSL MemTotal-MemAvailable fallback,0,19038310,6945,4,,
15.762,29560.0,74216512,WSL MemTotal-MemAvailable fallback,0,19038310,6945,4,,
16.799,29561.0,74117252,WSL MemTotal-MemAvailable fallback,0,19038310,6945,4,,
17.835,29560.0,74115900,WSL MemTotal-MemAvailable fallback,0,19038310,6945,4,,
18.869,29561.0,74108712,WSL MemTotal-MemAvailable fallback,0,19038310,6945,4,,
19.899,29561.0,74116268,WSL MemTotal-MemAvailable fallback,0,19038310,6945,4,,
20.938,29561.0,74121988,WSL MemTotal-MemAvailable fallback,0,19038310,6945,4,,
21.97,29561.0,74119976,WSL MemTotal-MemAvailable fallback,0,19038310,6945,4,,
23.003,29561.0,74112368,WSL MemTotal-MemAvailable fallback,0,19038310,6945,4,,
24.045,29562.0,74128184,WSL MemTotal-MemAvailable fallback,0,19038310,6945,4,,
25.081,29562.0,74112692,WSL MemTotal-MemAvailable fallback,0,19038310,6945,4,,
26.124,29562.0,74110616,WSL MemTotal-MemAvailable fallback,0,19038310,6945,4,,
27.159,29562.0,74132580,WSL MemTotal-MemAvailable fallback,0,19038310,6945,4,,
28.19,29564.0,74114476,WSL MemTotal-MemAvailable fallback,0,19038310,6945,4,,
29.221,29564.0,74098880,WSL MemTotal-MemAvailable fallback,0,19038310,6945,4,,
30.255,29561.0,74127620,WSL MemTotal-MemAvailable fallback,0,19038310,6945,4,,
31.29,29562.0,74112056,WSL MemTotal-MemAvailable fallback,0,19038310,6945,4,,
32.327,29562.0,74092024,WSL MemTotal-MemAvailable fallback,0,19038310,6945,4,,
33.367,29562.0,74118412,WSL MemTotal-MemAvailable fallback,0,19038310,6945,4,,
34.402,29562.0,74097264,WSL MemTotal-MemAvailable fallback,0,19038310,6945,4,,
35.439,29562.0,74120696,WSL MemTotal-MemAvailable fallback,0,19038310,6945,4,,
36.47,29562.0,74112816,WSL MemTotal-MemAvailable fallback,0,19038310,6945,4,,
37.502,29563.0,74109724,WSL MemTotal-MemAvailable fallback,0,19038310,6945,4,,
38.537,29563.0,74108420,WSL MemTotal-MemAvailable fallback,0,19038310,6945,4,,
39.571,29563.0,74118004,WSL MemTotal-MemAvailable fallback,0,19038310,6945,4,,
40.608,29563.0,74116476,WSL MemTotal-MemAvailable fallback,0,19038310,6945,4,,
41.644,29563.0,74125820,WSL MemTotal-MemAvailable fallback,0,19038310,6945,4,,
42.677,29563.0,74110392,WSL MemTotal-MemAvailable fallback,0,19038310,6945,4,,
43.711,29564.0,74117824,WSL MemTotal-MemAvailable fallback,0,19038310,6945,4,,
44.745,29564.0,74116572,WSL MemTotal-MemAvailable fallback,0,19038310,6945,4,,
45.778,29564.0,74115092,WSL MemTotal-MemAvailable fallback,0,19038310,6945,4,,
46.811,29564.0,74117572,WSL MemTotal-MemAvailable fallback,0,19038310,6945,4,,
47.843,29565.0,74106904,WSL MemTotal-MemAvailable fallback,0,19038310,6945,4,,
48.877,29565.0,74119456,WSL MemTotal-MemAvailable fallback,0,19038310,6945,4,,
49.913,29565.0,74117276,WSL MemTotal-MemAvailable fallback,0,19038310,6945,4,,
50.948,29565.0,74112544,WSL MemTotal-MemAvailable fallback,0,19038310,6945,4,,
51.98,29565.0,74118636,WSL MemTotal-MemAvailable fallback,0,19038310,6945,4,,
53.013,29566.0,74089536,WSL MemTotal-MemAvailable fallback,0,19038310,6945,4,,
54.045,29566.0,74109548,WSL MemTotal-MemAvailable fallback,0,19038310,6945,4,,
55.077,29560.0,74123988,WSL MemTotal-MemAvailable fallback,0,19038310,6945,4,,
56.108,29560.0,74114240,WSL MemTotal-MemAvailable fallback,0,19038310,6945,4,,
57.146,29566.0,74124360,WSL MemTotal-MemAvailable fallback,0,19038310,6945,4,,
58.183,29566.0,74127072,WSL MemTotal-MemAvailable fallback,0,19038310,6945,4,,
59.217,29566.0,74113412,WSL MemTotal-MemAvailable fallback,0,19038310,6945,4,,
60.248,29566.0,74111724,WSL MemTotal-MemAvailable fallback,0,19038310,6945,4,,
61.28,29567.0,74115444,WSL MemTotal-MemAvailable fallback,0,19038310,6945,4,,
62.312,29567.0,74118104,WSL MemTotal-MemAvailable fallback,0,19038310,6945,4,,
63.347,29567.0,74119464,WSL MemTotal-MemAvailable fallback,0,19038310,6945,4,,
64.38,29568.0,74125884,WSL MemTotal-MemAvailable fallback,0,19038310,6945,4,,
65.413,29568.0,74125328,WSL MemTotal-MemAvailable fallback,0,19038310,6945,4,,
66.445,29568.0,74142136,WSL MemTotal-MemAvailable fallback,0,19038310,6945,4,,
67.479,29569.0,74147836,WSL MemTotal-MemAvailable fallback,0,19038310,6945,4,,
68.511,29569.0,74123300,WSL MemTotal-MemAvailable fallback,0,19038310,6945,4,,
69.543,29569.0,74123932,WSL MemTotal-MemAvailable fallback,0,19038310,6945,4,,
70.576,29569.0,74140532,WSL MemTotal-MemAvailable fallback,0,19038310,6945,4,,
71.61,29569.0,74130920,WSL MemTotal-MemAvailable fallback,0,19038310,6945,4,,
72.645,29576.0,74124968,WSL MemTotal-MemAvailable fallback,0,19038310,6945,4,,
73.682,29578.0,74116132,WSL MemTotal-MemAvailable fallback,0,19038310,6945,4,,
74.715,29577.0,74128420,WSL MemTotal-MemAvailable fallback,0,19038310,6945,4,,
75.748,29575.0,74130516,WSL MemTotal-MemAvailable fallback,0,19038310,6945,4,,
76.78,29575.0,74196644,WSL MemTotal-MemAvailable fallback,0,19038310,6945,4,,
77.856,29576.0,74451696,WSL MemTotal-MemAvailable fallback,0,19038311,6945,4,,
78.911,29575.0,74535568,WSL MemTotal-MemAvailable fallback,0,19038314,6945,4,,
79.959,29569.0,74597816,WSL MemTotal-MemAvailable fallback,0,19038318,6945,4,,
81.006,29570.0,74659112,WSL MemTotal-MemAvailable fallback,0,19038321,6945,4,,
82.037,29570.0,74684112,WSL MemTotal-MemAvailable fallback,0,19038321,6945,4,,
83.069,30205.0,75181660,WSL MemTotal-MemAvailable fallback,0,19038321,6945,4,,
84.105,30217.0,75534524,WSL MemTotal-MemAvailable fallback,0,19038321,6945,4,,
85.133,31360.0,75718632,WSL MemTotal-MemAvailable fallback,0,19038321,6945,4,,
86.168,31360.0,75888192,WSL MemTotal-MemAvailable fallback,0,19038321,6945,4,,
87.197,31367.0,75917328,WSL MemTotal-MemAvailable fallback,0,19038321,6945,4,,
88.237,31367.0,75928120,WSL MemTotal-MemAvailable fallback,0,19038321,6945,4,,
89.274,31367.0,75941776,WSL MemTotal-MemAvailable fallback,0,19038321,6945,4,,
90.307,31367.0,75940328,WSL MemTotal-MemAvailable fallback,0,19038321,6945,4,,
91.341,31367.0,75940596,WSL MemTotal-MemAvailable fallback,0,19038321,6945,4,,
92.377,30524.0,75942868,WSL MemTotal-MemAvailable fallback,0,19038321,6945,4,,
93.414,31374.0,76226752,WSL MemTotal-MemAvailable fallback,0,19038321,6945,4,,
94.45,30700.0,76511720,WSL MemTotal-MemAvailable fallback,0,19038321,6945,4,,
95.485,30700.0,77187860,WSL MemTotal-MemAvailable fallback,0,19038321,6945,4,,
96.517,30700.0,77945224,WSL MemTotal-MemAvailable fallback,0,19038321,6945,4,,
97.55,30700.0,78941420,WSL MemTotal-MemAvailable fallback,0,19038321,6945,4,,
98.581,30701.0,78944184,WSL MemTotal-MemAvailable fallback,0,19038321,6945,4,,
99.617,30701.0,78945016,WSL MemTotal-MemAvailable fallback,0,19038321,6945,4,,
100.648,30701.0,78940324,WSL MemTotal-MemAvailable fallback,0,19038321,6945,4,,
101.681,30701.0,78937428,WSL MemTotal-MemAvailable fallback,0,19038321,6945,4,,
102.712,30701.0,78939608,WSL MemTotal-MemAvailable fallback,0,19038321,6945,4,,
103.746,30702.0,78937144,WSL MemTotal-MemAvailable fallback,0,19038321,6945,4,,
104.778,30702.0,78939560,WSL MemTotal-MemAvailable fallback,0,19038321,6945,4,,
105.812,30702.0,78938856,WSL MemTotal-MemAvailable fallback,0,19038321,6945,4,,
106.843,30702.0,78943608,WSL MemTotal-MemAvailable fallback,0,19038321,6945,4,,
107.878,30702.0,78945156,WSL MemTotal-MemAvailable fallback,0,19038321,6945,4,,
108.91,30702.0,78944760,WSL MemTotal-MemAvailable fallback,0,19038321,6945,4,,
109.944,30702.0,78936984,WSL MemTotal-MemAvailable fallback,0,19038321,6945,4,,
110.979,30702.0,79542460,WSL MemTotal-MemAvailable fallback,0,19038321,6945,4,,
112.01,30701.0,80422588,WSL MemTotal-MemAvailable fallback,0,19038321,6945,4,,
113.041,30702.0,81347048,WSL MemTotal-MemAvailable fallback,0,19038321,6945,4,,
114.078,30702.0,81589308,WSL MemTotal-MemAvailable fallback,0,19038321,6945,4,,
115.108,30702.0,81584052,WSL MemTotal-MemAvailable fallback,0,19038321,6945,4,,
116.142,30703.0,81587452,WSL MemTotal-MemAvailable fallback,0,19038321,6945,4,,
117.173,30703.0,81586116,WSL MemTotal-MemAvailable fallback,0,19038321,6945,4,,
118.21,30702.0,81580092,WSL MemTotal-MemAvailable fallback,0,19038321,6945,4,,
119.241,30700.0,81575356,WSL MemTotal-MemAvailable fallback,0,19038321,6945,4,,
120.275,30702.0,81578036,WSL MemTotal-MemAvailable fallback,0,19038321,6945,4,,
121.311,30702.0,81565216,WSL MemTotal-MemAvailable fallback,0,19038321,6945,4,,
122.35,30702.0,81566156,WSL MemTotal-MemAvailable fallback,0,19038321,6945,4,,
123.389,30702.0,81562052,WSL MemTotal-MemAvailable fallback,0,19038321,6945,4,,
124.422,30702.0,81564432,WSL MemTotal-MemAvailable fallback,0,19038321,6945,4,,
125.452,30702.0,81562072,WSL MemTotal-MemAvailable fallback,0,19038321,6945,4,,
126.488,30702.0,81609356,WSL MemTotal-MemAvailable fallback,0,19038321,6945,4,,
127.52,30702.0,81906052,WSL MemTotal-MemAvailable fallback,0,19038321,6945,4,,
128.556,30702.0,81987320,WSL MemTotal-MemAvailable fallback,0,19038321,6945,4,,
129.588,30702.0,82243280,WSL MemTotal-MemAvailable fallback,0,19038321,6945,4,,
130.628,30702.0,82297104,WSL MemTotal-MemAvailable fallback,0,19038321,6945,4,,
131.663,30704.0,82525220,WSL MemTotal-MemAvailable fallback,0,19038321,6945,4,,
132.698,30704.0,82578100,WSL MemTotal-MemAvailable fallback,0,19038321,6945,4,,
133.731,30704.0,82928188,WSL MemTotal-MemAvailable fallback,0,19038321,6945,4,,
134.764,30704.0,82932264,WSL MemTotal-MemAvailable fallback,0,19038321,6945,4,,
135.798,30704.0,83188280,WSL MemTotal-MemAvailable fallback,0,19038321,6945,4,,
136.828,30704.0,83383792,WSL MemTotal-MemAvailable fallback,0,19038321,6945,4,,
137.862,30704.0,83453236,WSL MemTotal-MemAvailable fallback,0,19038321,6945,4,,
138.898,30704.0,83553120,WSL MemTotal-MemAvailable fallback,0,19038321,6945,4,,
139.928,30704.0,83873332,WSL MemTotal-MemAvailable fallback,0,19038321,6945,4,,
140.965,30704.0,83970844,WSL MemTotal-MemAvailable fallback,0,19038321,6945,4,,
141.998,30723.0,84127644,WSL MemTotal-MemAvailable fallback,0,19038321,6945,4,,
143.034,30722.0,84402992,WSL MemTotal-MemAvailable fallback,0,19038321,6945,4,,
144.07,30722.0,84438548,WSL MemTotal-MemAvailable fallback,0,19038321,6945,4,,
145.108,30722.0,84600052,WSL MemTotal-MemAvailable fallback,0,19038321,6945,4,,
146.138,30722.0,84824124,WSL MemTotal-MemAvailable fallback,0,19038321,6945,4,,
147.173,30705.0,85077220,WSL MemTotal-MemAvailable fallback,0,19038321,6945,4,,
148.205,30704.0,85074348,WSL MemTotal-MemAvailable fallback,0,19038321,6945,4,,
149.243,30704.0,85334036,WSL MemTotal-MemAvailable fallback,0,19038321,6945,4,,
150.276,30704.0,85351396,WSL MemTotal-MemAvailable fallback,0,19038321,6945,4,,
151.307,30704.0,85353880,WSL MemTotal-MemAvailable fallback,0,19038321,6945,4,,
152.341,30704.0,85357544,WSL MemTotal-MemAvailable fallback,0,19038321,6945,4,,
153.372,30704.0,79952452,WSL MemTotal-MemAvailable fallback,0,19038321,6945,4,,
154.403,30736.0,77139848,WSL MemTotal-MemAvailable fallback,0,19038321,6945,4,,
155.433,30737.0,77554168,WSL MemTotal-MemAvailable fallback,0,19038321,6945,4,,
156.464,30737.0,77279808,WSL MemTotal-MemAvailable fallback,0,19038321,6945,4,,
157.496,30652.0,77284228,WSL MemTotal-MemAvailable fallback,0,19038321,6945,4,,
158.526,30652.0,77268220,WSL MemTotal-MemAvailable fallback,0,19038321,6945,4,,
159.557,30652.0,77281780,WSL MemTotal-MemAvailable fallback,0,19038321,6945,4,,
160.594,30652.0,77995748,WSL MemTotal-MemAvailable fallback,0,19038321,6945,4,,
161.626,30837.0,77891380,WSL MemTotal-MemAvailable fallback,0,19038321,6945,4,,
162.658,30836.0,78664068,WSL MemTotal-MemAvailable fallback,0,19038321,6945,4,,
163.69,30836.0,78466308,WSL MemTotal-MemAvailable fallback,0,19038321,6945,4,,
164.721,30837.0,78417364,WSL MemTotal-MemAvailable fallback,0,19038321,6945,4,,
165.751,30875.0,78300264,WSL MemTotal-MemAvailable fallback,0,19038321,6945,4,,
166.79,30987.0,78225904,WSL MemTotal-MemAvailable fallback,0,19038321,6945,4,,
167.821,30991.0,78132168,WSL MemTotal-MemAvailable fallback,0,19038321,6945,4,,
168.852,30687.0,78085368,WSL MemTotal-MemAvailable fallback,0,19038321,6945,4,,
169.881,30688.0,78049784,WSL MemTotal-MemAvailable fallback,0,19038321,6945,4,,
170.911,30756.0,78051444,WSL MemTotal-MemAvailable fallback,0,19038321,6945,4,,
171.946,30756.0,78083084,WSL MemTotal-MemAvailable fallback,0,19038321,6945,4,,
172.977,30757.0,78080296,WSL MemTotal-MemAvailable fallback,0,19038321,6945,4,,
174.012,30756.0,78042240,WSL MemTotal-MemAvailable fallback,0,19038321,6945,4,,
175.124,29581.0,75594532,WSL MemTotal-MemAvailable fallback,0,19038321,6945,4,,
176.183,29581.0,75636648,WSL MemTotal-MemAvailable fallback,0,19038321,6945,4,,
177.225,29581.0,75824472,WSL MemTotal-MemAvailable fallback,0,19038463,7182,4,,
178.256,29581.0,75774796,WSL MemTotal-MemAvailable fallback,0,19038464,7182,4,,
179.294,29581.0,75743120,WSL MemTotal-MemAvailable fallback,0,19038486,7222,4,,
180.324,29581.0,75687724,WSL MemTotal-MemAvailable fallback,0,19038496,7225,4,,
181.362,29583.0,75650888,WSL MemTotal-MemAvailable fallback,0,19038496,7225,4,,
182.405,29583.0,75615828,WSL MemTotal-MemAvailable fallback,0,19038568,7366,4,,
183.436,29583.0,75566900,WSL MemTotal-MemAvailable fallback,0,19038568,7366,4,,
184.476,29583.0,75523820,WSL MemTotal-MemAvailable fallback,0,19038582,7402,4,,
185.514,29583.0,75486428,WSL MemTotal-MemAvailable fallback,0,19038647,7568,4,,
186.56,29584.0,75462328,WSL MemTotal-MemAvailable fallback,0,19038713,7730,4,,
187.592,29584.0,75423208,WSL MemTotal-MemAvailable fallback,0,19038728,7745,4,,
188.637,29585.0,75346636,WSL MemTotal-MemAvailable fallback,0,19038728,7745,4,,
189.676,29585.0,75290852,WSL MemTotal-MemAvailable fallback,0,19038728,7745,4,,
190.717,29585.0,75267564,WSL MemTotal-MemAvailable fallback,0,19038739,7745,4,,
191.759,29588.0,75231720,WSL MemTotal-MemAvailable fallback,0,19038935,8204,4,,
192.795,29588.0,75199608,WSL MemTotal-MemAvailable fallback,0,19038935,8204,4,,
193.838,29588.0,75160596,WSL MemTotal-MemAvailable fallback,0,19038943,8229,4,,
194.878,29589.0,75135368,WSL MemTotal-MemAvailable fallback,0,19038984,8326,4,,
195.916,29590.0,75121196,WSL MemTotal-MemAvailable fallback,0,19039030,8446,4,,
196.949,29591.0,75063732,WSL MemTotal-MemAvailable fallback,0,19039051,8486,4,,
197.99,29591.0,75003160,WSL MemTotal-MemAvailable fallback,0,19039070,8515,4,,
199.022,29592.0,74966024,WSL MemTotal-MemAvailable fallback,0,19039070,8515,4,,
200.061,29592.0,74923992,WSL MemTotal-MemAvailable fallback,0,19039070,8515,4,,
201.099,29592.0,74881020,WSL MemTotal-MemAvailable fallback,0,19039071,8515,4,,
202.136,29593.0,74857988,WSL MemTotal-MemAvailable fallback,0,19039071,8515,4,,
203.175,29593.0,74825536,WSL MemTotal-MemAvailable fallback,0,19039075,8515,4,,
204.205,29593.0,74790516,WSL MemTotal-MemAvailable fallback,0,19039148,9854,4,,
205.238,29594.0,74772704,WSL MemTotal-MemAvailable fallback,0,19040460,11078,4,,
206.281,29594.0,74746768,WSL MemTotal-MemAvailable fallback,0,19040460,11078,4,,
207.318,29594.0,74719804,WSL MemTotal-MemAvailable fallback,0,19040476,11121,4,,
208.355,29594.0,74695120,WSL MemTotal-MemAvailable fallback,0,19040507,11181,4,,
209.387,29595.0,74692456,WSL MemTotal-MemAvailable fallback,0,19040518,11193,4,,
210.42,29596.0,74688840,WSL MemTotal-MemAvailable fallback,0,19040518,11193,4,,
211.458,29596.0,74675428,WSL MemTotal-MemAvailable fallback,0,19040518,11193,4,,
212.498,29596.0,74662976,WSL MemTotal-MemAvailable fallback,0,19040521,11193,4,,
213.538,29597.0,74648168,WSL MemTotal-MemAvailable fallback,0,19040538,11217,4,,
214.57,29606.0,74628732,WSL MemTotal-MemAvailable fallback,0,19040538,11217,4,,
215.608,29606.0,74625372,WSL MemTotal-MemAvailable fallback,0,19040557,11275,4,,
216.642,29605.0,74621576,WSL MemTotal-MemAvailable fallback,0,19040561,11288,4,,
217.683,29605.0,74595564,WSL MemTotal-MemAvailable fallback,0,19040561,11288,4,,
218.722,29605.0,74608620,WSL MemTotal-MemAvailable fallback,0,19040561,11288,4,,
219.754,29599.0,74598352,WSL MemTotal-MemAvailable fallback,0,19040561,11288,4,,
220.791,29600.0,74596792,WSL MemTotal-MemAvailable fallback,0,19040561,11288,4,,
221.824,29601.0,74604684,WSL MemTotal-MemAvailable fallback,0,19040561,11288,4,,
222.865,29600.0,74602384,WSL MemTotal-MemAvailable fallback,0,19040561,11288,4,,
223.908,29600.0,74596052,WSL MemTotal-MemAvailable fallback,0,19040561,11288,4,,
224.94,29599.0,74578884,WSL MemTotal-MemAvailable fallback,0,19040561,11288,4,,
225.978,29601.0,74578268,WSL MemTotal-MemAvailable fallback,0,19040561,11288,4,,
227.021,29601.0,74575848,WSL MemTotal-MemAvailable fallback,0,19040563,11288,4,,
228.062,29601.0,74573664,WSL MemTotal-MemAvailable fallback,0,19040563,11288,4,,
229.104,29602.0,74583480,WSL MemTotal-MemAvailable fallback,0,19040564,11288,4,,
230.137,29603.0,74578248,WSL MemTotal-MemAvailable fallback,0,19040564,11288,4,,
231.179,29602.0,74566160,WSL MemTotal-MemAvailable fallback,0,19040564,11288,4,,
232.218,29602.0,74570692,WSL MemTotal-MemAvailable fallback,0,19040565,11288,4,,
233.249,29602.0,74568820,WSL MemTotal-MemAvailable fallback,0,19040565,11288,4,,
234.284,29603.0,74570532,WSL MemTotal-MemAvailable fallback,0,19040565,11288,4,,
235.319,29603.0,74575436,WSL MemTotal-MemAvailable fallback,0,19040566,11288,4,,
236.362,29604.0,74574972,WSL MemTotal-MemAvailable fallback,0,19040566,11288,4,,
237.402,29604.0,74570128,WSL MemTotal-MemAvailable fallback,0,19040567,11288,4,,
238.434,29604.0,74574004,WSL MemTotal-MemAvailable fallback,0,19040567,11288,4,,
239.47,29605.0,74574760,WSL MemTotal-MemAvailable fallback,0,19040567,11288,4,,
240.503,29605.0,74562624,WSL MemTotal-MemAvailable fallback,0,19040570,11288,4,,
241.544,29606.0,74565824,WSL MemTotal-MemAvailable fallback,0,19040570,11288,4,,
242.587,29606.0,74570824,WSL MemTotal-MemAvailable fallback,0,19040571,11288,4,,
243.619,29605.0,74585892,WSL MemTotal-MemAvailable fallback,0,19040571,11288,4,,
244.658,29606.0,74587908,WSL MemTotal-MemAvailable fallback,0,19040571,11288,4,,
245.691,29617.0,74601780,WSL MemTotal-MemAvailable fallback,0,19040572,11288,4,,
246.731,29618.0,74607732,WSL MemTotal-MemAvailable fallback,0,19040572,11288,4,,
247.767,29617.0,74618868,WSL MemTotal-MemAvailable fallback,0,19040575,11300,4,,
248.797,29616.0,74598836,WSL MemTotal-MemAvailable fallback,0,19040592,11328,4,,
249.839,29616.0,74596968,WSL MemTotal-MemAvailable fallback,0,19040592,11328,4,,
250.879,29606.0,74598344,WSL MemTotal-MemAvailable fallback,0,19040609,11380,4,,
251.911,29606.0,74591860,WSL MemTotal-MemAvailable fallback,0,19040609,11380,4,,
252.944,29607.0,74609364,WSL MemTotal-MemAvailable fallback,0,19040609,11380,4,,
253.976,29607.0,74598896,WSL MemTotal-MemAvailable fallback,0,19040609,11380,4,,
255.023,29607.0,74598860,WSL MemTotal-MemAvailable fallback,0,19040609,11380,4,,
256.061,29607.0,74588160,WSL MemTotal-MemAvailable fallback,0,19040609,11380,4,,
257.09,29607.0,74576896,WSL MemTotal-MemAvailable fallback,0,19040609,11380,4,,
258.129,29607.0,74574376,WSL MemTotal-MemAvailable fallback,0,19040609,11380,4,,
259.16,29607.0,74575100,WSL MemTotal-MemAvailable fallback,0,19040609,11380,4,,
260.196,29607.0,74589456,WSL MemTotal-MemAvailable fallback,0,19040609,11380,4,,
261.236,29608.0,74589436,WSL MemTotal-MemAvailable fallback,0,19040609,11380,4,,
262.275,29606.0,74586476,WSL MemTotal-MemAvailable fallback,0,19040609,11380,4,,
263.314,29606.0,74586928,WSL MemTotal-MemAvailable fallback,0,19040609,11380,4,,
264.358,29606.0,74579208,WSL MemTotal-MemAvailable fallback,0,19040609,11380,4,,
265.389,29606.0,74585868,WSL MemTotal-MemAvailable fallback,0,19040609,11380,4,,
266.423,29608.0,74600528,WSL MemTotal-MemAvailable fallback,0,19040609,11380,4,,
267.456,29607.0,74599332,WSL MemTotal-MemAvailable fallback,0,19040609,11380,4,,
268.495,29607.0,74614216,WSL MemTotal-MemAvailable fallback,0,19040609,11380,4,,
269.537,29608.0,74607280,WSL MemTotal-MemAvailable fallback,0,19040610,11380,4,,
270.567,29608.0,74583956,WSL MemTotal-MemAvailable fallback,0,19040610,11380,4,,
271.605,29608.0,74580444,WSL MemTotal-MemAvailable fallback,0,19040610,11380,4,,
272.637,29608.0,74568576,WSL MemTotal-MemAvailable fallback,0,19040611,11380,4,,
273.679,29608.0,74575840,WSL MemTotal-MemAvailable fallback,0,19040611,11380,4,,
274.715,29609.0,74576060,WSL MemTotal-MemAvailable fallback,0,19040614,11380,4,,
275.747,29609.0,74590228,WSL MemTotal-MemAvailable fallback,0,19040614,11380,4,,
276.784,29609.0,74573692,WSL MemTotal-MemAvailable fallback,0,19040614,11380,4,,
277.826,29609.0,74561004,WSL MemTotal-MemAvailable fallback,0,19040615,11380,4,,
278.856,29609.0,74563248,WSL MemTotal-MemAvailable fallback,0,19040615,11380,4,,
279.896,29609.0,74563992,WSL MemTotal-MemAvailable fallback,0,19040615,11380,4,,
280.926,29609.0,74578488,WSL MemTotal-MemAvailable fallback,0,19040615,11380,4,,
281.967,29609.0,74595124,WSL MemTotal-MemAvailable fallback,0,19040615,11380,4,,
283.0,30009.0,74636184,WSL MemTotal-MemAvailable fallback,0,19048951,11380,4,,
284.031,30049.0,74620224,WSL MemTotal-MemAvailable fallback,0,19048951,11380,4,,
285.063,30049.0,74610980,WSL MemTotal-MemAvailable fallback,0,19048951,11380,4,,
286.104,30049.0,74617476,WSL MemTotal-MemAvailable fallback,0,19048951,11380,4,,
287.141,30049.0,74632868,WSL MemTotal-MemAvailable fallback,0,19048956,11380,4,,
288.172,30049.0,74631484,WSL MemTotal-MemAvailable fallback,0,19048956,11380,4,,
289.221,30050.0,74639360,WSL MemTotal-MemAvailable fallback,0,19048956,11380,4,,
290.257,29966.0,74624876,WSL MemTotal-MemAvailable fallback,0,19048956,11380,4,,
291.291,29968.0,74619876,WSL MemTotal-MemAvailable fallback,0,19048961,11380,4,,
292.33,29968.0,74619696,WSL MemTotal-MemAvailable fallback,0,19048961,11380,4,,
293.372,29968.0,74600512,WSL MemTotal-MemAvailable fallback,0,19048961,11380,4,,
294.426,29970.0,74599520,WSL MemTotal-MemAvailable fallback,0,19048961,11380,4,,
295.463,29971.0,74602024,WSL MemTotal-MemAvailable fallback,0,19048961,11380,4,,
296.493,29965.0,74602632,WSL MemTotal-MemAvailable fallback,0,19048961,11380,4,,
297.534,29965.0,74603084,WSL MemTotal-MemAvailable fallback,0,19048961,11380,4,,
298.584,29966.0,74602516,WSL MemTotal-MemAvailable fallback,0,19048961,11380,4,,
299.621,29968.0,74604176,WSL MemTotal-MemAvailable fallback,0,19048961,11380,4,,
300.678,29968.0,74600600,WSL MemTotal-MemAvailable fallback,0,19048961,11380,4,,
301.717,29975.0,74600752,WSL MemTotal-MemAvailable fallback,0,19048961,11380,4,,
302.754,29976.0,74599604,WSL MemTotal-MemAvailable fallback,0,19048961,11380,4,,
303.787,29978.0,74596612,WSL MemTotal-MemAvailable fallback,0,19048961,11380,4,,
304.829,29978.0,74598168,WSL MemTotal-MemAvailable fallback,0,19048961,11380,4,,
305.879,29979.0,74600304,WSL MemTotal-MemAvailable fallback,0,19048961,11380,4,,
306.917,29979.0,74599700,WSL MemTotal-MemAvailable fallback,0,19048961,11380,4,,
307.966,29979.0,74597376,WSL MemTotal-MemAvailable fallback,0,19048961,11380,4,,
309.004,29980.0,74602208,WSL MemTotal-MemAvailable fallback,0,19048961,11380,4,,
310.05,29981.0,74596452,WSL MemTotal-MemAvailable fallback,0,19048961,11380,4,,
311.08,29982.0,74611336,WSL MemTotal-MemAvailable fallback,0,19048961,11380,4,,
312.118,29982.0,74619272,WSL MemTotal-MemAvailable fallback,0,19048961,11380,4,,
313.153,29983.0,74620804,WSL MemTotal-MemAvailable fallback,0,19048961,11380,4,,
314.185,29984.0,74598552,WSL MemTotal-MemAvailable fallback,0,19048961,11380,4,,
315.217,29984.0,74598724,WSL MemTotal-MemAvailable fallback,0,19048961,11380,4,,
316.261,29984.0,74599328,WSL MemTotal-MemAvailable fallback,0,19048961,11380,4,,
317.299,29983.0,74601428,WSL MemTotal-MemAvailable fallback,0,19048964,11380,4,,
318.332,29990.0,74597528,WSL MemTotal-MemAvailable fallback,0,19048964,11380,4,,
319.37,29993.0,74600360,WSL MemTotal-MemAvailable fallback,0,19048964,11380,4,,
320.417,29992.0,74601744,WSL MemTotal-MemAvailable fallback,0,19048964,11380,4,,
321.46,29993.0,74598804,WSL MemTotal-MemAvailable fallback,0,19048965,11380,4,,
322.494,29993.0,74606284,WSL MemTotal-MemAvailable fallback,0,19048965,11380,4,,
323.534,29987.0,74604816,WSL MemTotal-MemAvailable fallback,0,19048965,11380,4,,
324.572,29988.0,74609280,WSL MemTotal-MemAvailable fallback,0,19048965,11380,4,,
325.602,29989.0,74616724,WSL MemTotal-MemAvailable fallback,0,19048966,11380,4,,
326.635,29989.0,74617228,WSL MemTotal-MemAvailable fallback,0,19048966,11380,4,,
327.677,29997.0,74620988,WSL MemTotal-MemAvailable fallback,0,19048966,11380,4,,
328.713,29997.0,74622584,WSL MemTotal-MemAvailable fallback,0,19048967,11380,4,,
329.751,29997.0,74617496,WSL MemTotal-MemAvailable fallback,0,19048967,11380,4,,
330.786,29996.0,74612988,WSL MemTotal-MemAvailable fallback,0,19048967,11380,4,,
331.825,29995.0,74612180,WSL MemTotal-MemAvailable fallback,0,19048967,11380,4,,
332.863,31337.0,74735080,WSL MemTotal-MemAvailable fallback,0,19079656,11380,4,,
333.895,31452.0,74728744,WSL MemTotal-MemAvailable fallback,0,19079656,11380,4,,
334.927,31453.0,74726380,WSL MemTotal-MemAvailable fallback,0,19079656,11380,4,,
335.962,31453.0,74713828,WSL MemTotal-MemAvailable fallback,0,19079656,11380,4,,
337.0,31453.0,74707956,WSL MemTotal-MemAvailable fallback,0,19079656,11380,4,,
338.031,31453.0,74697736,WSL MemTotal-MemAvailable fallback,0,19079656,11380,4,,
339.061,31453.0,74705672,WSL MemTotal-MemAvailable fallback,0,19079656,11380,4,,
340.091,31454.0,74745292,WSL MemTotal-MemAvailable fallback,0,19110331,11380,4,,
341.121,31454.0,74721496,WSL MemTotal-MemAvailable fallback,0,19110331,11380,4,,
342.156,31453.0,74717812,WSL MemTotal-MemAvailable fallback,0,19110331,11380,4,,
343.187,31456.0,74721536,WSL MemTotal-MemAvailable fallback,0,19110331,11380,4,,
344.223,31456.0,74721796,WSL MemTotal-MemAvailable fallback,0,19110331,11380,4,,
345.252,31456.0,74714228,WSL MemTotal-MemAvailable fallback,0,19110331,11380,4,,
346.293,31456.0,74706612,WSL MemTotal-MemAvailable fallback,0,19110331,11380,4,,
347.333,31459.0,74707792,WSL MemTotal-MemAvailable fallback,0,19110331,11380,4,,
348.381,31459.0,74815072,WSL MemTotal-MemAvailable fallback,0,19140993,11380,4,,
349.417,31459.0,74821804,WSL MemTotal-MemAvailable fallback,0,19140993,11380,4,,
350.451,31458.0,74808660,WSL MemTotal-MemAvailable fallback,0,19140993,11380,4,,
351.482,31458.0,74793984,WSL MemTotal-MemAvailable fallback,0,19140993,11380,4,,
352.512,31458.0,74787380,WSL MemTotal-MemAvailable fallback,0,19140993,11380,4,,
353.543,31458.0,74775976,WSL MemTotal-MemAvailable fallback,0,19140993,11380,4,,
354.573,31458.0,74748480,WSL MemTotal-MemAvailable fallback,0,19140993,11380,4,,
355.606,31459.0,74870276,WSL MemTotal-MemAvailable fallback,0,19171660,11380,4,,
356.646,31460.0,74855712,WSL MemTotal-MemAvailable fallback,0,19171660,11380,4,,
357.679,31460.0,74839496,WSL MemTotal-MemAvailable fallback,0,19171660,11380,4,,
358.711,31460.0,74813824,WSL MemTotal-MemAvailable fallback,0,19171660,11380,4,,
359.743,31460.0,74804348,WSL MemTotal-MemAvailable fallback,0,19171660,11380,4,,
360.784,31460.0,74798804,WSL MemTotal-MemAvailable fallback,0,19171660,11380,4,,
361.839,31460.0,74779452,WSL MemTotal-MemAvailable fallback,0,19171660,11380,4,,
362.873,31461.0,74844200,WSL MemTotal-MemAvailable fallback,0,19202323,11380,4,,
363.91,31462.0,74821632,WSL MemTotal-MemAvailable fallback,0,19202323,11380,4,,
364.953,31462.0,74801744,WSL MemTotal-MemAvailable fallback,0,19202323,11380,4,,
365.989,31462.0,74781392,WSL MemTotal-MemAvailable fallback,0,19202323,11380,4,,
367.029,31462.0,74762060,WSL MemTotal-MemAvailable fallback,0,19202323,11380,4,,
368.066,31462.0,74766960,WSL MemTotal-MemAvailable fallback,0,19202323,11380,4,,
369.121,31462.0,74763536,WSL MemTotal-MemAvailable fallback,0,19202323,11380,4,,
370.161,31462.0,74744348,WSL MemTotal-MemAvailable fallback,0,19202323,11380,4,,
371.209,31462.0,74849000,WSL MemTotal-MemAvailable fallback,0,19232985,11380,4,,
372.239,31463.0,74827600,WSL MemTotal-MemAvailable fallback,0,19232985,11380,4,,
373.271,31463.0,74807996,WSL MemTotal-MemAvailable fallback,0,19232985,11380,4,,
374.301,31463.0,74794376,WSL MemTotal-MemAvailable fallback,0,19232985,11380,4,,
375.339,31463.0,74775976,WSL MemTotal-MemAvailable fallback,0,19232985,11380,4,,
376.371,31463.0,74771116,WSL MemTotal-MemAvailable fallback,0,19232985,11380,4,,
377.401,31463.0,74751748,WSL MemTotal-MemAvailable fallback,0,19232985,11380,4,,
378.436,31463.0,74844500,WSL MemTotal-MemAvailable fallback,0,19263647,11380,4,,
379.486,31464.0,74817792,WSL MemTotal-MemAvailable fallback,0,19263647,11380,4,,
380.518,31464.0,74797336,WSL MemTotal-MemAvailable fallback,0,19263647,11380,4,,
381.55,31463.0,74775712,WSL MemTotal-MemAvailable fallback,0,19263647,11380,4,,
382.582,31464.0,74778356,WSL MemTotal-MemAvailable fallback,0,19263647,11380,4,,
383.616,31464.0,74767876,WSL MemTotal-MemAvailable fallback,0,19263647,11380,4,,
384.652,31464.0,74746280,WSL MemTotal-MemAvailable fallback,0,19263647,11380,4,,
385.686,31464.0,74723224,WSL MemTotal-MemAvailable fallback,0,19263648,11380,4,,
386.715,31464.0,74813488,WSL MemTotal-MemAvailable fallback,0,19294310,11380,4,,
387.747,31465.0,74805412,WSL MemTotal-MemAvailable fallback,0,19294310,11380,4,,
388.781,31465.0,74794264,WSL MemTotal-MemAvailable fallback,0,19294310,11380,4,,
389.812,31465.0,74771440,WSL MemTotal-MemAvailable fallback,0,19294310,11380,4,,
390.842,31465.0,74761060,WSL MemTotal-MemAvailable fallback,0,19294310,11380,4,,
391.873,31465.0,74745372,WSL MemTotal-MemAvailable fallback,0,19294310,11380,4,,
392.911,31465.0,74735080,WSL MemTotal-MemAvailable fallback,0,19294310,11380,4,,
393.939,31465.0,74784584,WSL MemTotal-MemAvailable fallback,0,19324974,11380,4,,
394.976,31466.0,74780444,WSL MemTotal-MemAvailable fallback,0,19324974,11380,4,,
396.008,31466.0,74783032,WSL MemTotal-MemAvailable fallback,0,19324974,11380,4,,
397.039,31466.0,74772120,WSL MemTotal-MemAvailable fallback,0,19324974,11380,4,,
398.076,31466.0,74752656,WSL MemTotal-MemAvailable fallback,0,19324974,11380,4,,
399.109,31466.0,74742772,WSL MemTotal-MemAvailable fallback,0,19324974,11380,4,,
400.149,31466.0,74735356,WSL MemTotal-MemAvailable fallback,0,19324974,11380,4,,
401.183,31475.0,74809788,WSL MemTotal-MemAvailable fallback,0,19355637,11380,4,,
402.216,31474.0,74797388,WSL MemTotal-MemAvailable fallback,0,19355637,11380,4,,
403.248,31474.0,74780396,WSL MemTotal-MemAvailable fallback,0,19355637,11380,4,,
404.282,31475.0,74775408,WSL MemTotal-MemAvailable fallback,0,19355637,11380,4,,
405.313,31475.0,74763348,WSL MemTotal-MemAvailable fallback,0,19355637,11380,4,,
406.345,31474.0,74760976,WSL MemTotal-MemAvailable fallback,0,19355637,11380,4,,
407.389,31473.0,74753816,WSL MemTotal-MemAvailable fallback,0,19355637,11380,4,,
408.423,31473.0,74736732,WSL MemTotal-MemAvailable fallback,0,19355637,11380,4,,
409.472,31468.0,74802176,WSL MemTotal-MemAvailable fallback,0,19386299,11380,4,,
410.501,31468.0,74789168,WSL MemTotal-MemAvailable fallback,0,19386299,11380,4,,
411.532,31468.0,74775952,WSL MemTotal-MemAvailable fallback,0,19386299,11380,4,,
412.569,31468.0,74757288,WSL MemTotal-MemAvailable fallback,0,19386299,11380,4,,
413.608,31468.0,74746472,WSL MemTotal-MemAvailable fallback,0,19386299,11380,4,,
414.645,31468.0,74733624,WSL MemTotal-MemAvailable fallback,0,19386299,11380,4,,
415.688,31469.0,74709892,WSL MemTotal-MemAvailable fallback,0,19386299,11380,4,,
416.72,31469.0,74756032,WSL MemTotal-MemAvailable fallback,0,19416967,11380,4,,
417.756,31469.0,74742356,WSL MemTotal-MemAvailable fallback,0,19416967,11380,4,,
418.792,31469.0,74739704,WSL MemTotal-MemAvailable fallback,0,19416967,11380,4,,
419.822,31469.0,74729660,WSL MemTotal-MemAvailable fallback,0,19416967,11380,4,,
420.859,31469.0,74728652,WSL MemTotal-MemAvailable fallback,0,19416967,11380,4,,
421.89,31469.0,74713412,WSL MemTotal-MemAvailable fallback,0,19416967,11380,4,,
422.927,31470.0,74712388,WSL MemTotal-MemAvailable fallback,0,19416967,11380,4,,
423.977,31470.0,74838728,WSL MemTotal-MemAvailable fallback,0,19447629,11380,4,,
425.008,31470.0,74831452,WSL MemTotal-MemAvailable fallback,0,19447629,11380,4,,
426.045,31470.0,74811420,WSL MemTotal-MemAvailable fallback,0,19447629,11380,4,,
427.078,31470.0,74798212,WSL MemTotal-MemAvailable fallback,0,19447629,11380,4,,
428.112,31470.0,74786452,WSL MemTotal-MemAvailable fallback,0,19447629,11380,4,,
429.143,31470.0,74791240,WSL MemTotal-MemAvailable fallback,0,19447629,11380,4,,
430.178,31470.0,74768208,WSL MemTotal-MemAvailable fallback,0,19447629,11380,4,,
431.22,31471.0,74754400,WSL MemTotal-MemAvailable fallback,0,19447629,11380,4,,
432.252,31471.0,74752588,WSL MemTotal-MemAvailable fallback,0,19447658,11452,4,,
433.292,31471.0,74751468,WSL MemTotal-MemAvailable fallback,0,19447658,11452,4,,
434.326,31471.0,74745576,WSL MemTotal-MemAvailable fallback,0,19447706,11579,4,,
435.358,31472.0,74729520,WSL MemTotal-MemAvailable fallback,0,19447753,11738,4,,
436.393,31473.0,74714324,WSL MemTotal-MemAvailable fallback,0,19447811,11904,4,,
437.434,31474.0,74704596,WSL MemTotal-MemAvailable fallback,0,19447863,12055,4,,
438.469,31475.0,74712012,WSL MemTotal-MemAvailable fallback,0,19447915,12196,4,,
439.505,31476.0,74706708,WSL MemTotal-MemAvailable fallback,0,19447968,12341,4,,
440.543,31476.0,74704076,WSL MemTotal-MemAvailable fallback,0,19447985,12380,4,,
441.574,31477.0,74698592,WSL MemTotal-MemAvailable fallback,0,19448031,12531,4,,
442.609,31477.0,74692132,WSL MemTotal-MemAvailable fallback,0,19448076,12694,4,,
443.648,31477.0,74676988,WSL MemTotal-MemAvailable fallback,0,19448126,12847,4,,
444.688,31479.0,74664552,WSL MemTotal-MemAvailable fallback,0,19448174,12998,4,,
445.723,31479.0,74660432,WSL MemTotal-MemAvailable fallback,0,19448221,13155,4,,
446.758,31479.0,74651056,WSL MemTotal-MemAvailable fallback,0,19448245,13227,4,,
447.798,31479.0,74651272,WSL MemTotal-MemAvailable fallback,0,19448267,13280,4,,
448.834,31478.0,74644600,WSL MemTotal-MemAvailable fallback,0,19448314,13395,4,,
449.873,31478.0,74642632,WSL MemTotal-MemAvailable fallback,0,19448359,13514,4,,
450.905,31479.0,74648316,WSL MemTotal-MemAvailable fallback,0,19448409,13632,4,,
451.942,31479.0,74639172,WSL MemTotal-MemAvailable fallback,0,19448452,13763,4,,
452.977,31479.0,74623228,WSL MemTotal-MemAvailable fallback,0,19448452,13767,4,,
454.019,31480.0,74618056,WSL MemTotal-MemAvailable fallback,0,19448452,13767,4,,
455.052,31481.0,74613700,WSL MemTotal-MemAvailable fallback,0,19448461,13789,4,,
456.091,31481.0,74610212,WSL MemTotal-MemAvailable fallback,0,19448461,13789,4,,
457.133,31481.0,74608084,WSL MemTotal-MemAvailable fallback,0,19448461,13789,4,,
458.167,31481.0,74607076,WSL MemTotal-MemAvailable fallback,0,19448461,13789,4,,
459.215,31481.0,74614188,WSL MemTotal-MemAvailable fallback,0,19448461,13789,4,,
460.246,31481.0,74608428,WSL MemTotal-MemAvailable fallback,0,19448461,13789,4,,
461.288,31481.0,74602308,WSL MemTotal-MemAvailable fallback,0,19448461,13789,4,,
462.319,31481.0,74612424,WSL MemTotal-MemAvailable fallback,0,19448461,13789,4,,
463.362,31489.0,74613088,WSL MemTotal-MemAvailable fallback,0,19448461,13789,4,,
464.402,31490.0,74602872,WSL MemTotal-MemAvailable fallback,0,19448461,13789,4,,
465.434,31497.0,74605184,WSL MemTotal-MemAvailable fallback,0,19448461,13789,4,,
466.477,31497.0,74605944,WSL MemTotal-MemAvailable fallback,0,19448461,13789,4,,
467.511,31497.0,74604200,WSL MemTotal-MemAvailable fallback,0,19448461,13789,4,,
468.551,31497.0,74607632,WSL MemTotal-MemAvailable fallback,0,19448461,13789,4,,
469.582,31497.0,74606712,WSL MemTotal-MemAvailable fallback,0,19448461,13789,4,,
470.62,31491.0,74598972,WSL MemTotal-MemAvailable fallback,0,19448461,13789,4,,
471.65,31491.0,74603124,WSL MemTotal-MemAvailable fallback,0,19448461,13789,4,,
472.691,31491.0,74601404,WSL MemTotal-MemAvailable fallback,0,19448461,13789,4,,
473.729,31490.0,74604708,WSL MemTotal-MemAvailable fallback,0,19448461,13789,4,,
474.761,31485.0,74601232,WSL MemTotal-MemAvailable fallback,0,19448461,13789,4,,
475.801,31485.0,74598388,WSL MemTotal-MemAvailable fallback,0,19448461,13789,4,,
476.833,31485.0,74603236,WSL MemTotal-MemAvailable fallback,0,19448461,13789,4,,
477.87,31485.0,74605456,WSL MemTotal-MemAvailable fallback,0,19448461,13789,4,,
478.902,31485.0,74602352,WSL MemTotal-MemAvailable fallback,0,19448461,13789,4,,
479.94,31486.0,74597836,WSL MemTotal-MemAvailable fallback,0,19448461,13789,4,,
480.971,31486.0,74602252,WSL MemTotal-MemAvailable fallback,0,19448461,13789,4,,
482.012,31486.0,74596948,WSL MemTotal-MemAvailable fallback,0,19448461,13789,4,,
483.061,31486.0,74600744,WSL MemTotal-MemAvailable fallback,0,19448461,13789,4,,
484.092,31486.0,74592352,WSL MemTotal-MemAvailable fallback,0,19448461,13789,4,,
485.131,31486.0,74598708,WSL MemTotal-MemAvailable fallback,0,19448461,13789,4,,
486.162,31486.0,74602320,WSL MemTotal-MemAvailable fallback,0,19448461,13789,4,,
487.203,31486.0,74603120,WSL MemTotal-MemAvailable fallback,0,19448461,13789,4,,
488.233,31486.0,74605172,WSL MemTotal-MemAvailable fallback,0,19448461,13789,4,,
489.272,31486.0,74596428,WSL MemTotal-MemAvailable fallback,0,19448461,13789,4,,
490.317,31486.0,74607652,WSL MemTotal-MemAvailable fallback,0,19448461,13789,4,,
491.349,31486.0,74604064,WSL MemTotal-MemAvailable fallback,0,19448461,13789,4,,
492.392,31486.0,74604668,WSL MemTotal-MemAvailable fallback,0,19448461,13789,4,,
493.424,31486.0,74601896,WSL MemTotal-MemAvailable fallback,0,19448461,13789,4,,
494.461,31486.0,74609244,WSL MemTotal-MemAvailable fallback,0,19448461,13789,4,,
495.494,31486.0,74594392,WSL MemTotal-MemAvailable fallback,0,19448461,13789,4,,
496.538,31486.0,74593660,WSL MemTotal-MemAvailable fallback,0,19448461,13789,4,,
497.569,31486.0,74595416,WSL MemTotal-MemAvailable fallback,0,19448461,13789,4,,
498.61,31486.0,74599752,WSL MemTotal-MemAvailable fallback,0,19448461,13789,4,,
499.652,31486.0,74598452,WSL MemTotal-MemAvailable fallback,0,19448461,13789,4,,
500.684,31486.0,74598272,WSL MemTotal-MemAvailable fallback,0,19448461,13789,4,,
501.727,31486.0,74594748,WSL MemTotal-MemAvailable fallback,0,19448463,13789,4,,
502.76,31486.0,74596184,WSL MemTotal-MemAvailable fallback,0,19448463,13789,4,,
503.801,31486.0,74589996,WSL MemTotal-MemAvailable fallback,0,19448463,13789,4,,
504.856,31486.0,74584716,WSL MemTotal-MemAvailable fallback,0,19448463,13789,4,,
505.914,31486.0,74587776,WSL MemTotal-MemAvailable fallback,0,19448463,13789,4,,
506.961,31486.0,74589968,WSL MemTotal-MemAvailable fallback,0,19448463,13789,4,,
508.012,31486.0,74589096,WSL MemTotal-MemAvailable fallback,0,19448463,13789,4,,
509.053,31487.0,74590244,WSL MemTotal-MemAvailable fallback,0,19448463,13789,4,,
510.085,31487.0,74588244,WSL MemTotal-MemAvailable fallback,0,19448463,13789,4,,
511.127,31488.0,74591184,WSL MemTotal-MemAvailable fallback,0,19448463,13789,4,,
512.162,31488.0,74592748,WSL MemTotal-MemAvailable fallback,0,19448463,13789,4,,
513.203,31488.0,74593308,WSL MemTotal-MemAvailable fallback,0,19448463,13789,4,,
514.244,31488.0,74592256,WSL MemTotal-MemAvailable fallback,0,19448463,13789,4,,
515.274,31488.0,74594052,WSL MemTotal-MemAvailable fallback,0,19448463,13789,4,,
516.314,31489.0,74592444,WSL MemTotal-MemAvailable fallback,0,19448463,13789,4,,
517.347,31489.0,74596276,WSL MemTotal-MemAvailable fallback,0,19448463,13789,4,,
518.387,31490.0,74612780,WSL MemTotal-MemAvailable fallback,0,19448463,13789,4,,
519.418,31490.0,74611196,WSL MemTotal-MemAvailable fallback,0,19448463,13789,4,,
520.456,31490.0,74607848,WSL MemTotal-MemAvailable fallback,0,19448463,13789,4,,
521.488,31490.0,74604124,WSL MemTotal-MemAvailable fallback,0,19448463,13789,4,,
522.524,31490.0,74602944,WSL MemTotal-MemAvailable fallback,0,19448463,13789,4,,
523.561,31490.0,74599008,WSL MemTotal-MemAvailable fallback,0,19448463,13789,4,,
524.598,31490.0,74601816,WSL MemTotal-MemAvailable fallback,0,19448463,13789,4,,
525.638,31490.0,74595272,WSL MemTotal-MemAvailable fallback,0,19448463,13789,4,,
526.67,31490.0,74597392,WSL MemTotal-MemAvailable fallback,0,19448463,13789,4,,
527.707,31490.0,74595132,WSL MemTotal-MemAvailable fallback,0,19448463,13789,4,,
528.741,31490.0,74588968,WSL MemTotal-MemAvailable fallback,0,19448463,13789,4,,
529.782,31489.0,74590644,WSL MemTotal-MemAvailable fallback,0,19448463,13789,4,,
530.813,31490.0,74588948,WSL MemTotal-MemAvailable fallback,0,19448463,13789,4,,
531.856,31493.0,74588308,WSL MemTotal-MemAvailable fallback,0,19448463,13789,4,,
532.896,31494.0,74589452,WSL MemTotal-MemAvailable fallback,0,19448463,13789,4,,
533.925,31495.0,74594044,WSL MemTotal-MemAvailable fallback,0,19448463,13789,4,,
534.966,31494.0,74587276,WSL MemTotal-MemAvailable fallback,0,19448463,13789,4,,
535.997,31494.0,74584320,WSL MemTotal-MemAvailable fallback,0,19448463,13789,4,,
537.037,31494.0,74584964,WSL MemTotal-MemAvailable fallback,0,19448463,13789,4,,
538.067,31494.0,74584496,WSL MemTotal-MemAvailable fallback,0,19448463,13789,4,,
539.106,31494.0,74594732,WSL MemTotal-MemAvailable fallback,0,19448463,13789,4,,
540.137,31494.0,74598028,WSL MemTotal-MemAvailable fallback,0,19448463,13789,4,,
541.178,31494.0,74603372,WSL MemTotal-MemAvailable fallback,0,19448463,13789,4,,
542.216,31494.0,74600896,WSL MemTotal-MemAvailable fallback,0,19448463,13789,4,,
543.263,31494.0,74592888,WSL MemTotal-MemAvailable fallback,0,19448463,13789,4,,
544.303,31494.0,74594724,WSL MemTotal-MemAvailable fallback,0,19448463,13789,4,,
545.334,31494.0,74594368,WSL MemTotal-MemAvailable fallback,0,19448463,13789,4,,
546.373,31494.0,74598316,WSL MemTotal-MemAvailable fallback,0,19448463,13789,4,,
547.408,31495.0,74598324,WSL MemTotal-MemAvailable fallback,0,19448463,13789,4,,
548.459,31495.0,74605604,WSL MemTotal-MemAvailable fallback,0,19448463,13789,4,,
549.501,31495.0,74601760,WSL MemTotal-MemAvailable fallback,0,19448463,13789,4,,
550.549,31495.0,74601676,WSL MemTotal-MemAvailable fallback,0,19448464,13789,4,,
551.594,31495.0,74598100,WSL MemTotal-MemAvailable fallback,0,19448464,13789,4,,
552.626,31495.0,74596464,WSL MemTotal-MemAvailable fallback,0,19448464,13789,4,,
553.668,31495.0,74594228,WSL MemTotal-MemAvailable fallback,0,19448464,13789,4,,
554.701,31495.0,74595540,WSL MemTotal-MemAvailable fallback,0,19448464,13789,4,,
555.756,31496.0,74595748,WSL MemTotal-MemAvailable fallback,0,19448464,13789,4,,
556.822,31496.0,74594352,WSL MemTotal-MemAvailable fallback,0,19448464,13789,4,,
557.861,31496.0,74595292,WSL MemTotal-MemAvailable fallback,0,19448464,13789,4,,
558.902,31496.0,74585472,WSL MemTotal-MemAvailable fallback,0,19448464,13789,4,,
559.935,31496.0,74585848,WSL MemTotal-MemAvailable fallback,0,19448464,13789,4,,
560.974,31496.0,74589068,WSL MemTotal-MemAvailable fallback,0,19448464,13789,4,,
562.006,31493.0,74587216,WSL MemTotal-MemAvailable fallback,0,19448464,13789,4,,
563.046,31493.0,74595216,WSL MemTotal-MemAvailable fallback,0,19448464,13789,4,,
564.078,31489.0,74599248,WSL MemTotal-MemAvailable fallback,0,19448464,13789,4,,
565.119,31495.0,74595264,WSL MemTotal-MemAvailable fallback,0,19448464,13789,4,,
566.149,31495.0,74599624,WSL MemTotal-MemAvailable fallback,0,19448464,13789,4,,
567.189,31495.0,74595716,WSL MemTotal-MemAvailable fallback,0,19448464,13789,4,,
568.228,31495.0,74598676,WSL MemTotal-MemAvailable fallback,0,19448464,13789,4,,
569.259,31495.0,74598396,WSL MemTotal-MemAvailable fallback,0,19448464,13789,4,,
570.297,31495.0,74600120,WSL MemTotal-MemAvailable fallback,0,19448464,13789,4,,
571.329,31496.0,74595420,WSL MemTotal-MemAvailable fallback,0,19448464,13789,4,,
572.365,31496.0,74598884,WSL MemTotal-MemAvailable fallback,0,19448464,13789,4,,
573.397,31496.0,74597952,WSL MemTotal-MemAvailable fallback,0,19448464,13789,4,,
574.437,31496.0,74589344,WSL MemTotal-MemAvailable fallback,0,19448464,13789,4,,
575.482,31496.0,74595772,WSL MemTotal-MemAvailable fallback,0,19448464,13789,4,,
576.519,31496.0,74600064,WSL MemTotal-MemAvailable fallback,0,19448464,13789,4,,
577.557,31496.0,74598032,WSL MemTotal-MemAvailable fallback,0,19448464,13789,4,,
578.589,31497.0,74597148,WSL MemTotal-MemAvailable fallback,0,19448464,13789,4,,
579.627,31497.0,74593580,WSL MemTotal-MemAvailable fallback,0,19448464,13789,4,,
580.66,31497.0,74591608,WSL MemTotal-MemAvailable fallback,0,19448464,13789,4,,
581.698,31497.0,74595584,WSL MemTotal-MemAvailable fallback,0,19448464,13789,4,,
582.736,31497.0,74597988,WSL MemTotal-MemAvailable fallback,0,19448464,13789,4,,
583.778,31497.0,74592848,WSL MemTotal-MemAvailable fallback,0,19448464,13789,4,,
584.819,31497.0,74586164,WSL MemTotal-MemAvailable fallback,0,19448464,13789,4,,
585.854,31497.0,74590656,WSL MemTotal-MemAvailable fallback,0,19448464,13789,4,,
586.897,31497.0,74590284,WSL MemTotal-MemAvailable fallback,0,19448464,13789,4,,
587.929,31493.0,74581340,WSL MemTotal-MemAvailable fallback,0,19448464,13789,4,,
588.973,31497.0,74576260,WSL MemTotal-MemAvailable fallback,0,19448464,13789,4,,
590.011,31497.0,74577520,WSL MemTotal-MemAvailable fallback,0,19448464,13789,4,,
591.054,31497.0,74579024,WSL MemTotal-MemAvailable fallback,0,19448464,13789,4,,
592.097,31497.0,74581656,WSL MemTotal-MemAvailable fallback,0,19448464,13789,4,,
593.129,31497.0,74585436,WSL MemTotal-MemAvailable fallback,0,19448464,13789,4,,
594.172,31497.0,74581256,WSL MemTotal-MemAvailable fallback,0,19448464,13789,4,,
595.204,31497.0,74582584,WSL MemTotal-MemAvailable fallback,0,19448464,13789,4,,
596.249,31494.0,74583068,WSL MemTotal-MemAvailable fallback,0,19448464,13789,4,,
597.28,31492.0,74578768,WSL MemTotal-MemAvailable fallback,0,19448464,13789,4,,
598.323,31496.0,74584448,WSL MemTotal-MemAvailable fallback,0,19448464,13789,4,,
599.354,31496.0,74585420,WSL MemTotal-MemAvailable fallback,0,19448464,13789,4,,
600.394,31503.0,74583260,WSL MemTotal-MemAvailable fallback,0,19448464,13789,4,,
601.434,31503.0,74586204,WSL MemTotal-MemAvailable fallback,0,19448464,13789,4,,
602.465,31503.0,74590116,WSL MemTotal-MemAvailable fallback,0,19448464,13789,4,,
603.504,31503.0,74586600,WSL MemTotal-MemAvailable fallback,0,19448464,13789,4,,
604.538,31503.0,74585244,WSL MemTotal-MemAvailable fallback,0,19448464,13789,4,,
605.575,31503.0,74584016,WSL MemTotal-MemAvailable fallback,0,19448464,13789,4,,
606.61,31504.0,74586460,WSL MemTotal-MemAvailable fallback,0,19448464,13789,4,,
607.652,31504.0,74594888,WSL MemTotal-MemAvailable fallback,0,19448464,13789,4,,
608.684,31504.0,74599716,WSL MemTotal-MemAvailable fallback,0,19448464,13789,4,,
609.73,31504.0,74598276,WSL MemTotal-MemAvailable fallback,0,19448464,13789,4,,
610.774,31505.0,74604384,WSL MemTotal-MemAvailable fallback,0,19448464,13789,4,,
611.805,31505.0,74603204,WSL MemTotal-MemAvailable fallback,0,19448464,13789,4,,
612.845,31504.0,74602472,WSL MemTotal-MemAvailable fallback,0,19448464,13789,4,,
613.876,31503.0,74601984,WSL MemTotal-MemAvailable fallback,0,19448464,13789,4,,
614.917,31503.0,74605080,WSL MemTotal-MemAvailable fallback,0,19448464,13789,4,,
615.95,31503.0,74597020,WSL MemTotal-MemAvailable fallback,0,19448464,13789,4,,
616.992,31497.0,74598112,WSL MemTotal-MemAvailable fallback,0,19448464,13789,4,,
618.03,31497.0,74601544,WSL MemTotal-MemAvailable fallback,0,19448465,13789,4,,
619.063,31497.0,74603248,WSL MemTotal-MemAvailable fallback,0,19448465,13789,4,,
620.108,31497.0,74600336,WSL MemTotal-MemAvailable fallback,0,19448465,13789,4,,
621.139,31497.0,74596528,WSL MemTotal-MemAvailable fallback,0,19448465,13789,4,,
622.179,31497.0,74601420,WSL MemTotal-MemAvailable fallback,0,19448465,13789,4,,
623.212,31498.0,74602220,WSL MemTotal-MemAvailable fallback,0,19448465,13789,4,,
624.249,31495.0,74594724,WSL MemTotal-MemAvailable fallback,0,19448465,13789,4,,
625.28,31491.0,74592668,WSL MemTotal-MemAvailable fallback,0,19448465,13789,4,,
626.322,31491.0,74597588,WSL MemTotal-MemAvailable fallback,0,19448465,13789,4,,
627.366,31492.0,74596016,WSL MemTotal-MemAvailable fallback,0,19448465,13789,4,,
628.398,31498.0,74596884,WSL MemTotal-MemAvailable fallback,0,19448465,13789,4,,
629.438,31499.0,74598128,WSL MemTotal-MemAvailable fallback,0,19448465,13789,4,,
630.469,31499.0,74605576,WSL MemTotal-MemAvailable fallback,0,19448465,13789,4,,
631.508,31499.0,74597260,WSL MemTotal-MemAvailable fallback,0,19448465,13789,4,,
632.542,31499.0,74597196,WSL MemTotal-MemAvailable fallback,0,19448465,13789,4,,
633.583,31499.0,74590336,WSL MemTotal-MemAvailable fallback,0,19448465,13789,4,,
634.613,31499.0,74585452,WSL MemTotal-MemAvailable fallback,0,19448466,13789,4,,
635.654,31499.0,74587240,WSL MemTotal-MemAvailable fallback,0,19448466,13789,4,,
636.693,31499.0,74590840,WSL MemTotal-MemAvailable fallback,0,19448467,13789,4,,
637.725,31499.0,74590780,WSL MemTotal-MemAvailable fallback,0,19448467,13789,4,,
638.766,31499.0,74589896,WSL MemTotal-MemAvailable fallback,0,19448467,13789,4,,
639.799,31500.0,74587252,WSL MemTotal-MemAvailable fallback,0,19448467,13789,4,,
640.838,31500.0,74590424,WSL MemTotal-MemAvailable fallback,0,19448467,13789,4,,
641.869,31500.0,74589920,WSL MemTotal-MemAvailable fallback,0,19448467,13789,4,,
642.909,31499.0,74592960,WSL MemTotal-MemAvailable fallback,0,19448467,13789,4,,
643.942,31500.0,74595064,WSL MemTotal-MemAvailable fallback,0,19448467,13789,4,,
644.988,31500.0,74596824,WSL MemTotal-MemAvailable fallback,0,19448467,13789,4,,
646.027,31500.0,74595968,WSL MemTotal-MemAvailable fallback,0,19448467,13789,4,,
647.061,31500.0,74593240,WSL MemTotal-MemAvailable fallback,0,19448467,13789,4,,
648.101,31500.0,74587000,WSL MemTotal-MemAvailable fallback,0,19448468,13789,4,,
649.132,31500.0,74589080,WSL MemTotal-MemAvailable fallback,0,19448468,13789,4,,
650.172,31500.0,74585696,WSL MemTotal-MemAvailable fallback,0,19448468,13789,4,,
651.207,31501.0,74588904,WSL MemTotal-MemAvailable fallback,0,19448470,13789,4,,
652.248,31501.0,74587796,WSL MemTotal-MemAvailable fallback,0,19448470,13789,4,,
653.29,31501.0,74593236,WSL MemTotal-MemAvailable fallback,0,19448472,13789,4,,
654.322,31502.0,74592828,WSL MemTotal-MemAvailable fallback,0,19448472,13789,4,,
655.362,31502.0,74596744,WSL MemTotal-MemAvailable fallback,0,19448472,13789,4,,
656.393,31502.0,74592632,WSL MemTotal-MemAvailable fallback,0,19448472,13789,4,,
657.429,31502.0,74608104,WSL MemTotal-MemAvailable fallback,0,19448472,13789,4,,
658.46,31501.0,74612396,WSL MemTotal-MemAvailable fallback,0,19448472,13789,4,,
659.502,31502.0,74601232,WSL MemTotal-MemAvailable fallback,0,19448472,13789,4,,
660.547,31502.0,74610112,WSL MemTotal-MemAvailable fallback,0,19448472,13789,4,,
661.583,31502.0,74604552,WSL MemTotal-MemAvailable fallback,0,19448472,13789,4,,
662.627,31502.0,74606060,WSL MemTotal-MemAvailable fallback,0,19448472,13789,4,,
663.66,31502.0,74597480,WSL MemTotal-MemAvailable fallback,0,19448472,13789,4,,
664.7,31502.0,74608204,WSL MemTotal-MemAvailable fallback,0,19448472,13789,4,,
665.731,31502.0,74591764,WSL MemTotal-MemAvailable fallback,0,19448472,13789,4,,
666.772,31502.0,74592252,WSL MemTotal-MemAvailable fallback,0,19448472,13789,4,,
667.808,31502.0,74588468,WSL MemTotal-MemAvailable fallback,0,19448474,13789,4,,
668.847,31502.0,74588420,WSL MemTotal-MemAvailable fallback,0,19448474,13789,4,,
669.892,31502.0,74582220,WSL MemTotal-MemAvailable fallback,0,19448474,13789,4,,
670.924,31502.0,74586832,WSL MemTotal-MemAvailable fallback,0,19448474,13789,4,,
671.964,31503.0,74586688,WSL MemTotal-MemAvailable fallback,0,19448474,13789,4,,
673.0,31503.0,74586768,WSL MemTotal-MemAvailable fallback,0,19448474,13789,4,,
674.039,31503.0,74589064,WSL MemTotal-MemAvailable fallback,0,19448474,13789,4,,
675.071,31503.0,74590732,WSL MemTotal-MemAvailable fallback,0,19448474,13789,4,,
676.11,31503.0,74584076,WSL MemTotal-MemAvailable fallback,0,19448474,13789,4,,
677.152,31505.0,74585548,WSL MemTotal-MemAvailable fallback,0,19448474,13789,4,,
678.188,31506.0,74588768,WSL MemTotal-MemAvailable fallback,0,19448474,13789,4,,
679.234,31505.0,74589944,WSL MemTotal-MemAvailable fallback,0,19448474,13789,4,,
680.267,31509.0,74590884,WSL MemTotal-MemAvailable fallback,0,19448474,13789,4,,
681.33,31509.0,74591312,WSL MemTotal-MemAvailable fallback,0,19448475,13789,4,,
682.362,31509.0,74588208,WSL MemTotal-MemAvailable fallback,0,19448475,13789,4,,
683.402,31509.0,74592372,WSL MemTotal-MemAvailable fallback,0,19448475,13789,4,,
684.432,31509.0,74592932,WSL MemTotal-MemAvailable fallback,0,19448476,13789,4,,
685.475,31506.0,74590104,WSL MemTotal-MemAvailable fallback,0,19448476,13789,4,,
686.514,31506.0,74594416,WSL MemTotal-MemAvailable fallback,0,19448476,13789,4,,
687.548,31506.0,74591248,WSL MemTotal-MemAvailable fallback,0,19448476,13789,4,,
688.591,31506.0,74587832,WSL MemTotal-MemAvailable fallback,0,19448476,13789,4,,
689.622,31506.0,74592336,WSL MemTotal-MemAvailable fallback,0,19448476,13789,4,,
690.653,31506.0,74594436,WSL MemTotal-MemAvailable fallback,0,19448476,13789,4,,
691.683,31507.0,74593024,WSL MemTotal-MemAvailable fallback,0,19448476,13789,4,,
692.714,31507.0,74593976,WSL MemTotal-MemAvailable fallback,0,19448476,13789,4,,
693.744,31508.0,74595740,WSL MemTotal-MemAvailable fallback,0,19448476,13789,4,,
694.775,31508.0,74600232,WSL MemTotal-MemAvailable fallback,0,19448476,13789,4,,
695.806,31508.0,74601676,WSL MemTotal-MemAvailable fallback,0,19448476,13789,4,,
696.837,31508.0,74598656,WSL MemTotal-MemAvailable fallback,0,19448476,13789,4,,
697.868,31509.0,74595648,WSL MemTotal-MemAvailable fallback,0,19448476,13789,4,,
698.897,31509.0,74595448,WSL MemTotal-MemAvailable fallback,0,19448476,13789,4,,
699.928,31509.0,74592140,WSL MemTotal-MemAvailable fallback,0,19448476,13789,4,,
700.958,31509.0,74587128,WSL MemTotal-MemAvailable fallback,0,19448476,13789,4,,
701.988,31509.0,74589952,WSL MemTotal-MemAvailable fallback,0,19448476,13789,4,,
703.019,31510.0,74591140,WSL MemTotal-MemAvailable fallback,0,19448476,13789,4,,
704.05,31510.0,74592020,WSL MemTotal-MemAvailable fallback,0,19448476,13789,4,,
705.09,31510.0,74594928,WSL MemTotal-MemAvailable fallback,0,19448476,13789,4,,
706.12,31508.0,74596136,WSL MemTotal-MemAvailable fallback,0,19448476,13789,4,,
707.15,31503.0,74594092,WSL MemTotal-MemAvailable fallback,0,19448476,13789,4,,
708.19,31508.0,74590552,WSL MemTotal-MemAvailable fallback,0,19448476,13789,4,,
709.225,31509.0,74583576,WSL MemTotal-MemAvailable fallback,0,19448476,13789,4,,
710.259,31509.0,74580524,WSL MemTotal-MemAvailable fallback,0,19448476,13789,4,,
711.292,31427.0,74591276,WSL MemTotal-MemAvailable fallback,0,19448476,13789,4,,
712.326,31428.0,74598288,WSL MemTotal-MemAvailable fallback,0,19448476,13789,4,,
713.359,31429.0,74595032,WSL MemTotal-MemAvailable fallback,0,19448476,13789,4,,
714.395,31430.0,74592244,WSL MemTotal-MemAvailable fallback,0,19448476,13789,4,,
715.433,31431.0,74592204,WSL MemTotal-MemAvailable fallback,0,19448476,13789,4,,
716.469,31431.0,74589440,WSL MemTotal-MemAvailable fallback,0,19448476,13789,4,,
717.506,31432.0,74593056,WSL MemTotal-MemAvailable fallback,0,19448476,13789,4,,
718.539,31433.0,74588196,WSL MemTotal-MemAvailable fallback,0,19448476,13789,4,,
719.57,31434.0,74584192,WSL MemTotal-MemAvailable fallback,0,19448476,13789,4,,
720.612,31434.0,74590400,WSL MemTotal-MemAvailable fallback,0,19448476,13789,4,,
721.642,31435.0,74590212,WSL MemTotal-MemAvailable fallback,0,19448476,13789,4,,
722.674,31435.0,74591496,WSL MemTotal-MemAvailable fallback,0,19448476,13789,4,,
723.706,31436.0,74591656,WSL MemTotal-MemAvailable fallback,0,19448476,13789,4,,
724.738,31437.0,74590108,WSL MemTotal-MemAvailable fallback,0,19448476,13789,4,,
725.769,31437.0,74594532,WSL MemTotal-MemAvailable fallback,0,19448476,13789,4,,
726.8,31438.0,74593200,WSL MemTotal-MemAvailable fallback,0,19448476,13789,4,,
727.831,31438.0,74589984,WSL MemTotal-MemAvailable fallback,0,19448476,13789,4,,
728.862,31438.0,74593372,WSL MemTotal-MemAvailable fallback,0,19448476,13789,4,,
729.892,31438.0,74595984,WSL MemTotal-MemAvailable fallback,0,19448476,13789,4,,
730.924,31439.0,74594988,WSL MemTotal-MemAvailable fallback,0,19448476,13789,4,,
731.956,31439.0,74591268,WSL MemTotal-MemAvailable fallback,0,19448476,13789,4,,
732.986,31440.0,74588468,WSL MemTotal-MemAvailable fallback,0,19448476,13789,4,,
734.025,31440.0,74588236,WSL MemTotal-MemAvailable fallback,0,19448476,13789,4,,
735.064,31440.0,74586276,WSL MemTotal-MemAvailable fallback,0,19448476,13789,4,,
736.095,31441.0,74581868,WSL MemTotal-MemAvailable fallback,0,19448476,13789,4,,
737.125,31441.0,74587128,WSL MemTotal-MemAvailable fallback,0,19448476,13789,4,,
738.157,31442.0,74581068,WSL MemTotal-MemAvailable fallback,0,19448476,13789,4,,
739.195,31442.0,74587760,WSL MemTotal-MemAvailable fallback,0,19448476,13789,4,,
740.233,31443.0,74589584,WSL MemTotal-MemAvailable fallback,0,19448476,13789,4,,
741.269,31443.0,74591228,WSL MemTotal-MemAvailable fallback,0,19448476,13789,4,,
742.304,31443.0,74607072,WSL MemTotal-MemAvailable fallback,0,19448477,13789,4,,
743.336,31443.0,74608208,WSL MemTotal-MemAvailable fallback,0,19448477,13789,4,,
744.368,31444.0,74604844,WSL MemTotal-MemAvailable fallback,0,19448477,13789,4,,
745.398,31444.0,74601836,WSL MemTotal-MemAvailable fallback,0,19448477,13789,4,,
746.432,31452.0,74602708,WSL MemTotal-MemAvailable fallback,0,19448477,13789,4,,
747.462,31458.0,74615016,WSL MemTotal-MemAvailable fallback,0,19448477,13789,4,,
748.507,31459.0,74611088,WSL MemTotal-MemAvailable fallback,0,19448477,13789,4,,
749.543,31458.0,74611096,WSL MemTotal-MemAvailable fallback,0,19448477,13789,4,,
750.586,31457.0,74609316,WSL MemTotal-MemAvailable fallback,0,19448477,13789,4,,
751.618,31456.0,74598192,WSL MemTotal-MemAvailable fallback,0,19448477,13789,4,,
752.648,31445.0,74593948,WSL MemTotal-MemAvailable fallback,0,19448477,13789,4,,
753.679,31445.0,74590916,WSL MemTotal-MemAvailable fallback,0,19448477,13789,4,,
754.71,31445.0,74586408,WSL MemTotal-MemAvailable fallback,0,19448477,13789,4,,
755.742,31445.0,74588788,WSL MemTotal-MemAvailable fallback,0,19448477,13789,4,,
756.78,31445.0,74591936,WSL MemTotal-MemAvailable fallback,0,19448477,13789,4,,
757.813,31445.0,74591604,WSL MemTotal-MemAvailable fallback,0,19448477,13789,4,,
758.846,31446.0,74587596,WSL MemTotal-MemAvailable fallback,0,19448477,13789,4,,
759.878,31446.0,74592348,WSL MemTotal-MemAvailable fallback,0,19448477,13789,4,,
760.909,31446.0,74593360,WSL MemTotal-MemAvailable fallback,0,19448477,13789,4,,
761.94,31446.0,74593604,WSL MemTotal-MemAvailable fallback,0,19448477,13789,4,,
762.973,31450.0,74588592,WSL MemTotal-MemAvailable fallback,0,19448477,13789,4,,
764.004,31446.0,74592032,WSL MemTotal-MemAvailable fallback,0,19448480,13789,4,,
765.042,31447.0,74597612,WSL MemTotal-MemAvailable fallback,0,19448480,13789,4,,
766.072,31447.0,74595396,WSL MemTotal-MemAvailable fallback,0,19448480,13789,4,,
767.103,31448.0,74594956,WSL MemTotal-MemAvailable fallback,0,19448480,13789,4,,
768.134,31448.0,74598244,WSL MemTotal-MemAvailable fallback,0,19448480,13789,4,,
769.168,31449.0,74601392,WSL MemTotal-MemAvailable fallback,0,19448480,13789,4,,
770.202,31449.0,74602452,WSL MemTotal-MemAvailable fallback,0,19448480,13789,4,,
771.237,31449.0,74601504,WSL MemTotal-MemAvailable fallback,0,19448480,13789,4,,
772.274,31449.0,74604792,WSL MemTotal-MemAvailable fallback,0,19448480,13789,4,,
773.307,31449.0,74595124,WSL MemTotal-MemAvailable fallback,0,19448480,13789,4,,
774.337,31449.0,74593896,WSL MemTotal-MemAvailable fallback,0,19448480,13789,4,,
775.368,31450.0,74597984,WSL MemTotal-MemAvailable fallback,0,19448480,13789,4,,
776.4,31450.0,74594180,WSL MemTotal-MemAvailable fallback,0,19448480,13789,4,,
777.431,31450.0,74594844,WSL MemTotal-MemAvailable fallback,0,19448480,13789,4,,
778.469,31450.0,74600620,WSL MemTotal-MemAvailable fallback,0,19448480,13789,4,,
779.5,31449.0,74600736,WSL MemTotal-MemAvailable fallback,0,19448480,13789,4,,
780.545,31449.0,74602044,WSL MemTotal-MemAvailable fallback,0,19448480,13789,4,,
781.583,31450.0,74601432,WSL MemTotal-MemAvailable fallback,0,19448480,13789,4,,
782.623,31451.0,74598844,WSL MemTotal-MemAvailable fallback,0,19448480,13789,4,,
783.653,31451.0,74603632,WSL MemTotal-MemAvailable fallback,0,19448480,13789,4,,
784.683,31451.0,74597080,WSL MemTotal-MemAvailable fallback,0,19448480,13789,4,,
785.713,31451.0,74599512,WSL MemTotal-MemAvailable fallback,0,19448480,13789,4,,
786.745,31451.0,74597268,WSL MemTotal-MemAvailable fallback,0,19448480,13789,4,,
787.777,31452.0,74593900,WSL MemTotal-MemAvailable fallback,0,19448480,13789,4,,
788.809,31452.0,74596588,WSL MemTotal-MemAvailable fallback,0,19448480,13789,4,,
789.841,31452.0,74594984,WSL MemTotal-MemAvailable fallback,0,19448480,13789,4,,
790.886,31452.0,74598048,WSL MemTotal-MemAvailable fallback,0,19448480,13789,4,,
791.917,31452.0,74597324,WSL MemTotal-MemAvailable fallback,0,19448480,13789,4,,
792.947,31452.0,74601948,WSL MemTotal-MemAvailable fallback,0,19448480,13789,4,,
793.987,31454.0,74605220,WSL MemTotal-MemAvailable fallback,0,19448480,13789,4,,
795.029,31454.0,74597672,WSL MemTotal-MemAvailable fallback,0,19448480,13789,4,,
796.061,31454.0,74595624,WSL MemTotal-MemAvailable fallback,0,19448480,13789,4,,
797.093,31455.0,74599652,WSL MemTotal-MemAvailable fallback,0,19448480,13789,4,,
798.124,31455.0,74594460,WSL MemTotal-MemAvailable fallback,0,19448480,13789,4,,
799.16,31455.0,74595488,WSL MemTotal-MemAvailable fallback,0,19448480,13789,4,,
800.196,31455.0,74600388,WSL MemTotal-MemAvailable fallback,0,19448480,13789,4,,
801.231,31455.0,74593360,WSL MemTotal-MemAvailable fallback,0,19448480,13789,4,,
802.267,31455.0,74601172,WSL MemTotal-MemAvailable fallback,0,19448480,13789,4,,
803.306,31456.0,74611320,WSL MemTotal-MemAvailable fallback,0,19448480,13789,4,,
804.339,31454.0,74602476,WSL MemTotal-MemAvailable fallback,0,19448480,13789,4,,
805.37,31455.0,74604952,WSL MemTotal-MemAvailable fallback,0,19448480,13789,4,,
806.401,31455.0,74620724,WSL MemTotal-MemAvailable fallback,0,19448480,13789,4,,
807.433,31450.0,74618760,WSL MemTotal-MemAvailable fallback,0,19448480,13789,4,,
808.466,31456.0,74614264,WSL MemTotal-MemAvailable fallback,0,19448480,13789,4,,
809.497,31456.0,74611676,WSL MemTotal-MemAvailable fallback,0,19448480,13789,4,,
810.534,31456.0,74607256,WSL MemTotal-MemAvailable fallback,0,19448480,13789,4,,
811.569,31456.0,74601616,WSL MemTotal-MemAvailable fallback,0,19448480,13789,4,,
812.601,31457.0,74600880,WSL MemTotal-MemAvailable fallback,0,19448480,13789,4,,
813.63,31457.0,74599928,WSL MemTotal-MemAvailable fallback,0,19448480,13789,4,,
814.662,31458.0,74604352,WSL MemTotal-MemAvailable fallback,0,19448480,13789,4,,
815.694,31464.0,74602208,WSL MemTotal-MemAvailable fallback,0,19448480,13789,4,,
816.726,31464.0,74596672,WSL MemTotal-MemAvailable fallback,0,19448480,13789,4,,
817.756,31464.0,74590820,WSL MemTotal-MemAvailable fallback,0,19448480,13789,4,,
818.788,31463.0,74590824,WSL MemTotal-MemAvailable fallback,0,19448480,13789,4,,
819.82,31463.0,74588080,WSL MemTotal-MemAvailable fallback,0,19448480,13789,4,,
820.85,31462.0,74589944,WSL MemTotal-MemAvailable fallback,0,19448480,13789,4,,
821.88,31457.0,74592560,WSL MemTotal-MemAvailable fallback,0,19448480,13789,4,,
822.911,31457.0,74589276,WSL MemTotal-MemAvailable fallback,0,19448480,13789,4,,
823.953,31457.0,74585904,WSL MemTotal-MemAvailable fallback,0,19448480,13789,4,,
824.984,31457.0,74589808,WSL MemTotal-MemAvailable fallback,0,19448480,13789,4,,
826.014,31458.0,74594712,WSL MemTotal-MemAvailable fallback,0,19448480,13789,4,,
827.045,31458.0,74592856,WSL MemTotal-MemAvailable fallback,0,19448480,13789,4,,
828.075,31459.0,74590076,WSL MemTotal-MemAvailable fallback,0,19448480,13789,4,,
829.11,31459.0,74589640,WSL MemTotal-MemAvailable fallback,0,19448480,13789,4,,
830.143,31459.0,74584456,WSL MemTotal-MemAvailable fallback,0,19448480,13789,4,,
831.178,31459.0,74587452,WSL MemTotal-MemAvailable fallback,0,19448480,13789,4,,
832.213,31458.0,74583984,WSL MemTotal-MemAvailable fallback,0,19448480,13789,4,,
833.247,31458.0,74585552,WSL MemTotal-MemAvailable fallback,0,19448480,13789,4,,
834.277,31458.0,74588948,WSL MemTotal-MemAvailable fallback,0,19448480,13789,4,,
835.307,31459.0,74598724,WSL MemTotal-MemAvailable fallback,0,19448480,13789,4,,
836.336,31459.0,74589748,WSL MemTotal-MemAvailable fallback,0,19448480,13789,4,,
837.367,31459.0,74593772,WSL MemTotal-MemAvailable fallback,0,19448480,13789,4,,
838.4,31459.0,74592912,WSL MemTotal-MemAvailable fallback,0,19448480,13789,4,,
839.431,31459.0,74590736,WSL MemTotal-MemAvailable fallback,0,19448480,13789,4,,
840.473,31459.0,74592136,WSL MemTotal-MemAvailable fallback,0,19448480,13789,4,,
841.503,31459.0,74584452,WSL MemTotal-MemAvailable fallback,0,19448480,13789,4,,
842.535,31507.0,74585980,WSL MemTotal-MemAvailable fallback,0,19448480,13789,4,,
843.567,31580.0,74588024,WSL MemTotal-MemAvailable fallback,0,19448480,13789,4,,
844.599,31580.0,74588112,WSL MemTotal-MemAvailable fallback,0,19448480,13789,4,,
845.631,31580.0,74588268,WSL MemTotal-MemAvailable fallback,0,19448480,13789,4,,
846.665,31580.0,74587232,WSL MemTotal-MemAvailable fallback,0,19448480,13789,4,,
847.698,31580.0,74588564,WSL MemTotal-MemAvailable fallback,0,19448480,13789,4,,
848.733,31580.0,74586072,WSL MemTotal-MemAvailable fallback,0,19448480,13789,4,,
849.766,31616.0,74588648,WSL MemTotal-MemAvailable fallback,0,19448480,13789,4,,
850.797,31623.0,74577812,WSL MemTotal-MemAvailable fallback,0,19448480,13789,4,,
851.828,31617.0,74583612,WSL MemTotal-MemAvailable fallback,0,19448480,13789,4,,
852.861,31604.0,74579024,WSL MemTotal-MemAvailable fallback,0,19448480,13789,4,,
853.918,31579.0,74581260,WSL MemTotal-MemAvailable fallback,0,19448480,13789,4,,
854.952,31625.0,74585120,WSL MemTotal-MemAvailable fallback,0,19448480,13789,4,,
855.988,31591.0,74588968,WSL MemTotal-MemAvailable fallback,0,19448480,13789,4,,
857.04,31590.0,74592780,WSL MemTotal-MemAvailable fallback,0,19448480,13789,4,,
858.074,31590.0,74597616,WSL MemTotal-MemAvailable fallback,0,19448480,13789,4,,
859.109,31587.0,74598512,WSL MemTotal-MemAvailable fallback,0,19448480,13789,4,,
860.145,31627.0,74595156,WSL MemTotal-MemAvailable fallback,0,19448480,13789,4,,
861.181,31600.0,74590284,WSL MemTotal-MemAvailable fallback,0,19448480,13789,4,,
862.218,31597.0,74593584,WSL MemTotal-MemAvailable fallback,0,19448480,13789,4,,
863.254,31584.0,74592492,WSL MemTotal-MemAvailable fallback,0,19448480,13789,4,,
864.286,31579.0,74586228,WSL MemTotal-MemAvailable fallback,0,19448480,13789,4,,
865.317,31605.0,74590204,WSL MemTotal-MemAvailable fallback,0,19448480,13789,4,,
866.35,31605.0,74590764,WSL MemTotal-MemAvailable fallback,0,19448480,13789,4,,
867.38,31593.0,74586432,WSL MemTotal-MemAvailable fallback,0,19448480,13789,4,,
868.423,31577.0,74590696,WSL MemTotal-MemAvailable fallback,0,19448480,13789,4,,
869.455,31577.0,74587740,WSL MemTotal-MemAvailable fallback,0,19448480,13789,4,,
870.493,31553.0,74588980,WSL MemTotal-MemAvailable fallback,0,19448480,13789,4,,
871.525,31554.0,74582176,WSL MemTotal-MemAvailable fallback,0,19448481,13789,4,,
872.555,31554.0,74586476,WSL MemTotal-MemAvailable fallback,0,19448481,13789,4,,
873.587,31554.0,74589084,WSL MemTotal-MemAvailable fallback,0,19448481,13789,4,,
874.62,31554.0,74587036,WSL MemTotal-MemAvailable fallback,0,19448481,13789,4,,
875.651,31554.0,74582436,WSL MemTotal-MemAvailable fallback,0,19448481,13789,4,,
876.681,31554.0,74583924,WSL MemTotal-MemAvailable fallback,0,19448481,13789,4,,
877.711,31554.0,74585552,WSL MemTotal-MemAvailable fallback,0,19448481,13789,4,,
878.741,31554.0,74591412,WSL MemTotal-MemAvailable fallback,0,19448481,13789,4,,
879.772,31554.0,74590336,WSL MemTotal-MemAvailable fallback,0,19448481,13789,4,,
880.802,31554.0,74579512,WSL MemTotal-MemAvailable fallback,0,19448481,13789,4,,
881.833,31554.0,74584368,WSL MemTotal-MemAvailable fallback,0,19448481,13789,4,,
882.863,31563.0,74583068,WSL MemTotal-MemAvailable fallback,0,19448481,13789,4,,
883.901,31563.0,74583096,WSL MemTotal-MemAvailable fallback,0,19448482,13789,4,,
884.933,31562.0,74582392,WSL MemTotal-MemAvailable fallback,0,19448482,13789,4,,
885.965,31562.0,74589352,WSL MemTotal-MemAvailable fallback,0,19448482,13789,4,,
886.995,31562.0,74590248,WSL MemTotal-MemAvailable fallback,0,19448482,13789,4,,
888.025,31561.0,74594456,WSL MemTotal-MemAvailable fallback,0,19448482,13789,4,,
889.059,31555.0,74585352,WSL MemTotal-MemAvailable fallback,0,19448482,13789,4,,
890.094,31555.0,74582136,WSL MemTotal-MemAvailable fallback,0,19448482,13789,4,,
891.129,31555.0,74583828,WSL MemTotal-MemAvailable fallback,0,19448482,13789,4,,
892.163,31555.0,74578360,WSL MemTotal-MemAvailable fallback,0,19448482,13789,4,,
893.198,31555.0,74578368,WSL MemTotal-MemAvailable fallback,0,19448482,13789,4,,
894.228,31555.0,74571764,WSL MemTotal-MemAvailable fallback,0,19448482,13789,4,,
895.259,31555.0,74573976,WSL MemTotal-MemAvailable fallback,0,19448482,13789,4,,
896.289,31555.0,74577604,WSL MemTotal-MemAvailable fallback,0,19448482,13789,4,,
897.319,31555.0,74580804,WSL MemTotal-MemAvailable fallback,0,19448482,13789,4,,
898.361,31561.0,74581040,WSL MemTotal-MemAvailable fallback,0,19448482,13789,4,,
899.404,31561.0,74580040,WSL MemTotal-MemAvailable fallback,0,19448482,13789,4,,
900.442,31559.0,74570764,WSL MemTotal-MemAvailable fallback,0,19448482,13789,4,,
901.472,31549.0,74575468,WSL MemTotal-MemAvailable fallback,0,19448482,13789,4,,
902.503,31549.0,74578036,WSL MemTotal-MemAvailable fallback,0,19448482,13789,4,,
903.535,31549.0,74578352,WSL MemTotal-MemAvailable fallback,0,19448482,13789,4,,
904.565,31549.0,74579368,WSL MemTotal-MemAvailable fallback,0,19448482,13789,4,,
905.596,31549.0,74580580,WSL MemTotal-MemAvailable fallback,0,19448482,13789,4,,
906.626,31550.0,74578184,WSL MemTotal-MemAvailable fallback,0,19448482,13789,4,,
907.656,31550.0,74582748,WSL MemTotal-MemAvailable fallback,0,19448482,13789,4,,
908.689,31562.0,74582072,WSL MemTotal-MemAvailable fallback,0,19448482,13789,4,,
909.72,31563.0,74584524,WSL MemTotal-MemAvailable fallback,0,19448482,13789,4,,
910.75,31563.0,74592552,WSL MemTotal-MemAvailable fallback,0,19448482,13789,4,,
911.781,31563.0,74596332,WSL MemTotal-MemAvailable fallback,0,19448482,13789,4,,
912.81,31557.0,74593396,WSL MemTotal-MemAvailable fallback,0,19448482,13789,4,,
913.848,31557.0,74591536,WSL MemTotal-MemAvailable fallback,0,19448482,13789,4,,
914.88,31557.0,74582572,WSL MemTotal-MemAvailable fallback,0,19448482,13789,4,,
915.909,31558.0,74582404,WSL MemTotal-MemAvailable fallback,0,19448482,13789,4,,
916.94,31558.0,74581508,WSL MemTotal-MemAvailable fallback,0,19448482,13789,4,,
917.975,31558.0,74580080,WSL MemTotal-MemAvailable fallback,0,19448482,13789,4,,
919.009,31558.0,74580608,WSL MemTotal-MemAvailable fallback,0,19448482,13789,4,,
920.043,31559.0,74584104,WSL MemTotal-MemAvailable fallback,0,19448482,13789,4,,
921.078,31558.0,74587240,WSL MemTotal-MemAvailable fallback,0,19448482,13789,4,,
922.112,31558.0,74584556,WSL MemTotal-MemAvailable fallback,0,19448482,13789,4,,
923.148,31559.0,74589176,WSL MemTotal-MemAvailable fallback,0,19448482,13789,4,,
924.182,31559.0,74586916,WSL MemTotal-MemAvailable fallback,0,19448482,13789,4,,
925.213,31559.0,74578400,WSL MemTotal-MemAvailable fallback,0,19448482,13789,4,,
926.244,31559.0,74578992,WSL MemTotal-MemAvailable fallback,0,19448482,13789,4,,
927.274,31559.0,74582332,WSL MemTotal-MemAvailable fallback,0,19448482,13789,4,,
928.314,31558.0,74579548,WSL MemTotal-MemAvailable fallback,0,19448482,13789,4,,
929.345,31558.0,74594164,WSL MemTotal-MemAvailable fallback,0,19448482,13789,4,,
930.385,31558.0,74592336,WSL MemTotal-MemAvailable fallback,0,19448482,13789,4,,
931.419,31558.0,74592076,WSL MemTotal-MemAvailable fallback,0,19448482,13789,4,,
932.45,31558.0,74594156,WSL MemTotal-MemAvailable fallback,0,19448482,13789,4,,
933.481,31558.0,74598392,WSL MemTotal-MemAvailable fallback,0,19448482,13789,4,,
934.528,31558.0,74596792,WSL MemTotal-MemAvailable fallback,0,19448482,13789,4,,
935.562,31558.0,74587216,WSL MemTotal-MemAvailable fallback,0,19448482,13789,4,,
936.599,31558.0,74591588,WSL MemTotal-MemAvailable fallback,0,19448482,13789,4,,
937.633,31558.0,74592312,WSL MemTotal-MemAvailable fallback,0,19448482,13789,4,,
938.663,31558.0,74592796,WSL MemTotal-MemAvailable fallback,0,19448482,13789,4,,
939.696,31559.0,74593892,WSL MemTotal-MemAvailable fallback,0,19448482,13789,4,,
940.727,31559.0,74596416,WSL MemTotal-MemAvailable fallback,0,19448482,13789,4,,
941.758,31559.0,74595392,WSL MemTotal-MemAvailable fallback,0,19448482,13789,4,,
942.79,31559.0,74591672,WSL MemTotal-MemAvailable fallback,0,19448482,13789,4,,
943.83,31559.0,74594752,WSL MemTotal-MemAvailable fallback,0,19448482,13789,4,,
944.861,31559.0,74586256,WSL MemTotal-MemAvailable fallback,0,19448482,13789,4,,
945.891,31559.0,74592632,WSL MemTotal-MemAvailable fallback,0,19448482,13789,4,,
946.921,31559.0,74589244,WSL MemTotal-MemAvailable fallback,0,19448482,13789,4,,
947.952,31559.0,74594096,WSL MemTotal-MemAvailable fallback,0,19448482,13789,4,,
948.987,31559.0,74590496,WSL MemTotal-MemAvailable fallback,0,19448482,13789,4,,
950.021,31560.0,74593880,WSL MemTotal-MemAvailable fallback,0,19448482,13789,4,,
951.06,31568.0,74595856,WSL MemTotal-MemAvailable fallback,0,19448482,13789,4,,
952.095,31568.0,74597624,WSL MemTotal-MemAvailable fallback,0,19448482,13789,4,,
953.13,31568.0,74598768,WSL MemTotal-MemAvailable fallback,0,19448482,13789,4,,
954.161,31567.0,74603608,WSL MemTotal-MemAvailable fallback,0,19448482,13789,4,,
955.191,31568.0,74607388,WSL MemTotal-MemAvailable fallback,0,19448482,13789,4,,
956.223,31567.0,74604180,WSL MemTotal-MemAvailable fallback,0,19448482,13789,4,,
957.253,31561.0,74593744,WSL MemTotal-MemAvailable fallback,0,19448482,13789,4,,
958.283,31561.0,74593776,WSL MemTotal-MemAvailable fallback,0,19448483,13789,4,,
959.316,31561.0,74588988,WSL MemTotal-MemAvailable fallback,0,19448483,13789,4,,
960.357,31561.0,74590780,WSL MemTotal-MemAvailable fallback,0,19448483,13789,4,,
961.387,31561.0,74589860,WSL MemTotal-MemAvailable fallback,0,19448483,13789,4,,
962.418,31561.0,74588596,WSL MemTotal-MemAvailable fallback,0,19448483,13789,4,,
963.448,31562.0,74592860,WSL MemTotal-MemAvailable fallback,0,19448483,13789,4,,
964.48,31562.0,74589100,WSL MemTotal-MemAvailable fallback,0,19448483,13789,4,,
965.512,31562.0,74592096,WSL MemTotal-MemAvailable fallback,0,19448483,13789,4,,
966.543,31562.0,74591016,WSL MemTotal-MemAvailable fallback,0,19448483,13789,4,,
967.574,31562.0,74586800,WSL MemTotal-MemAvailable fallback,0,19448483,13789,4,,
968.605,31562.0,74588828,WSL MemTotal-MemAvailable fallback,0,19448483,13789,4,,
969.635,31562.0,74587596,WSL MemTotal-MemAvailable fallback,0,19448483,13789,4,,
970.665,31562.0,74587444,WSL MemTotal-MemAvailable fallback,0,19448483,13789,4,,
971.695,31562.0,74586560,WSL MemTotal-MemAvailable fallback,0,19448483,13789,4,,
972.725,31562.0,74590200,WSL MemTotal-MemAvailable fallback,0,19448483,13789,4,,
973.766,31562.0,74586048,WSL MemTotal-MemAvailable fallback,0,19448484,13789,4,,
974.798,31568.0,74590320,WSL MemTotal-MemAvailable fallback,0,19448484,13789,4,,
975.828,31568.0,74590896,WSL MemTotal-MemAvailable fallback,0,19448485,13789,4,,
976.858,31565.0,74587240,WSL MemTotal-MemAvailable fallback,0,19448485,13789,4,,
977.888,31555.0,74599732,WSL MemTotal-MemAvailable fallback,0,19448485,13789,4,,
978.924,31555.0,74597380,WSL MemTotal-MemAvailable fallback,0,19448485,13789,4,,
979.96,31556.0,74598988,WSL MemTotal-MemAvailable fallback,0,19448485,13789,4,,
980.997,31568.0,74600536,WSL MemTotal-MemAvailable fallback,0,19448485,13789,4,,
982.032,31568.0,74600144,WSL MemTotal-MemAvailable fallback,0,19448485,13789,4,,
983.068,31568.0,74601992,WSL MemTotal-MemAvailable fallback,0,19448485,13789,4,,
984.098,31563.0,74602888,WSL MemTotal-MemAvailable fallback,0,19448485,13789,4,,
985.129,31563.0,74601196,WSL MemTotal-MemAvailable fallback,0,19448485,13789,4,,
986.159,31563.0,74598420,WSL MemTotal-MemAvailable fallback,0,19448485,13789,4,,
987.19,31563.0,74602116,WSL MemTotal-MemAvailable fallback,0,19448485,13789,4,,
988.22,31563.0,74602064,WSL MemTotal-MemAvailable fallback,0,19448485,13789,4,,
989.251,31563.0,74603744,WSL MemTotal-MemAvailable fallback,0,19448487,13789,4,,
990.29,31563.0,74593848,WSL MemTotal-MemAvailable fallback,0,19448487,13789,4,,
991.32,31564.0,74588648,WSL MemTotal-MemAvailable fallback,0,19448487,13789,4,,
992.35,31564.0,74593044,WSL MemTotal-MemAvailable fallback,0,19448487,13789,4,,
993.38,31564.0,74592084,WSL MemTotal-MemAvailable fallback,0,19448487,13789,4,,
994.411,31564.0,74588364,WSL MemTotal-MemAvailable fallback,0,19448487,13789,4,,
995.441,31564.0,74592312,WSL MemTotal-MemAvailable fallback,0,19448487,13789,4,,
996.471,31564.0,74593100,WSL MemTotal-MemAvailable fallback,0,19448487,13789,4,,
997.502,31563.0,74595332,WSL MemTotal-MemAvailable fallback,0,19448487,13789,4,,
998.533,31563.0,74590664,WSL MemTotal-MemAvailable fallback,0,19448487,13789,4,,
999.564,31563.0,74589824,WSL MemTotal-MemAvailable fallback,0,19448487,13789,4,,
1000.595,31563.0,74591140,WSL MemTotal-MemAvailable fallback,0,19448487,13789,4,,
1001.625,31563.0,74595324,WSL MemTotal-MemAvailable fallback,0,19448487,13789,4,,
1002.656,31563.0,74594468,WSL MemTotal-MemAvailable fallback,0,19448487,13789,4,,
1003.696,31563.0,74587216,WSL MemTotal-MemAvailable fallback,0,19448487,13789,4,,
1004.733,31563.0,74592980,WSL MemTotal-MemAvailable fallback,0,19448487,13789,4,,
1005.763,31563.0,74603372,WSL MemTotal-MemAvailable fallback,0,19448487,13789,4,,
1006.793,31570.0,74589764,WSL MemTotal-MemAvailable fallback,0,19448487,13789,4,,
1007.825,31570.0,74586808,WSL MemTotal-MemAvailable fallback,0,19448487,13789,4,,
1008.855,31571.0,74588024,WSL MemTotal-MemAvailable fallback,0,19448487,13789,4,,
1009.889,31567.0,74592128,WSL MemTotal-MemAvailable fallback,0,19448487,13789,4,,
1010.923,31558.0,74589600,WSL MemTotal-MemAvailable fallback,0,19448487,13789,4,,
1011.96,31558.0,74592988,WSL MemTotal-MemAvailable fallback,0,19448487,13789,4,,
1013.024,31558.0,74596028,WSL MemTotal-MemAvailable fallback,0,19448487,13789,4,,
1014.054,31558.0,74587540,WSL MemTotal-MemAvailable fallback,0,19448487,13789,4,,
1015.087,31558.0,74586056,WSL MemTotal-MemAvailable fallback,0,19448487,13789,4,,
1016.118,31558.0,74592488,WSL MemTotal-MemAvailable fallback,0,19448487,13789,4,,
1017.149,31558.0,74592168,WSL MemTotal-MemAvailable fallback,0,19448487,13789,4,,
1018.181,31565.0,74591476,WSL MemTotal-MemAvailable fallback,0,19448487,13789,4,,
1019.214,31565.0,74583412,WSL MemTotal-MemAvailable fallback,0,19448487,13789,4,,
1020.252,31565.0,74600556,WSL MemTotal-MemAvailable fallback,0,19448487,13789,4,,
1021.283,31565.0,74597024,WSL MemTotal-MemAvailable fallback,0,19448487,13789,4,,
1022.313,31565.0,74589608,WSL MemTotal-MemAvailable fallback,0,19448487,13789,4,,
1023.345,31559.0,74592224,WSL MemTotal-MemAvailable fallback,0,19448487,13789,4,,
1024.377,31559.0,74589324,WSL MemTotal-MemAvailable fallback,0,19448487,13789,4,,
1025.407,31560.0,74591196,WSL MemTotal-MemAvailable fallback,0,19448487,13789,4,,
1026.438,31560.0,74588964,WSL MemTotal-MemAvailable fallback,0,19448487,13789,4,,
1027.469,31560.0,74592820,WSL MemTotal-MemAvailable fallback,0,19448487,13789,4,,
1028.5,31572.0,74591308,WSL MemTotal-MemAvailable fallback,0,19448487,13789,4,,
1029.53,31572.0,74590680,WSL MemTotal-MemAvailable fallback,0,19448487,13789,4,,
1030.561,31569.0,74594348,WSL MemTotal-MemAvailable fallback,0,19448487,13789,4,,
1031.592,31559.0,74593924,WSL MemTotal-MemAvailable fallback,0,19448487,13789,4,,
1032.623,31559.0,74592020,WSL MemTotal-MemAvailable fallback,0,19448487,13789,4,,
1033.663,31559.0,74590480,WSL MemTotal-MemAvailable fallback,0,19448487,13789,4,,
1034.694,31560.0,74590888,WSL MemTotal-MemAvailable fallback,0,19448487,13789,4,,
1035.725,31560.0,74606932,WSL MemTotal-MemAvailable fallback,0,19448487,13789,4,,
1036.755,31560.0,74592316,WSL MemTotal-MemAvailable fallback,0,19448487,13789,4,,
1037.784,31560.0,74596400,WSL MemTotal-MemAvailable fallback,0,19448487,13789,4,,
1038.814,31560.0,74595452,WSL MemTotal-MemAvailable fallback,0,19448487,13789,4,,
1039.849,31560.0,74595288,WSL MemTotal-MemAvailable fallback,0,19448487,13789,4,,
1040.883,31561.0,74600456,WSL MemTotal-MemAvailable fallback,0,19448487,13789,4,,
1041.917,31561.0,74592468,WSL MemTotal-MemAvailable fallback,0,19448487,13789,4,,
1042.951,31561.0,74591224,WSL MemTotal-MemAvailable fallback,0,19448487,13789,4,,
1043.982,31561.0,74588068,WSL MemTotal-MemAvailable fallback,0,19448487,13789,4,,
1045.012,31561.0,74604884,WSL MemTotal-MemAvailable fallback,0,19448487,13789,4,,
1046.042,31561.0,74602868,WSL MemTotal-MemAvailable fallback,0,19448487,13789,4,,
1047.072,31561.0,74599064,WSL MemTotal-MemAvailable fallback,0,19448487,13789,4,,
1048.102,31561.0,74600636,WSL MemTotal-MemAvailable fallback,0,19448487,13789,4,,
1049.133,31561.0,74597972,WSL MemTotal-MemAvailable fallback,0,19448487,13789,4,,
1050.173,31573.0,74592288,WSL MemTotal-MemAvailable fallback,0,19448487,13789,4,,
1051.203,31575.0,74593272,WSL MemTotal-MemAvailable fallback,0,19448487,13789,4,,
1052.233,31571.0,74588980,WSL MemTotal-MemAvailable fallback,0,19448487,13789,4,,
1053.264,31561.0,74591360,WSL MemTotal-MemAvailable fallback,0,19448487,13789,4,,
1054.297,31561.0,74587848,WSL MemTotal-MemAvailable fallback,0,19448487,13789,4,,
1055.328,31561.0,74592116,WSL MemTotal-MemAvailable fallback,0,19448487,13789,4,,
1056.359,31561.0,74592744,WSL MemTotal-MemAvailable fallback,0,19448487,13789,4,,
1057.389,31561.0,74596748,WSL MemTotal-MemAvailable fallback,0,19448487,13789,4,,
1058.419,31561.0,74596408,WSL MemTotal-MemAvailable fallback,0,19448487,13789,4,,
1059.45,31574.0,74593432,WSL MemTotal-MemAvailable fallback,0,19448487,13789,4,,
1060.48,31574.0,74595660,WSL MemTotal-MemAvailable fallback,0,19448487,13789,4,,
1061.511,31574.0,74589244,WSL MemTotal-MemAvailable fallback,0,19448487,13789,4,,
1062.542,31561.0,74589272,WSL MemTotal-MemAvailable fallback,0,19448487,13789,4,,
1063.583,31562.0,74587000,WSL MemTotal-MemAvailable fallback,0,19448487,13789,4,,
1064.613,31562.0,74591412,WSL MemTotal-MemAvailable fallback,0,19448487,13789,4,,
1065.653,31562.0,74607028,WSL MemTotal-MemAvailable fallback,0,19448487,13789,4,,
1066.683,31562.0,74590496,WSL MemTotal-MemAvailable fallback,0,19448487,13789,4,,
1067.714,31562.0,74586676,WSL MemTotal-MemAvailable fallback,0,19448487,13789,4,,
1068.745,31562.0,74587296,WSL MemTotal-MemAvailable fallback,0,19448487,13789,4,,
1069.78,31562.0,74591136,WSL MemTotal-MemAvailable fallback,0,19448487,13789,4,,
1070.814,31563.0,74588308,WSL MemTotal-MemAvailable fallback,0,19448487,13789,4,,
1071.849,31563.0,74590476,WSL MemTotal-MemAvailable fallback,0,19448487,13789,4,,
1072.883,31563.0,74589112,WSL MemTotal-MemAvailable fallback,0,19448487,13789,4,,
1073.913,31563.0,74587096,WSL MemTotal-MemAvailable fallback,0,19448487,13789,4,,
1074.943,31575.0,74584416,WSL MemTotal-MemAvailable fallback,0,19448487,13789,4,,
1075.977,31576.0,74583464,WSL MemTotal-MemAvailable fallback,0,19448487,13789,4,,
1077.006,31571.0,74587784,WSL MemTotal-MemAvailable fallback,0,19448487,13789,4,,
1078.036,31571.0,74603496,WSL MemTotal-MemAvailable fallback,0,19448487,13789,4,,
1079.067,31571.0,74602992,WSL MemTotal-MemAvailable fallback,0,19448489,13789,4,,
1080.105,31571.0,74605808,WSL MemTotal-MemAvailable fallback,0,19448489,13789,4,,
1081.134,31571.0,74603340,WSL MemTotal-MemAvailable fallback,0,19448489,13789,4,,
1082.165,31571.0,74607540,WSL MemTotal-MemAvailable fallback,0,19448489,13789,4,,
1083.197,31571.0,74605024,WSL MemTotal-MemAvailable fallback,0,19448489,13789,4,,
1084.227,31571.0,74600136,WSL MemTotal-MemAvailable fallback,0,19448489,13789,4,,
1085.257,31571.0,74599268,WSL MemTotal-MemAvailable fallback,0,19448489,13789,4,,
1086.287,31571.0,74597896,WSL MemTotal-MemAvailable fallback,0,19448489,13789,4,,
1087.317,31571.0,74589208,WSL MemTotal-MemAvailable fallback,0,19448489,13789,4,,
1088.347,31571.0,74595248,WSL MemTotal-MemAvailable fallback,0,19448489,13789,4,,
1089.377,31571.0,74595552,WSL MemTotal-MemAvailable fallback,0,19448489,13789,4,,
1090.407,31571.0,74598624,WSL MemTotal-MemAvailable fallback,0,19448489,13789,4,,
1091.438,31571.0,74599760,WSL MemTotal-MemAvailable fallback,0,19448489,13789,4,,
1092.468,31571.0,74602944,WSL MemTotal-MemAvailable fallback,0,19448489,13789,4,,
1093.511,31571.0,74598596,WSL MemTotal-MemAvailable fallback,0,19448491,13789,4,,
1094.545,31571.0,74602176,WSL MemTotal-MemAvailable fallback,0,19448491,13789,4,,
1095.585,31571.0,74597084,WSL MemTotal-MemAvailable fallback,0,19448491,13789,4,,
1096.618,31571.0,74599032,WSL MemTotal-MemAvailable fallback,0,19448491,13789,4,,
1097.65,31571.0,74600976,WSL MemTotal-MemAvailable fallback,0,19448491,13789,4,,
1098.684,31571.0,74589736,WSL MemTotal-MemAvailable fallback,0,19448491,13789,4,,
1099.719,31571.0,74587648,WSL MemTotal-MemAvailable fallback,0,19448491,13789,4,,
1100.753,31571.0,74593304,WSL MemTotal-MemAvailable fallback,0,19448491,13789,4,,
1101.787,31571.0,74600472,WSL MemTotal-MemAvailable fallback,0,19448491,13789,4,,
1102.823,31571.0,74607276,WSL MemTotal-MemAvailable fallback,0,19448491,13789,4,,
1103.852,31571.0,74604836,WSL MemTotal-MemAvailable fallback,0,19448491,13789,4,,
1104.884,31571.0,74601060,WSL MemTotal-MemAvailable fallback,0,19448491,13789,4,,
1105.914,31571.0,74603292,WSL MemTotal-MemAvailable fallback,0,19448491,13789,4,,
1106.946,31571.0,74602752,WSL MemTotal-MemAvailable fallback,0,19448491,13789,4,,
1107.977,31571.0,74608296,WSL MemTotal-MemAvailable fallback,0,19448491,13789,4,,
1109.013,31571.0,74599032,WSL MemTotal-MemAvailable fallback,0,19448491,13789,4,,
1110.047,31572.0,74601676,WSL MemTotal-MemAvailable fallback,0,19448491,13789,4,,
1111.08,31572.0,74592024,WSL MemTotal-MemAvailable fallback,0,19448491,13789,4,,
1112.112,31572.0,74596096,WSL MemTotal-MemAvailable fallback,0,19448491,13789,4,,
1113.144,31572.0,74597528,WSL MemTotal-MemAvailable fallback,0,19448491,13789,4,,
1114.175,31572.0,74596908,WSL MemTotal-MemAvailable fallback,0,19448491,13789,4,,
1115.207,31572.0,74598672,WSL MemTotal-MemAvailable fallback,0,19448491,13789,4,,
1116.238,31572.0,74599536,WSL MemTotal-MemAvailable fallback,0,19448491,13789,4,,
1117.271,31572.0,74599164,WSL MemTotal-MemAvailable fallback,0,19448491,13789,4,,
1118.303,31572.0,74603584,WSL MemTotal-MemAvailable fallback,0,19448491,13789,4,,
1119.334,31572.0,74603936,WSL MemTotal-MemAvailable fallback,0,19448491,13789,4,,
1120.366,31572.0,74600144,WSL MemTotal-MemAvailable fallback,0,19448491,13789,4,,
1121.396,31572.0,74602780,WSL MemTotal-MemAvailable fallback,0,19448491,13789,4,,
1122.427,31572.0,74604652,WSL MemTotal-MemAvailable fallback,0,19448491,13789,4,,
1123.465,31573.0,74603064,WSL MemTotal-MemAvailable fallback,0,19448491,13789,4,,
1124.497,31572.0,74601836,WSL MemTotal-MemAvailable fallback,0,19448491,13789,4,,
1125.535,31573.0,74591200,WSL MemTotal-MemAvailable fallback,0,19448491,13789,4,,
1126.564,31573.0,74596324,WSL MemTotal-MemAvailable fallback,0,19448491,13789,4,,
1127.597,31573.0,74611856,WSL MemTotal-MemAvailable fallback,0,19448491,13789,4,,
1128.626,31573.0,74615636,WSL MemTotal-MemAvailable fallback,0,19448491,13789,4,,
1129.66,31573.0,74609784,WSL MemTotal-MemAvailable fallback,0,19448491,13789,4,,
1130.694,31573.0,74605488,WSL MemTotal-MemAvailable fallback,0,19448491,13789,4,,
1131.729,31573.0,74607872,WSL MemTotal-MemAvailable fallback,0,19448491,13789,4,,
1132.764,31573.0,74603844,WSL MemTotal-MemAvailable fallback,0,19448491,13789,4,,
1133.793,31573.0,74595316,WSL MemTotal-MemAvailable fallback,0,19448491,13789,4,,
1134.823,31573.0,74599924,WSL MemTotal-MemAvailable fallback,0,19448491,13789,4,,
1135.854,31580.0,74596972,WSL MemTotal-MemAvailable fallback,0,19448491,13789,4,,
1136.884,31581.0,74599144,WSL MemTotal-MemAvailable fallback,0,19448491,13789,4,,
1137.914,31581.0,74606632,WSL MemTotal-MemAvailable fallback,0,19448491,13789,4,,
1138.955,31581.0,74600984,WSL MemTotal-MemAvailable fallback,0,19448491,13789,4,,
1139.987,31582.0,74601488,WSL MemTotal-MemAvailable fallback,0,19448491,13789,4,,
1141.018,31582.0,74603216,WSL MemTotal-MemAvailable fallback,0,19448491,13789,4,,
1142.049,31581.0,74601560,WSL MemTotal-MemAvailable fallback,0,19448491,13789,4,,
1143.078,31581.0,74601672,WSL MemTotal-MemAvailable fallback,0,19448491,13789,4,,
1144.108,31581.0,74599528,WSL MemTotal-MemAvailable fallback,0,19448491,13789,4,,
1145.138,31574.0,74599196,WSL MemTotal-MemAvailable fallback,0,19448491,13789,4,,
1146.167,31574.0,74587836,WSL MemTotal-MemAvailable fallback,0,19448491,13789,4,,
1147.197,31574.0,74590396,WSL MemTotal-MemAvailable fallback,0,19448491,13789,4,,
1148.227,31574.0,74595320,WSL MemTotal-MemAvailable fallback,0,19448491,13789,4,,
1149.258,31574.0,74597604,WSL MemTotal-MemAvailable fallback,0,19448491,13789,4,,
1150.289,31574.0,74596636,WSL MemTotal-MemAvailable fallback,0,19448491,13789,4,,
1151.319,31574.0,74594188,WSL MemTotal-MemAvailable fallback,0,19448491,13789,4,,
1152.351,31574.0,74584716,WSL MemTotal-MemAvailable fallback,0,19448491,13789,4,,
1153.389,31574.0,74585116,WSL MemTotal-MemAvailable fallback,0,19448491,13789,4,,
1154.421,31574.0,74590412,WSL MemTotal-MemAvailable fallback,0,19448491,13789,4,,
1155.459,31574.0,74595400,WSL MemTotal-MemAvailable fallback,0,19448491,13789,4,,
1156.49,31574.0,74589332,WSL MemTotal-MemAvailable fallback,0,19448491,13789,4,,
1157.521,31574.0,74584324,WSL MemTotal-MemAvailable fallback,0,19448491,13789,4,,
1158.553,31574.0,74584088,WSL MemTotal-MemAvailable fallback,0,19448491,13789,4,,
1159.597,31574.0,74589776,WSL MemTotal-MemAvailable fallback,0,19448491,13789,4,,
1160.633,31574.0,74588912,WSL MemTotal-MemAvailable fallback,0,19448491,13789,4,,
1161.667,31574.0,74589064,WSL MemTotal-MemAvailable fallback,0,19448491,13789,4,,
1162.704,31574.0,74586136,WSL MemTotal-MemAvailable fallback,0,19448492,13789,4,,
1163.735,31574.0,74586372,WSL MemTotal-MemAvailable fallback,0,19448492,13789,4,,
1164.765,31581.0,74592596,WSL MemTotal-MemAvailable fallback,0,19448492,13789,4,,
1165.797,31578.0,74592744,WSL MemTotal-MemAvailable fallback,0,19448492,13789,4,,
1166.828,31568.0,74590384,WSL MemTotal-MemAvailable fallback,0,19448492,13789,4,,
1167.86,31568.0,74592304,WSL MemTotal-MemAvailable fallback,0,19448492,13789,4,,
1168.902,31568.0,74583428,WSL MemTotal-MemAvailable fallback,0,19448492,13789,4,,
1169.945,31568.0,74585260,WSL MemTotal-MemAvailable fallback,0,19448492,13789,4,,
1170.974,31568.0,74586324,WSL MemTotal-MemAvailable fallback,0,19448492,13789,4,,
1172.008,31568.0,74586692,WSL MemTotal-MemAvailable fallback,0,19448492,13789,4,,
1173.039,31568.0,74594360,WSL MemTotal-MemAvailable fallback,0,19448492,13789,4,,
1174.069,31568.0,74592160,WSL MemTotal-MemAvailable fallback,0,19448492,13789,4,,
1175.1,31569.0,74592680,WSL MemTotal-MemAvailable fallback,0,19448492,13789,4,,
1176.132,31569.0,74588812,WSL MemTotal-MemAvailable fallback,0,19448492,13789,4,,
1177.166,31569.0,74586612,WSL MemTotal-MemAvailable fallback,0,19448492,13789,4,,
1178.198,31569.0,74579836,WSL MemTotal-MemAvailable fallback,0,19448492,13789,4,,
1179.231,31569.0,74576668,WSL MemTotal-MemAvailable fallback,0,19448492,13789,4,,
1180.263,31581.0,74580840,WSL MemTotal-MemAvailable fallback,0,19448492,13789,4,,
1181.295,31582.0,74583176,WSL MemTotal-MemAvailable fallback,0,19448492,13789,4,,
1182.335,31580.0,74584396,WSL MemTotal-MemAvailable fallback,0,19448492,13789,4,,
1183.377,31568.0,74575468,WSL MemTotal-MemAvailable fallback,0,19448492,13789,4,,
1184.409,31568.0,74576760,WSL MemTotal-MemAvailable fallback,0,19448492,13789,4,,
1185.45,31569.0,74581864,WSL MemTotal-MemAvailable fallback,0,19448492,13789,4,,
1186.481,31569.0,74580764,WSL MemTotal-MemAvailable fallback,0,19448492,13789,4,,
1187.513,31570.0,74580788,WSL MemTotal-MemAvailable fallback,0,19448492,13789,4,,
1188.544,31570.0,74578220,WSL MemTotal-MemAvailable fallback,0,19448492,13789,4,,
1189.58,31570.0,74576428,WSL MemTotal-MemAvailable fallback,0,19448492,13789,4,,
1190.615,31570.0,74574192,WSL MemTotal-MemAvailable fallback,0,19448492,13789,4,,
1191.65,31571.0,74573260,WSL MemTotal-MemAvailable fallback,0,19448492,13789,4,,
1192.684,31570.0,74581340,WSL MemTotal-MemAvailable fallback,0,19448492,13789,4,,
1193.715,31570.0,74579060,WSL MemTotal-MemAvailable fallback,0,19448492,13789,4,,
1194.746,31571.0,74581440,WSL MemTotal-MemAvailable fallback,0,19448492,13789,4,,
1195.777,31595.0,74594360,WSL MemTotal-MemAvailable fallback,0,19448492,13789,4,,
1196.809,31600.0,74593360,WSL MemTotal-MemAvailable fallback,0,19448492,13789,4,,
1197.839,31593.0,74589640,WSL MemTotal-MemAvailable fallback,0,19448492,13789,4,,
1198.878,31591.0,74592832,WSL MemTotal-MemAvailable fallback,0,19448492,13789,4,,
1199.909,31591.0,74595580,WSL MemTotal-MemAvailable fallback,0,19448492,13789,4,,
1200.939,31589.0,74595076,WSL MemTotal-MemAvailable fallback,0,19448493,13789,4,,
1201.968,31578.0,74592412,WSL MemTotal-MemAvailable fallback,0,19448493,13789,4,,
1203.0,31578.0,74594944,WSL MemTotal-MemAvailable fallback,0,19448493,13789,4,,
1204.031,31578.0,74600176,WSL MemTotal-MemAvailable fallback,0,19448493,13789,4,,
1205.061,31577.0,74590628,WSL MemTotal-MemAvailable fallback,0,19448493,13789,4,,
1206.092,31571.0,74589304,WSL MemTotal-MemAvailable fallback,0,19448493,13789,4,,
1207.122,31571.0,74590256,WSL MemTotal-MemAvailable fallback,0,19448493,13789,4,,
1208.152,31584.0,74591852,WSL MemTotal-MemAvailable fallback,0,19448493,13789,4,,
1209.182,31584.0,74592696,WSL MemTotal-MemAvailable fallback,0,19448493,13789,4,,
1210.211,31460.0,74608392,WSL MemTotal-MemAvailable fallback,0,19448493,13789,4,,
1211.241,31451.0,74605152,WSL MemTotal-MemAvailable fallback,0,19448493,13789,4,,
1212.271,31463.0,74601212,WSL MemTotal-MemAvailable fallback,0,19448493,13789,4,,
1213.303,31463.0,74594712,WSL MemTotal-MemAvailable fallback,0,19448493,13789,4,,
1214.334,31458.0,74588312,WSL MemTotal-MemAvailable fallback,0,19448493,13789,4,,
1215.375,31458.0,74590052,WSL MemTotal-MemAvailable fallback,0,19448493,13789,4,,
1216.404,31458.0,74587904,WSL MemTotal-MemAvailable fallback,0,19448493,13789,4,,
1217.434,31458.0,74592260,WSL MemTotal-MemAvailable fallback,0,19448493,13789,4,,
1218.465,31456.0,74587704,WSL MemTotal-MemAvailable fallback,0,19448493,13789,4,,
1219.501,31457.0,74587632,WSL MemTotal-MemAvailable fallback,0,19448493,13789,4,,
1220.536,31457.0,74590640,WSL MemTotal-MemAvailable fallback,0,19448493,13789,4,,
1221.571,31457.0,74591160,WSL MemTotal-MemAvailable fallback,0,19448493,13789,4,,
1222.61,31457.0,74596220,WSL MemTotal-MemAvailable fallback,0,19448493,13789,4,,
1223.642,31457.0,74590264,WSL MemTotal-MemAvailable fallback,0,19448493,13789,4,,
1224.678,31457.0,74585260,WSL MemTotal-MemAvailable fallback,0,19448493,13789,4,,
1225.711,31457.0,74584576,WSL MemTotal-MemAvailable fallback,0,19448493,13789,4,,
1226.741,31457.0,74588924,WSL MemTotal-MemAvailable fallback,0,19448493,13789,4,,
1227.774,31457.0,74584152,WSL MemTotal-MemAvailable fallback,0,19448493,13789,4,,
1228.814,31457.0,74588560,WSL MemTotal-MemAvailable fallback,0,19448493,13789,4,,
1229.846,31458.0,74587300,WSL MemTotal-MemAvailable fallback,0,19448493,13789,4,,
1230.884,31458.0,74594204,WSL MemTotal-MemAvailable fallback,0,19448493,13789,4,,
1231.928,31458.0,74598740,WSL MemTotal-MemAvailable fallback,0,19448493,13789,4,,
1232.959,31458.0,74599360,WSL MemTotal-MemAvailable fallback,0,19448493,13789,4,,
1233.991,31458.0,74594824,WSL MemTotal-MemAvailable fallback,0,19448493,13789,4,,
1235.021,31458.0,74596136,WSL MemTotal-MemAvailable fallback,0,19448493,13789,4,,
1236.052,31458.0,74595480,WSL MemTotal-MemAvailable fallback,0,19448493,13789,4,,
1237.086,31458.0,74594408,WSL MemTotal-MemAvailable fallback,0,19448493,13789,4,,
1238.118,31458.0,74596328,WSL MemTotal-MemAvailable fallback,0,19448493,13789,4,,
1239.152,31458.0,74601300,WSL MemTotal-MemAvailable fallback,0,19448493,13789,4,,
1240.184,31458.0,74593612,WSL MemTotal-MemAvailable fallback,0,19448493,13789,4,,
1241.216,31458.0,74597028,WSL MemTotal-MemAvailable fallback,0,19448493,13789,4,,
1242.248,31458.0,74612452,WSL MemTotal-MemAvailable fallback,0,19448493,13789,4,,
1243.279,31458.0,74594560,WSL MemTotal-MemAvailable fallback,0,19448493,13789,4,,
1244.309,31458.0,74605184,WSL MemTotal-MemAvailable fallback,0,19448493,13789,4,,
1245.346,31458.0,74608632,WSL MemTotal-MemAvailable fallback,0,19448493,13789,4,,
1246.376,31458.0,74624160,WSL MemTotal-MemAvailable fallback,0,19448493,13789,4,,
1247.405,31458.0,74631972,WSL MemTotal-MemAvailable fallback,0,19448493,13789,4,,
1248.436,31458.0,74619624,WSL MemTotal-MemAvailable fallback,0,19448493,13789,4,,
1249.47,31458.0,74621956,WSL MemTotal-MemAvailable fallback,0,19448493,13789,4,,
1250.504,31458.0,74620040,WSL MemTotal-MemAvailable fallback,0,19448493,13789,4,,
1251.541,31459.0,74617984,WSL MemTotal-MemAvailable fallback,0,19448493,13789,4,,
1252.577,31458.0,74613748,WSL MemTotal-MemAvailable fallback,0,19448493,13789,4,,
1253.608,31458.0,74611916,WSL MemTotal-MemAvailable fallback,0,19448493,13789,4,,
1254.642,31459.0,74608736,WSL MemTotal-MemAvailable fallback,0,19448493,13789,4,,
1255.677,31459.0,74611172,WSL MemTotal-MemAvailable fallback,0,19448493,13789,4,,
1256.709,31457.0,74612196,WSL MemTotal-MemAvailable fallback,0,19448493,13789,4,,
1257.739,31458.0,74610588,WSL MemTotal-MemAvailable fallback,0,19448493,13789,4,,
1258.778,31465.0,74606340,WSL MemTotal-MemAvailable fallback,0,19448493,13789,4,,
1259.81,31465.0,74602156,WSL MemTotal-MemAvailable fallback,0,19448493,13789,4,,
1260.844,31465.0,74599424,WSL MemTotal-MemAvailable fallback,0,19448493,13789,4,,
1261.874,31465.0,74616620,WSL MemTotal-MemAvailable fallback,0,19448493,13789,4,,
1262.907,31465.0,74611832,WSL MemTotal-MemAvailable fallback,0,19448493,13789,4,,
1263.949,31458.0,74603576,WSL MemTotal-MemAvailable fallback,0,19448493,13789,4,,
1264.981,31458.0,74600996,WSL MemTotal-MemAvailable fallback,0,19448493,13789,4,,
1266.012,31458.0,74604120,WSL MemTotal-MemAvailable fallback,0,19448493,13789,4,,
1267.045,31458.0,74603044,WSL MemTotal-MemAvailable fallback,0,19448493,13789,4,,
1268.077,31458.0,74601396,WSL MemTotal-MemAvailable fallback,0,19448493,13789,4,,
1269.109,31458.0,74602676,WSL MemTotal-MemAvailable fallback,0,19448493,13789,4,,
1270.138,31458.0,74595032,WSL MemTotal-MemAvailable fallback,0,19448493,13789,4,,
1271.171,31461.0,74591996,WSL MemTotal-MemAvailable fallback,0,19448493,13789,4,,
1272.205,31461.0,74590624,WSL MemTotal-MemAvailable fallback,0,19448493,13789,4,,
1273.236,31461.0,74594956,WSL MemTotal-MemAvailable fallback,0,19448493,13789,4,,
1274.269,31461.0,74591632,WSL MemTotal-MemAvailable fallback,0,19448493,13789,4,,
1275.311,31461.0,74595768,WSL MemTotal-MemAvailable fallback,0,19448493,13789,4,,
1276.343,31461.0,74597272,WSL MemTotal-MemAvailable fallback,0,19448493,13789,4,,
1277.372,31461.0,74599524,WSL MemTotal-MemAvailable fallback,0,19448493,13789,4,,
1278.402,31461.0,74602108,WSL MemTotal-MemAvailable fallback,0,19448493,13789,4,,
1279.438,31461.0,74603404,WSL MemTotal-MemAvailable fallback,0,19448493,13789,4,,
1280.472,31461.0,74594012,WSL MemTotal-MemAvailable fallback,0,19448493,13789,4,,
1281.508,31461.0,74599640,WSL MemTotal-MemAvailable fallback,0,19448493,13789,4,,
1282.543,31461.0,74598368,WSL MemTotal-MemAvailable fallback,0,19448493,13789,4,,
1283.575,31461.0,74597800,WSL MemTotal-MemAvailable fallback,0,19448493,13789,4,,
1284.606,31461.0,74597116,WSL MemTotal-MemAvailable fallback,0,19448493,13789,4,,
1285.638,31461.0,74595480,WSL MemTotal-MemAvailable fallback,0,19448493,13789,4,,
1286.669,31461.0,74597484,WSL MemTotal-MemAvailable fallback,0,19448493,13789,4,,
1287.701,31461.0,74601876,WSL MemTotal-MemAvailable fallback,0,19448493,13789,4,,
1288.741,31461.0,74598892,WSL MemTotal-MemAvailable fallback,0,19448493,13789,4,,
1289.775,31462.0,74597272,WSL MemTotal-MemAvailable fallback,0,19448493,13789,4,,
1290.806,31462.0,74602032,WSL MemTotal-MemAvailable fallback,0,19448493,13789,4,,
1291.838,31462.0,74609740,WSL MemTotal-MemAvailable fallback,0,19448493,13789,4,,
1292.872,31462.0,74613736,WSL MemTotal-MemAvailable fallback,0,19448493,13789,4,,
1293.902,31462.0,74601820,WSL MemTotal-MemAvailable fallback,0,19448493,13789,4,,
1294.932,31463.0,74601864,WSL MemTotal-MemAvailable fallback,0,19448493,13789,4,,
1295.966,31463.0,74598180,WSL MemTotal-MemAvailable fallback,0,19448493,13789,4,,
1296.997,31463.0,74601024,WSL MemTotal-MemAvailable fallback,0,19448493,13789,4,,
1298.027,31463.0,74598480,WSL MemTotal-MemAvailable fallback,0,19448493,13789,4,,
1299.059,31462.0,74598876,WSL MemTotal-MemAvailable fallback,0,19448493,13789,4,,
1300.09,31462.0,74598660,WSL MemTotal-MemAvailable fallback,0,19448493,13789,4,,
1301.123,31462.0,74597812,WSL MemTotal-MemAvailable fallback,0,19448493,13789,4,,
1302.154,31462.0,74596128,WSL MemTotal-MemAvailable fallback,0,19448493,13789,4,,
1303.187,31462.0,74598208,WSL MemTotal-MemAvailable fallback,0,19448493,13789,4,,
1304.219,31462.0,74599520,WSL MemTotal-MemAvailable fallback,0,19448493,13789,4,,
1305.258,31462.0,74589296,WSL MemTotal-MemAvailable fallback,0,19448493,13789,4,,
1306.288,31463.0,74576236,WSL MemTotal-MemAvailable fallback,0,19448493,13789,4,,
1307.321,31463.0,74581340,WSL MemTotal-MemAvailable fallback,0,19448493,13789,4,,
1308.351,31463.0,74583280,WSL MemTotal-MemAvailable fallback,0,19448493,13789,4,,
1309.389,31463.0,74583240,WSL MemTotal-MemAvailable fallback,0,19448493,13789,4,,
1310.423,31463.0,74588600,WSL MemTotal-MemAvailable fallback,0,19448493,13789,4,,
1311.459,31463.0,74586768,WSL MemTotal-MemAvailable fallback,0,19448493,13789,4,,
1312.492,31463.0,74586180,WSL MemTotal-MemAvailable fallback,0,19448493,13789,4,,
1313.521,31464.0,74586604,WSL MemTotal-MemAvailable fallback,0,19448493,13789,4,,
1314.551,31464.0,74585268,WSL MemTotal-MemAvailable fallback,0,19448493,13789,4,,
1315.583,31464.0,74586864,WSL MemTotal-MemAvailable fallback,0,19448493,13789,4,,
1316.615,31471.0,74584060,WSL MemTotal-MemAvailable fallback,0,19448493,13789,4,,
1317.652,31471.0,74586664,WSL MemTotal-MemAvailable fallback,0,19448493,13789,4,,
1318.694,31470.0,74587504,WSL MemTotal-MemAvailable fallback,0,19448493,13789,4,,
1319.725,31470.0,74591900,WSL MemTotal-MemAvailable fallback,0,19448493,13789,4,,
1320.764,31470.0,74586308,WSL MemTotal-MemAvailable fallback,0,19448493,13789,4,,
1321.794,31465.0,74590756,WSL MemTotal-MemAvailable fallback,0,19448493,13789,4,,
1322.83,31463.0,74593432,WSL MemTotal-MemAvailable fallback,0,19448493,13789,4,,
1323.861,31463.0,74594240,WSL MemTotal-MemAvailable fallback,0,19448493,13789,4,,
1324.892,31463.0,74609292,WSL MemTotal-MemAvailable fallback,0,19448493,13789,4,,
1325.922,31463.0,74605004,WSL MemTotal-MemAvailable fallback,0,19448493,13789,4,,
1326.958,31464.0,74604820,WSL MemTotal-MemAvailable fallback,0,19448493,13789,4,,
1327.992,31463.0,74600176,WSL MemTotal-MemAvailable fallback,0,19448493,13789,4,,
1329.024,31463.0,74598684,WSL MemTotal-MemAvailable fallback,0,19448493,13789,4,,
1330.057,31463.0,74602440,WSL MemTotal-MemAvailable fallback,0,19448493,13789,4,,
1331.089,31464.0,74599332,WSL MemTotal-MemAvailable fallback,0,19448493,13789,4,,
1332.121,31464.0,74603684,WSL MemTotal-MemAvailable fallback,0,19448493,13789,4,,
1333.153,31464.0,74602612,WSL MemTotal-MemAvailable fallback,0,19448493,13789,4,,
1334.184,31464.0,74600808,WSL MemTotal-MemAvailable fallback,0,19448493,13789,4,,
1335.229,31465.0,74604796,WSL MemTotal-MemAvailable fallback,0,19448493,13789,4,,
1336.278,31464.0,74603952,WSL MemTotal-MemAvailable fallback,0,19448493,13789,4,,
1337.31,31464.0,74599908,WSL MemTotal-MemAvailable fallback,0,19448493,13789,4,,
1338.343,31465.0,74586692,WSL MemTotal-MemAvailable fallback,0,19448493,13789,4,,
1339.378,31466.0,74591328,WSL MemTotal-MemAvailable fallback,0,19448493,13789,4,,
1340.414,31466.0,74593376,WSL MemTotal-MemAvailable fallback,0,19448493,13789,4,,
1341.449,31465.0,74593748,WSL MemTotal-MemAvailable fallback,0,19448493,13789,4,,
1342.485,31466.0,74590600,WSL MemTotal-MemAvailable fallback,0,19448493,13789,4,,
1343.516,31466.0,74591884,WSL MemTotal-MemAvailable fallback,0,19448493,13789,4,,
1344.548,31466.0,74598600,WSL MemTotal-MemAvailable fallback,0,19448493,13789,4,,
1345.578,31466.0,74593060,WSL MemTotal-MemAvailable fallback,0,19448493,13789,4,,
1346.611,31466.0,74595492,WSL MemTotal-MemAvailable fallback,0,19448493,13789,4,,
1347.643,31466.0,74597988,WSL MemTotal-MemAvailable fallback,0,19448493,13789,4,,
1348.683,31466.0,74590772,WSL MemTotal-MemAvailable fallback,0,19448493,13789,4,,
1349.717,31466.0,74589512,WSL MemTotal-MemAvailable fallback,0,19448493,13789,4,,
1350.757,31466.0,74581152,WSL MemTotal-MemAvailable fallback,0,19448493,13789,4,,
1351.788,31467.0,74578632,WSL MemTotal-MemAvailable fallback,0,19448493,13789,4,,
1352.819,31467.0,74580704,WSL MemTotal-MemAvailable fallback,0,19448493,13789,4,,
1353.85,31467.0,74583840,WSL MemTotal-MemAvailable fallback,0,19448493,13789,4,,
1354.887,31467.0,74580260,WSL MemTotal-MemAvailable fallback,0,19448493,13789,4,,
1355.918,31466.0,74583704,WSL MemTotal-MemAvailable fallback,0,19448493,13789,4,,
1356.95,31466.0,74586164,WSL MemTotal-MemAvailable fallback,0,19448493,13789,4,,
1357.982,31466.0,74577956,WSL MemTotal-MemAvailable fallback,0,19448493,13789,4,,
1359.02,31466.0,74579396,WSL MemTotal-MemAvailable fallback,0,19448493,13789,4,,
1360.052,31467.0,74579036,WSL MemTotal-MemAvailable fallback,0,19448493,13789,4,,
1361.083,31468.0,74580724,WSL MemTotal-MemAvailable fallback,0,19448493,13789,4,,
1362.115,31465.0,74576776,WSL MemTotal-MemAvailable fallback,0,19448493,13789,4,,
1363.147,31462.0,74580764,WSL MemTotal-MemAvailable fallback,0,19448493,13789,4,,
1364.179,31468.0,74579124,WSL MemTotal-MemAvailable fallback,0,19448493,13789,4,,
1365.219,31468.0,74576884,WSL MemTotal-MemAvailable fallback,0,19448493,13789,4,,
1366.248,31468.0,74592056,WSL MemTotal-MemAvailable fallback,0,19448493,13789,4,,
1367.279,31468.0,74590292,WSL MemTotal-MemAvailable fallback,0,19448493,13789,4,,
1368.317,31468.0,74590832,WSL MemTotal-MemAvailable fallback,0,19448493,13789,4,,
1369.351,31468.0,74599336,WSL MemTotal-MemAvailable fallback,0,19448493,13789,4,,
1370.39,31467.0,74596452,WSL MemTotal-MemAvailable fallback,0,19448493,13789,4,,
1371.426,31467.0,74593664,WSL MemTotal-MemAvailable fallback,0,19448493,13789,4,,
1372.462,31467.0,74592076,WSL MemTotal-MemAvailable fallback,0,19448493,13789,4,,
1373.493,31467.0,74587040,WSL MemTotal-MemAvailable fallback,0,19448493,13789,4,,
1374.525,31467.0,74594792,WSL MemTotal-MemAvailable fallback,0,19448493,13789,4,,
1375.556,31467.0,74596052,WSL MemTotal-MemAvailable fallback,0,19448493,13789,4,,
1376.59,31474.0,74593400,WSL MemTotal-MemAvailable fallback,0,19448493,13789,4,,
1377.621,31474.0,74594956,WSL MemTotal-MemAvailable fallback,0,19448493,13789,4,,
1378.663,31474.0,74585692,WSL MemTotal-MemAvailable fallback,0,19448493,13789,4,,
1379.694,31474.0,74583788,WSL MemTotal-MemAvailable fallback,0,19448493,13789,4,,
1380.742,31474.0,74591432,WSL MemTotal-MemAvailable fallback,0,19448493,13789,4,,
1381.771,31468.0,74595880,WSL MemTotal-MemAvailable fallback,0,19448493,13789,4,,
1382.803,31468.0,74594576,WSL MemTotal-MemAvailable fallback,0,19448493,13789,4,,
1383.835,31468.0,74592260,WSL MemTotal-MemAvailable fallback,0,19448493,13789,4,,
1384.866,31468.0,74592544,WSL MemTotal-MemAvailable fallback,0,19448493,13789,4,,
1385.897,31469.0,74590776,WSL MemTotal-MemAvailable fallback,0,19448493,13789,4,,
1386.928,31469.0,74582984,WSL MemTotal-MemAvailable fallback,0,19448493,13789,4,,
1387.96,31469.0,74584152,WSL MemTotal-MemAvailable fallback,0,19448493,13789,4,,
1388.991,31468.0,74582444,WSL MemTotal-MemAvailable fallback,0,19448493,13789,4,,
1390.021,31469.0,74586292,WSL MemTotal-MemAvailable fallback,0,19448493,13789,4,,
1391.053,31469.0,74571740,WSL MemTotal-MemAvailable fallback,0,19448493,13789,4,,
1392.087,31470.0,74575508,WSL MemTotal-MemAvailable fallback,0,19448493,13789,4,,
1393.118,31469.0,74572332,WSL MemTotal-MemAvailable fallback,0,19448493,13789,4,,
1394.149,31470.0,74579532,WSL MemTotal-MemAvailable fallback,0,19448493,13789,4,,
1395.194,31470.0,74594624,WSL MemTotal-MemAvailable fallback,0,19448493,13789,4,,
1396.224,31470.0,74598516,WSL MemTotal-MemAvailable fallback,0,19448493,13789,4,,
1397.255,31470.0,74594448,WSL MemTotal-MemAvailable fallback,0,19448493,13789,4,,
1398.285,31470.0,74595236,WSL MemTotal-MemAvailable fallback,0,19448493,13789,4,,
1399.32,31471.0,74585956,WSL MemTotal-MemAvailable fallback,0,19448493,13789,4,,
1400.357,31470.0,74586232,WSL MemTotal-MemAvailable fallback,0,19448493,13789,4,,
1401.391,31470.0,74586832,WSL MemTotal-MemAvailable fallback,0,19448493,13789,4,,
1402.427,31470.0,74581152,WSL MemTotal-MemAvailable fallback,0,19448493,13789,4,,
1403.46,31471.0,74583852,WSL MemTotal-MemAvailable fallback,0,19448493,13789,4,,
1404.49,31470.0,74589696,WSL MemTotal-MemAvailable fallback,0,19448493,13789,4,,
1405.522,31471.0,74580588,WSL MemTotal-MemAvailable fallback,0,19448493,13789,4,,
1406.554,31471.0,74578380,WSL MemTotal-MemAvailable fallback,0,19448493,13789,4,,
1407.586,31471.0,74581376,WSL MemTotal-MemAvailable fallback,0,19448493,13789,4,,
1408.625,31471.0,74584120,WSL MemTotal-MemAvailable fallback,0,19448493,13789,4,,
1409.657,31471.0,74599672,WSL MemTotal-MemAvailable fallback,0,19448493,13789,4,,
1410.689,31471.0,74613404,WSL MemTotal-MemAvailable fallback,0,19448493,13789,4,,
1411.719,31471.0,74594540,WSL MemTotal-MemAvailable fallback,0,19448493,13789,4,,
1412.75,31471.0,74594192,WSL MemTotal-MemAvailable fallback,0,19448493,13789,4,,
1413.781,31471.0,74591380,WSL MemTotal-MemAvailable fallback,0,19448493,13789,4,,
1414.812,31471.0,74590660,WSL MemTotal-MemAvailable fallback,0,19448493,13789,4,,
1415.843,31471.0,74589792,WSL MemTotal-MemAvailable fallback,0,19448493,13789,4,,
1416.875,31471.0,74586568,WSL MemTotal-MemAvailable fallback,0,19448493,13789,4,,
1417.906,31471.0,74591776,WSL MemTotal-MemAvailable fallback,0,19448493,13789,4,,
1418.938,31471.0,74589740,WSL MemTotal-MemAvailable fallback,0,19448493,13789,4,,
1419.973,31471.0,74588688,WSL MemTotal-MemAvailable fallback,0,19448493,13789,4,,
1421.005,31471.0,74589328,WSL MemTotal-MemAvailable fallback,0,19448493,13789,4,,
1422.039,31471.0,74586520,WSL MemTotal-MemAvailable fallback,0,19448493,13789,4,,
1423.07,31471.0,74575384,WSL MemTotal-MemAvailable fallback,0,19448493,13789,4,,
1424.101,31465.0,74578832,WSL MemTotal-MemAvailable fallback,0,19448493,13789,4,,
1425.144,31471.0,74582656,WSL MemTotal-MemAvailable fallback,0,19448493,13789,4,,
1426.175,31471.0,74582916,WSL MemTotal-MemAvailable fallback,0,19448493,13789,4,,
1427.205,31472.0,74582664,WSL MemTotal-MemAvailable fallback,0,19448493,13789,4,,
1428.236,31472.0,74582860,WSL MemTotal-MemAvailable fallback,0,19448493,13789,4,,
1429.271,31472.0,74600332,WSL MemTotal-MemAvailable fallback,0,19448493,13789,4,,
1430.308,31472.0,74599896,WSL MemTotal-MemAvailable fallback,0,19448493,13789,4,,
1431.344,31472.0,74600912,WSL MemTotal-MemAvailable fallback,0,19448493,13789,4,,
1432.379,31473.0,74598124,WSL MemTotal-MemAvailable fallback,0,19448493,13789,4,,
1433.415,31473.0,74596284,WSL MemTotal-MemAvailable fallback,0,19448493,13789,4,,
1434.446,31473.0,74579940,WSL MemTotal-MemAvailable fallback,0,19448493,13789,4,,
1435.479,31485.0,74586504,WSL MemTotal-MemAvailable fallback,0,19448493,13789,4,,
1436.51,31485.0,74587084,WSL MemTotal-MemAvailable fallback,0,19448493,13789,4,,
1437.542,31484.0,74583256,WSL MemTotal-MemAvailable fallback,0,19448493,13789,4,,
1438.586,31484.0,74582796,WSL MemTotal-MemAvailable fallback,0,19448493,13789,4,,
1439.62,31479.0,74583328,WSL MemTotal-MemAvailable fallback,0,19448493,13789,4,,
1440.664,31478.0,74581616,WSL MemTotal-MemAvailable fallback,0,19448493,13789,4,,
1441.709,31473.0,74589176,WSL MemTotal-MemAvailable fallback,0,19448493,13789,4,,
1442.741,31473.0,74591320,WSL MemTotal-MemAvailable fallback,0,19448493,13789,4,,
1443.772,31473.0,74593028,WSL MemTotal-MemAvailable fallback,0,19448493,13789,4,,
1444.801,31473.0,74591932,WSL MemTotal-MemAvailable fallback,0,19448493,13789,4,,
1445.831,31473.0,74592312,WSL MemTotal-MemAvailable fallback,0,19448493,13789,4,,
1446.862,31473.0,74589068,WSL MemTotal-MemAvailable fallback,0,19448493,13789,4,,
1447.896,31473.0,74584880,WSL MemTotal-MemAvailable fallback,0,19448493,13789,4,,
1448.941,31473.0,74581080,WSL MemTotal-MemAvailable fallback,0,19448493,13789,4,,
1449.971,31473.0,74578992,WSL MemTotal-MemAvailable fallback,0,19448493,13789,4,,
1451.002,31473.0,74575472,WSL MemTotal-MemAvailable fallback,0,19448493,13789,4,,
1452.034,31474.0,74575528,WSL MemTotal-MemAvailable fallback,0,19448493,13789,4,,
1453.065,31474.0,74576328,WSL MemTotal-MemAvailable fallback,0,19448493,13789,4,,
1454.095,31473.0,74577064,WSL MemTotal-MemAvailable fallback,0,19448493,13789,4,,
1455.138,31474.0,74582332,WSL MemTotal-MemAvailable fallback,0,19448493,13789,4,,
1456.172,31474.0,74570688,WSL MemTotal-MemAvailable fallback,0,19448493,13789,4,,
1457.215,31474.0,74571044,WSL MemTotal-MemAvailable fallback,0,19448493,13789,4,,
1458.246,31474.0,74576736,WSL MemTotal-MemAvailable fallback,0,19448493,13789,4,,
1459.281,31474.0,74580832,WSL MemTotal-MemAvailable fallback,0,19448493,13789,4,,
1460.32,31474.0,74580924,WSL MemTotal-MemAvailable fallback,0,19448493,13789,4,,
1461.355,31475.0,74596588,WSL MemTotal-MemAvailable fallback,0,19448493,13789,4,,
1462.39,31475.0,74597812,WSL MemTotal-MemAvailable fallback,0,19448493,13789,4,,
1463.425,31475.0,74586468,WSL MemTotal-MemAvailable fallback,0,19448493,13789,4,,
1464.457,31475.0,74571588,WSL MemTotal-MemAvailable fallback,0,19448493,13789,4,,
1465.491,31475.0,74568044,WSL MemTotal-MemAvailable fallback,0,19448493,13789,4,,
1466.523,31475.0,74574288,WSL MemTotal-MemAvailable fallback,0,19448493,13789,4,,
1467.555,31475.0,74576268,WSL MemTotal-MemAvailable fallback,0,19448493,13789,4,,
1468.592,31475.0,74582580,WSL MemTotal-MemAvailable fallback,0,19448493,13789,4,,
1469.624,31475.0,74581632,WSL MemTotal-MemAvailable fallback,0,19448493,13789,4,,
1470.66,31475.0,74582960,WSL MemTotal-MemAvailable fallback,0,19448493,13789,4,,
1471.693,31475.0,74581700,WSL MemTotal-MemAvailable fallback,0,19448493,13789,4,,
1472.724,31475.0,74581224,WSL MemTotal-MemAvailable fallback,0,19448493,13789,4,,
1473.758,31475.0,74575612,WSL MemTotal-MemAvailable fallback,0,19448493,13789,4,,
1474.789,31475.0,74581852,WSL MemTotal-MemAvailable fallback,0,19448493,13789,4,,
1475.821,31475.0,74582420,WSL MemTotal-MemAvailable fallback,0,19448493,13789,4,,
1476.852,31475.0,74589980,WSL MemTotal-MemAvailable fallback,0,19448493,13789,4,,
1477.9,31476.0,74590188,WSL MemTotal-MemAvailable fallback,0,19448493,13789,4,,
1478.931,31475.0,74584308,WSL MemTotal-MemAvailable fallback,0,19448493,13789,4,,
1479.977,31475.0,74580528,WSL MemTotal-MemAvailable fallback,0,19448493,13789,4,,
1481.009,31475.0,74577508,WSL MemTotal-MemAvailable fallback,0,19448493,13789,4,,
1482.052,31475.0,74577056,WSL MemTotal-MemAvailable fallback,0,19448493,13789,4,,
1483.096,31475.0,74576800,WSL MemTotal-MemAvailable fallback,0,19448493,13789,4,,
1484.134,31475.0,74570824,WSL MemTotal-MemAvailable fallback,0,19448493,13789,4,,
1485.176,31476.0,74572400,WSL MemTotal-MemAvailable fallback,0,19448493,13789,4,,
1486.206,31476.0,74572512,WSL MemTotal-MemAvailable fallback,0,19448493,13789,4,,
1487.238,31475.0,74574760,WSL MemTotal-MemAvailable fallback,0,19448493,13789,4,,
1488.269,31473.0,74573680,WSL MemTotal-MemAvailable fallback,0,19448493,13789,4,,
1489.304,31473.0,74573052,WSL MemTotal-MemAvailable fallback,0,19448493,13789,4,,
1490.339,31474.0,74578672,WSL MemTotal-MemAvailable fallback,0,19448493,13789,4,,
1491.379,31475.0,74574068,WSL MemTotal-MemAvailable fallback,0,19448493,13789,4,,
1492.419,31475.0,74576664,WSL MemTotal-MemAvailable fallback,0,19448493,13789,4,,
1493.45,31475.0,74569696,WSL MemTotal-MemAvailable fallback,0,19448493,13789,4,,
1494.484,31475.0,74571728,WSL MemTotal-MemAvailable fallback,0,19448493,13789,4,,
1495.514,31476.0,74575308,WSL MemTotal-MemAvailable fallback,0,19448493,13789,4,,
1496.544,31475.0,74577928,WSL MemTotal-MemAvailable fallback,0,19448493,13789,4,,
1497.576,31475.0,74576816,WSL MemTotal-MemAvailable fallback,0,19448493,13789,4,,
1498.617,31475.0,74567048,WSL MemTotal-MemAvailable fallback,0,19448493,13789,4,,
1499.648,31476.0,74572060,WSL MemTotal-MemAvailable fallback,0,19448493,13789,4,,
1500.69,31476.0,74572276,WSL MemTotal-MemAvailable fallback,0,19448493,13789,4,,
1501.722,31476.0,74575520,WSL MemTotal-MemAvailable fallback,0,19448493,13789,4,,
1502.754,31476.0,74584040,WSL MemTotal-MemAvailable fallback,0,19448493,13789,4,,
1503.785,31476.0,74584040,WSL MemTotal-MemAvailable fallback,0,19448493,13789,4,,
1504.818,31476.0,74585764,WSL MemTotal-MemAvailable fallback,0,19448493,13789,4,,
1505.849,31475.0,74592028,WSL MemTotal-MemAvailable fallback,0,19448493,13789,4,,
1506.88,31479.0,74580452,WSL MemTotal-MemAvailable fallback,0,19448493,13789,4,,
1507.911,31475.0,74583100,WSL MemTotal-MemAvailable fallback,0,19448493,13789,4,,
1508.942,31475.0,74576044,WSL MemTotal-MemAvailable fallback,0,19448493,13789,4,,
1509.974,31475.0,74579612,WSL MemTotal-MemAvailable fallback,0,19448493,13789,4,,
1511.005,31475.0,74578672,WSL MemTotal-MemAvailable fallback,0,19448493,13789,4,,
1512.036,31475.0,74579428,WSL MemTotal-MemAvailable fallback,0,19448493,13789,4,,
1513.068,31476.0,74576488,WSL MemTotal-MemAvailable fallback,0,19448493,13789,4,,
1514.102,31476.0,74580148,WSL MemTotal-MemAvailable fallback,0,19448493,13789,4,,
1515.149,31476.0,74582120,WSL MemTotal-MemAvailable fallback,0,19448493,13789,4,,
1516.178,31476.0,74580760,WSL MemTotal-MemAvailable fallback,0,19448493,13789,4,,
1517.208,31476.0,74582876,WSL MemTotal-MemAvailable fallback,0,19448493,13789,4,,
1518.24,31476.0,74588012,WSL MemTotal-MemAvailable fallback,0,19448493,13789,4,,
1519.277,31476.0,74591964,WSL MemTotal-MemAvailable fallback,0,19448493,13789,4,,
1520.318,31476.0,74592920,WSL MemTotal-MemAvailable fallback,0,19448493,13789,4,,
1521.356,31476.0,74594336,WSL MemTotal-MemAvailable fallback,0,19448493,13789,4,,
1522.398,31476.0,74593928,WSL MemTotal-MemAvailable fallback,0,19448493,13789,4,,
1523.434,31477.0,74591812,WSL MemTotal-MemAvailable fallback,0,19448493,13789,4,,
1524.467,31476.0,74595484,WSL MemTotal-MemAvailable fallback,0,19448493,13789,4,,
1525.498,31476.0,74592796,WSL MemTotal-MemAvailable fallback,0,19448493,13789,4,,
1526.531,31476.0,74589796,WSL MemTotal-MemAvailable fallback,0,19448493,13789,4,,
1527.568,31478.0,74583792,WSL MemTotal-MemAvailable fallback,0,19448493,13789,4,,
1528.61,31478.0,74589492,WSL MemTotal-MemAvailable fallback,0,19448493,13789,4,,
1529.651,31479.0,74583980,WSL MemTotal-MemAvailable fallback,0,19448493,13789,4,,
1530.699,31479.0,74588000,WSL MemTotal-MemAvailable fallback,0,19448493,13789,4,,
1531.73,31479.0,74580528,WSL MemTotal-MemAvailable fallback,0,19448493,13789,4,,
1532.76,31479.0,74577084,WSL MemTotal-MemAvailable fallback,0,19448493,13789,4,,
1533.792,31479.0,74576148,WSL MemTotal-MemAvailable fallback,0,19448493,13789,4,,
1534.823,31479.0,74579888,WSL MemTotal-MemAvailable fallback,0,19448493,13789,4,,
1535.859,31480.0,74576612,WSL MemTotal-MemAvailable fallback,0,19448493,13789,4,,
1536.9,31479.0,74588844,WSL MemTotal-MemAvailable fallback,0,19448493,13789,4,,
1537.934,31479.0,74580240,WSL MemTotal-MemAvailable fallback,0,19448493,13789,4,,
1538.965,31479.0,74582884,WSL MemTotal-MemAvailable fallback,0,19448493,13789,4,,
1539.997,31480.0,74584884,WSL MemTotal-MemAvailable fallback,0,19448493,13789,4,,
1541.028,31480.0,74591568,WSL MemTotal-MemAvailable fallback,0,19448493,13789,4,,
1542.061,31480.0,74611492,WSL MemTotal-MemAvailable fallback,0,19448493,13789,4,,
1543.093,31479.0,74620000,WSL MemTotal-MemAvailable fallback,0,19448493,13789,4,,
1544.129,31479.0,74619016,WSL MemTotal-MemAvailable fallback,0,19448493,13789,4,,
1545.173,31479.0,74620300,WSL MemTotal-MemAvailable fallback,0,19448493,13789,4,,
1546.207,31479.0,74611556,WSL MemTotal-MemAvailable fallback,0,19448493,13789,4,,
1547.243,31479.0,74612904,WSL MemTotal-MemAvailable fallback,0,19448493,13789,4,,
1548.28,31479.0,74619732,WSL MemTotal-MemAvailable fallback,0,19448493,13789,4,,
1549.314,31479.0,74610144,WSL MemTotal-MemAvailable fallback,0,19448493,13789,4,,
1550.355,31479.0,74608720,WSL MemTotal-MemAvailable fallback,0,19448493,13789,4,,
1551.391,31480.0,74607352,WSL MemTotal-MemAvailable fallback,0,19448493,13789,4,,
1552.428,31479.0,74596220,WSL MemTotal-MemAvailable fallback,0,19448493,13789,4,,
1553.46,31486.0,74592768,WSL MemTotal-MemAvailable fallback,0,19448493,13789,4,,
1554.492,31486.0,74600084,WSL MemTotal-MemAvailable fallback,0,19448493,13789,4,,
1555.523,31486.0,74600168,WSL MemTotal-MemAvailable fallback,0,19448493,13789,4,,
1556.555,31485.0,74598480,WSL MemTotal-MemAvailable fallback,0,19448493,13789,4,,
1557.588,31485.0,74595008,WSL MemTotal-MemAvailable fallback,0,19448493,13789,4,,
1558.629,31485.0,74589860,WSL MemTotal-MemAvailable fallback,0,19448493,13789,4,,
1559.662,31485.0,74589244,WSL MemTotal-MemAvailable fallback,0,19448493,13789,4,,
1560.702,31485.0,74587480,WSL MemTotal-MemAvailable fallback,0,19448493,13789,4,,
1561.737,31479.0,74592748,WSL MemTotal-MemAvailable fallback,0,19448493,13789,4,,
1562.769,31479.0,74588596,WSL MemTotal-MemAvailable fallback,0,19448493,13789,4,,
1563.8,31480.0,74590028,WSL MemTotal-MemAvailable fallback,0,19448493,13789,4,,
1564.832,31479.0,74593656,WSL MemTotal-MemAvailable fallback,0,19448493,13789,4,,
1565.863,31479.0,74587840,WSL MemTotal-MemAvailable fallback,0,19448493,13789,4,,
1566.895,31479.0,74589580,WSL MemTotal-MemAvailable fallback,0,19448493,13789,4,,
1567.926,31478.0,74591840,WSL MemTotal-MemAvailable fallback,0,19448493,13789,4,,
1568.958,31477.0,74594088,WSL MemTotal-MemAvailable fallback,0,19448493,13789,4,,
1569.995,31477.0,74582928,WSL MemTotal-MemAvailable fallback,0,19448493,13789,4,,
1571.027,31479.0,74588792,WSL MemTotal-MemAvailable fallback,0,19448493,13789,4,,
1572.057,31395.0,74588004,WSL MemTotal-MemAvailable fallback,0,19448493,13789,4,,
1573.088,31396.0,74587680,WSL MemTotal-MemAvailable fallback,0,19448493,13789,4,,
1574.123,31397.0,74588544,WSL MemTotal-MemAvailable fallback,0,19448493,13789,4,,
1575.163,31398.0,74587504,WSL MemTotal-MemAvailable fallback,0,19448493,13789,4,,
1576.195,31398.0,74588144,WSL MemTotal-MemAvailable fallback,0,19448493,13789,4,,
1577.225,31399.0,74591688,WSL MemTotal-MemAvailable fallback,0,19448493,13789,4,,
1578.255,31400.0,74590628,WSL MemTotal-MemAvailable fallback,0,19448493,13789,4,,
1579.289,31400.0,74589620,WSL MemTotal-MemAvailable fallback,0,19448493,13789,4,,
1580.324,31401.0,74596568,WSL MemTotal-MemAvailable fallback,0,19448493,13789,4,,
1581.362,31401.0,74600248,WSL MemTotal-MemAvailable fallback,0,19448493,13789,4,,
1582.396,31401.0,74598696,WSL MemTotal-MemAvailable fallback,0,19448494,13789,4,,
1583.427,31401.0,74594112,WSL MemTotal-MemAvailable fallback,0,19448494,13789,4,,
1584.461,31402.0,74589444,WSL MemTotal-MemAvailable fallback,0,19448494,13789,4,,
1585.505,31402.0,74593172,WSL MemTotal-MemAvailable fallback,0,19448494,13789,4,,
1586.541,31402.0,74590360,WSL MemTotal-MemAvailable fallback,0,19448494,13789,4,,
1587.572,31403.0,74586596,WSL MemTotal-MemAvailable fallback,0,19448494,13789,4,,
1588.613,31404.0,74586148,WSL MemTotal-MemAvailable fallback,0,19448494,13789,4,,
1589.646,31404.0,74583988,WSL MemTotal-MemAvailable fallback,0,19448494,13789,4,,
1590.68,31405.0,74586704,WSL MemTotal-MemAvailable fallback,0,19448494,13789,4,,
1591.71,31406.0,74585780,WSL MemTotal-MemAvailable fallback,0,19448494,13789,4,,
1592.743,31406.0,74586600,WSL MemTotal-MemAvailable fallback,0,19448494,13789,4,,
1593.779,31406.0,74591536,WSL MemTotal-MemAvailable fallback,0,19448494,13789,4,,
1594.811,31407.0,74589872,WSL MemTotal-MemAvailable fallback,0,19448494,13789,4,,
1595.843,31407.0,74591604,WSL MemTotal-MemAvailable fallback,0,19448494,13789,4,,
1596.877,31408.0,74580880,WSL MemTotal-MemAvailable fallback,0,19448494,13789,4,,
1597.908,31408.0,74583680,WSL MemTotal-MemAvailable fallback,0,19448494,13789,4,,
1598.94,31408.0,74584724,WSL MemTotal-MemAvailable fallback,0,19448494,13789,4,,
1599.971,31408.0,74582700,WSL MemTotal-MemAvailable fallback,0,19448494,13789,4,,
1601.002,31408.0,74585152,WSL MemTotal-MemAvailable fallback,0,19448494,13789,4,,
1602.034,31409.0,74590340,WSL MemTotal-MemAvailable fallback,0,19448494,13789,4,,
1603.066,31409.0,74589080,WSL MemTotal-MemAvailable fallback,0,19448494,13789,4,,
1604.1,31407.0,74584452,WSL MemTotal-MemAvailable fallback,0,19448494,13789,4,,
1605.142,31403.0,74583084,WSL MemTotal-MemAvailable fallback,0,19448494,13789,4,,
1606.172,31404.0,74582124,WSL MemTotal-MemAvailable fallback,0,19448494,13789,4,,
1607.202,31404.0,74583356,WSL MemTotal-MemAvailable fallback,0,19448494,13789,4,,
1608.233,31404.0,74582888,WSL MemTotal-MemAvailable fallback,0,19448494,13789,4,,
1609.269,31410.0,74588824,WSL MemTotal-MemAvailable fallback,0,19448494,13789,4,,
1610.304,31411.0,74598876,WSL MemTotal-MemAvailable fallback,0,19448494,13789,4,,
1611.339,31411.0,74610736,WSL MemTotal-MemAvailable fallback,0,19448494,13789,4,,
1612.376,31412.0,74606528,WSL MemTotal-MemAvailable fallback,0,19448494,13789,4,,
1613.407,31412.0,74598960,WSL MemTotal-MemAvailable fallback,0,19448494,13789,4,,
1614.439,31420.0,74597912,WSL MemTotal-MemAvailable fallback,0,19448494,13789,4,,
1615.471,31419.0,74597456,WSL MemTotal-MemAvailable fallback,0,19448494,13789,4,,
1616.503,31420.0,74596760,WSL MemTotal-MemAvailable fallback,0,19448494,13789,4,,
1617.546,31419.0,74597300,WSL MemTotal-MemAvailable fallback,0,19448494,13789,4,,
1618.59,31419.0,74586156,WSL MemTotal-MemAvailable fallback,0,19448494,13789,4,,
1619.626,31412.0,74588956,WSL MemTotal-MemAvailable fallback,0,19448494,13789,4,,
1620.67,31413.0,74586200,WSL MemTotal-MemAvailable fallback,0,19448494,13789,4,,
1621.733,31413.0,74588856,WSL MemTotal-MemAvailable fallback,0,19448494,13789,4,,
1622.764,31414.0,74592700,WSL MemTotal-MemAvailable fallback,0,19448494,13789,4,,
1623.795,31415.0,74584672,WSL MemTotal-MemAvailable fallback,0,19448494,13789,4,,
1624.827,31415.0,74584664,WSL MemTotal-MemAvailable fallback,0,19448494,13789,4,,
1625.861,31415.0,74584104,WSL MemTotal-MemAvailable fallback,0,19448494,13789,4,,
1626.895,31415.0,74585900,WSL MemTotal-MemAvailable fallback,0,19448494,13789,4,,
1627.928,31415.0,74590104,WSL MemTotal-MemAvailable fallback,0,19448494,13789,4,,
1628.959,31415.0,74593028,WSL MemTotal-MemAvailable fallback,0,19448494,13789,4,,
1629.99,31416.0,74589556,WSL MemTotal-MemAvailable fallback,0,19448494,13789,4,,
1631.022,31416.0,74588504,WSL MemTotal-MemAvailable fallback,0,19448494,13789,4,,
1632.056,31416.0,74592216,WSL MemTotal-MemAvailable fallback,0,19448494,13789,4,,
1633.087,31416.0,74594800,WSL MemTotal-MemAvailable fallback,0,19448494,13789,4,,
1634.118,31416.0,74593740,WSL MemTotal-MemAvailable fallback,0,19448494,13789,4,,
1635.157,31416.0,74609296,WSL MemTotal-MemAvailable fallback,0,19448494,13789,4,,
1636.189,31417.0,74593672,WSL MemTotal-MemAvailable fallback,0,19448495,13789,4,,
1637.219,31417.0,74594212,WSL MemTotal-MemAvailable fallback,0,19448495,13789,4,,
1638.251,31415.0,74615032,WSL MemTotal-MemAvailable fallback,0,19448495,13789,4,,
1639.289,31415.0,74618612,WSL MemTotal-MemAvailable fallback,0,19448495,13789,4,,
1640.327,31416.0,74621732,WSL MemTotal-MemAvailable fallback,0,19448495,13789,4,,
1641.362,31415.0,74618288,WSL MemTotal-MemAvailable fallback,0,19448495,13789,4,,
1642.399,31416.0,74613368,WSL MemTotal-MemAvailable fallback,0,19448495,13789,4,,
1643.429,31416.0,74607680,WSL MemTotal-MemAvailable fallback,0,19448495,13789,4,,
1644.459,31417.0,74610384,WSL MemTotal-MemAvailable fallback,0,19448495,13789,4,,
1645.489,31418.0,74605872,WSL MemTotal-MemAvailable fallback,0,19448495,13789,4,,
1646.52,31417.0,74607856,WSL MemTotal-MemAvailable fallback,0,19448495,13789,4,,
1647.55,31418.0,74609880,WSL MemTotal-MemAvailable fallback,0,19448495,13789,4,,
1648.588,31418.0,74602628,WSL MemTotal-MemAvailable fallback,0,19448495,13789,4,,
1649.619,31419.0,74610756,WSL MemTotal-MemAvailable fallback,0,19448495,13789,4,,
1650.657,31419.0,74611092,WSL MemTotal-MemAvailable fallback,0,19448495,13789,4,,
1651.687,31419.0,74612960,WSL MemTotal-MemAvailable fallback,0,19448495,13789,4,,
1652.718,31420.0,74615172,WSL MemTotal-MemAvailable fallback,0,19448495,13789,4,,
1653.749,31419.0,74615020,WSL MemTotal-MemAvailable fallback,0,19448495,13789,4,,
1654.78,31420.0,74617240,WSL MemTotal-MemAvailable fallback,0,19448495,13789,4,,
1655.811,31420.0,74610668,WSL MemTotal-MemAvailable fallback,0,19448495,13789,4,,
1656.843,31420.0,74598104,WSL MemTotal-MemAvailable fallback,0,19448495,13789,4,,
1657.878,31420.0,74601480,WSL MemTotal-MemAvailable fallback,0,19448495,13789,4,,
1658.91,31420.0,74605656,WSL MemTotal-MemAvailable fallback,0,19448495,13789,4,,
1659.949,31420.0,74601960,WSL MemTotal-MemAvailable fallback,0,19448495,13789,4,,
1660.987,31420.0,74607252,WSL MemTotal-MemAvailable fallback,0,19448495,13789,4,,
1662.018,31420.0,74605604,WSL MemTotal-MemAvailable fallback,0,19448495,13789,4,,
1663.05,31420.0,74620904,WSL MemTotal-MemAvailable fallback,0,19448495,13789,4,,
1664.081,31421.0,74621740,WSL MemTotal-MemAvailable fallback,0,19448495,13789,4,,
1665.118,31420.0,74620220,WSL MemTotal-MemAvailable fallback,0,19448495,13789,4,,
1666.155,31420.0,74620236,WSL MemTotal-MemAvailable fallback,0,19448495,13789,4,,
1667.193,31418.0,74612316,WSL MemTotal-MemAvailable fallback,0,19448495,13789,4,,
1668.233,31415.0,74607968,WSL MemTotal-MemAvailable fallback,0,19448495,13789,4,,
1669.268,31415.0,74604244,WSL MemTotal-MemAvailable fallback,0,19448495,13789,4,,
1670.302,31415.0,74618240,WSL MemTotal-MemAvailable fallback,0,19448495,13789,4,,
1671.336,31415.0,74611236,WSL MemTotal-MemAvailable fallback,0,19448495,13789,4,,
1672.373,31421.0,74608212,WSL MemTotal-MemAvailable fallback,0,19448495,13789,4,,
1673.411,31423.0,74608236,WSL MemTotal-MemAvailable fallback,0,19448495,13789,4,,
1674.442,31424.0,74611196,WSL MemTotal-MemAvailable fallback,0,19448495,13789,4,,
1675.473,31424.0,74609456,WSL MemTotal-MemAvailable fallback,0,19448495,13789,4,,
1676.504,31424.0,74610104,WSL MemTotal-MemAvailable fallback,0,19448495,13789,4,,
1677.534,31425.0,74606996,WSL MemTotal-MemAvailable fallback,0,19448495,13789,4,,
1678.574,31423.0,74602940,WSL MemTotal-MemAvailable fallback,0,19448495,13789,4,,
1679.606,31424.0,74601816,WSL MemTotal-MemAvailable fallback,0,19448495,13789,4,,
1680.641,31424.0,74611296,WSL MemTotal-MemAvailable fallback,0,19448495,13789,4,,
1681.672,31424.0,74600556,WSL MemTotal-MemAvailable fallback,0,19448495,13789,4,,
1682.707,31424.0,74604420,WSL MemTotal-MemAvailable fallback,0,19448495,13789,4,,
1683.739,31425.0,74603400,WSL MemTotal-MemAvailable fallback,0,19448495,13789,4,,
1684.77,31425.0,74599636,WSL MemTotal-MemAvailable fallback,0,19448495,13789,4,,
1685.802,31425.0,74604384,WSL MemTotal-MemAvailable fallback,0,19448495,13789,4,,
1686.834,31425.0,74605336,WSL MemTotal-MemAvailable fallback,0,19448495,13789,4,,
1687.865,31425.0,74604008,WSL MemTotal-MemAvailable fallback,0,19448495,13789,4,,
1688.896,31425.0,74600288,WSL MemTotal-MemAvailable fallback,0,19448495,13789,4,,
1689.929,31425.0,74603284,WSL MemTotal-MemAvailable fallback,0,19448495,13789,4,,
1690.962,31426.0,74602864,WSL MemTotal-MemAvailable fallback,0,19448495,13789,4,,
1691.995,31426.0,74603620,WSL MemTotal-MemAvailable fallback,0,19448495,13789,4,,
1693.026,31426.0,74607864,WSL MemTotal-MemAvailable fallback,0,19448495,13789,4,,
1694.058,31426.0,74612004,WSL MemTotal-MemAvailable fallback,0,19448495,13789,4,,
1695.096,31426.0,74617988,WSL MemTotal-MemAvailable fallback,0,19448495,13789,4,,
1696.126,31427.0,74616324,WSL MemTotal-MemAvailable fallback,0,19448495,13789,4,,
1697.157,31427.0,74613260,WSL MemTotal-MemAvailable fallback,0,19448495,13789,4,,
1698.187,31427.0,74603604,WSL MemTotal-MemAvailable fallback,0,19448495,13789,4,,
1699.227,31427.0,74600320,WSL MemTotal-MemAvailable fallback,0,19448495,13789,4,,
1700.263,31427.0,74601024,WSL MemTotal-MemAvailable fallback,0,19448495,13789,4,,
1701.297,31427.0,74600668,WSL MemTotal-MemAvailable fallback,0,19448495,13789,4,,
1702.331,31427.0,74602096,WSL MemTotal-MemAvailable fallback,0,19448495,13789,4,,
1703.367,31427.0,74598692,WSL MemTotal-MemAvailable fallback,0,19448495,13789,4,,
1704.399,31427.0,74606208,WSL MemTotal-MemAvailable fallback,0,19448495,13789,4,,
1705.43,31428.0,74603536,WSL MemTotal-MemAvailable fallback,0,19448495,13789,4,,
1706.464,31428.0,74608268,WSL MemTotal-MemAvailable fallback,0,19448495,13789,4,,
1707.494,31429.0,74603900,WSL MemTotal-MemAvailable fallback,0,19448495,13789,4,,
1708.533,31429.0,74607500,WSL MemTotal-MemAvailable fallback,0,19448495,13789,4,,
1709.564,31429.0,74610116,WSL MemTotal-MemAvailable fallback,0,19448495,13789,4,,
1710.598,31429.0,74611392,WSL MemTotal-MemAvailable fallback,0,19448495,13789,4,,
1711.628,31429.0,74616228,WSL MemTotal-MemAvailable fallback,0,19448495,13789,4,,
1712.658,31430.0,74620624,WSL MemTotal-MemAvailable fallback,0,19448495,13789,4,,
1713.689,31430.0,74620392,WSL MemTotal-MemAvailable fallback,0,19448495,13789,4,,
1714.72,31429.0,74627456,WSL MemTotal-MemAvailable fallback,0,19448495,13789,4,,
1715.758,31429.0,74623716,WSL MemTotal-MemAvailable fallback,0,19448495,13789,4,,
1716.789,31429.0,74620872,WSL MemTotal-MemAvailable fallback,0,19448495,13789,4,,
1717.82,31429.0,74620840,WSL MemTotal-MemAvailable fallback,0,19448495,13789,4,,
1718.851,31430.0,74615300,WSL MemTotal-MemAvailable fallback,0,19448495,13789,4,,
1719.882,31430.0,74613204,WSL MemTotal-MemAvailable fallback,0,19448495,13789,4,,
1720.916,31430.0,74609740,WSL MemTotal-MemAvailable fallback,0,19448495,13789,4,,
1721.95,31430.0,74610916,WSL MemTotal-MemAvailable fallback,0,19448495,13789,4,,
1722.984,31430.0,74612928,WSL MemTotal-MemAvailable fallback,0,19448495,13789,4,,
1724.027,31430.0,74611440,WSL MemTotal-MemAvailable fallback,0,19448495,13789,4,,
1725.06,31431.0,74610808,WSL MemTotal-MemAvailable fallback,0,19448495,13789,4,,
1726.09,31431.0,74600696,WSL MemTotal-MemAvailable fallback,0,19448495,13789,4,,
1727.12,31431.0,74599740,WSL MemTotal-MemAvailable fallback,0,19448495,13789,4,,
1728.15,31427.0,74593112,WSL MemTotal-MemAvailable fallback,0,19448495,13789,4,,
1729.185,31426.0,74598700,WSL MemTotal-MemAvailable fallback,0,19448495,13789,4,,
1730.227,31433.0,74596340,WSL MemTotal-MemAvailable fallback,0,19448495,13789,4,,
1731.266,31433.0,74598484,WSL MemTotal-MemAvailable fallback,0,19448495,13789,4,,
1732.302,31440.0,74595216,WSL MemTotal-MemAvailable fallback,0,19448495,13789,4,,
1733.338,31452.0,74595980,WSL MemTotal-MemAvailable fallback,0,19448495,13789,4,,
1734.369,31452.0,74609296,WSL MemTotal-MemAvailable fallback,0,19448495,13789,4,,
1735.4,31452.0,74607476,WSL MemTotal-MemAvailable fallback,0,19448495,13789,4,,
1736.431,31452.0,74605912,WSL MemTotal-MemAvailable fallback,0,19448495,13789,4,,
1737.462,31452.0,74595200,WSL MemTotal-MemAvailable fallback,0,19448495,13789,4,,
1738.506,31434.0,74591936,WSL MemTotal-MemAvailable fallback,0,19448495,13789,4,,
1739.543,31434.0,74581636,WSL MemTotal-MemAvailable fallback,0,19448495,13789,4,,
1740.582,31434.0,74592816,WSL MemTotal-MemAvailable fallback,0,19448495,13789,4,,
1741.612,31435.0,74596060,WSL MemTotal-MemAvailable fallback,0,19448495,13789,4,,
1742.643,31435.0,74598784,WSL MemTotal-MemAvailable fallback,0,19448495,13789,4,,
1743.673,31435.0,74596780,WSL MemTotal-MemAvailable fallback,0,19448495,13789,4,,
1744.704,31436.0,74594444,WSL MemTotal-MemAvailable fallback,0,19448495,13789,4,,
1745.735,31436.0,74588668,WSL MemTotal-MemAvailable fallback,0,19448495,13789,4,,
1746.767,31436.0,74593120,WSL MemTotal-MemAvailable fallback,0,19448495,13789,4,,
1747.798,31436.0,74591888,WSL MemTotal-MemAvailable fallback,0,19448495,13789,4,,
1748.829,31436.0,74592688,WSL MemTotal-MemAvailable fallback,0,19448495,13789,4,,
1749.859,31437.0,74597204,WSL MemTotal-MemAvailable fallback,0,19448495,13789,4,,
1750.89,31437.0,74597396,WSL MemTotal-MemAvailable fallback,0,19448495,13789,4,,
1751.92,31437.0,74593116,WSL MemTotal-MemAvailable fallback,0,19448495,13789,4,,
1752.952,31437.0,74595948,WSL MemTotal-MemAvailable fallback,0,19448495,13789,4,,
1753.99,31437.0,74585312,WSL MemTotal-MemAvailable fallback,0,19448496,13789,4,,
1755.031,31437.0,74598732,WSL MemTotal-MemAvailable fallback,0,19448496,13789,4,,
1756.069,31438.0,74614096,WSL MemTotal-MemAvailable fallback,0,19448496,13789,4,,
1757.1,31438.0,74614156,WSL MemTotal-MemAvailable fallback,0,19448496,13789,4,,
1758.13,31438.0,74629116,WSL MemTotal-MemAvailable fallback,0,19448496,13789,4,,
1759.164,31438.0,74631292,WSL MemTotal-MemAvailable fallback,0,19448496,13789,4,,
1760.2,31439.0,74627080,WSL MemTotal-MemAvailable fallback,0,19448496,13789,4,,
1761.234,31438.0,74617348,WSL MemTotal-MemAvailable fallback,0,19448496,13789,4,,
1762.269,31438.0,74618548,WSL MemTotal-MemAvailable fallback,0,19448496,13789,4,,
1763.307,31438.0,74618228,WSL MemTotal-MemAvailable fallback,0,19448496,13789,4,,
1764.339,31439.0,74609888,WSL MemTotal-MemAvailable fallback,0,19448496,13789,4,,
1765.37,31439.0,74607224,WSL MemTotal-MemAvailable fallback,0,19448496,13789,4,,
1766.405,31439.0,74610344,WSL MemTotal-MemAvailable fallback,0,19448496,13789,4,,
1767.438,31439.0,74608316,WSL MemTotal-MemAvailable fallback,0,19448496,13789,4,,
1768.473,31439.0,74604568,WSL MemTotal-MemAvailable fallback,0,19448496,13789,4,,
1769.506,31439.0,74602936,WSL MemTotal-MemAvailable fallback,0,19448496,13789,4,,
1770.543,31439.0,74607304,WSL MemTotal-MemAvailable fallback,0,19448496,13789,4,,
1771.573,31439.0,74600104,WSL MemTotal-MemAvailable fallback,0,19448496,13789,4,,
1772.604,31440.0,74592152,WSL MemTotal-MemAvailable fallback,0,19448496,13789,4,,
1773.633,31440.0,74598932,WSL MemTotal-MemAvailable fallback,0,19448496,13789,4,,
1774.663,31440.0,74598596,WSL MemTotal-MemAvailable fallback,0,19448496,13789,4,,
1775.693,31440.0,74588660,WSL MemTotal-MemAvailable fallback,0,19448496,13789,4,,
1776.724,31440.0,74588108,WSL MemTotal-MemAvailable fallback,0,19448496,13789,4,,
1777.755,31439.0,74590248,WSL MemTotal-MemAvailable fallback,0,19448496,13789,4,,
1778.787,31440.0,74594280,WSL MemTotal-MemAvailable fallback,0,19448496,13789,4,,
1779.817,31440.0,74594808,WSL MemTotal-MemAvailable fallback,0,19448496,13789,4,,
1780.848,31440.0,74593424,WSL MemTotal-MemAvailable fallback,0,19448496,13789,4,,
1781.879,31440.0,74591708,WSL MemTotal-MemAvailable fallback,0,19448496,13789,4,,
1782.91,31440.0,74590724,WSL MemTotal-MemAvailable fallback,0,19448496,13789,4,,
1783.951,31440.0,74588652,WSL MemTotal-MemAvailable fallback,0,19448496,13789,4,,
1784.982,31440.0,74590148,WSL MemTotal-MemAvailable fallback,0,19448496,13789,4,,
1786.014,31439.0,74590680,WSL MemTotal-MemAvailable fallback,0,19448496,13789,4,,
1787.045,31440.0,74583328,WSL MemTotal-MemAvailable fallback,0,19448496,13789,4,,
1788.076,31435.0,74581064,WSL MemTotal-MemAvailable fallback,0,19448496,13789,4,,
1789.115,31440.0,74581744,WSL MemTotal-MemAvailable fallback,0,19448496,13789,4,,
1790.15,31441.0,74585284,WSL MemTotal-MemAvailable fallback,0,19448496,13789,4,,
1791.189,31447.0,74580196,WSL MemTotal-MemAvailable fallback,0,19448496,13789,4,,
1792.227,31448.0,74582584,WSL MemTotal-MemAvailable fallback,0,19448496,13789,4,,
1793.262,31447.0,74583704,WSL MemTotal-MemAvailable fallback,0,19448496,13789,4,,
1794.297,31447.0,74579828,WSL MemTotal-MemAvailable fallback,0,19448496,13789,4,,
1795.328,31447.0,74584532,WSL MemTotal-MemAvailable fallback,0,19448496,13789,4,,
1796.363,31447.0,74585928,WSL MemTotal-MemAvailable fallback,0,19448496,13789,4,,
1797.394,31446.0,74579192,WSL MemTotal-MemAvailable fallback,0,19448496,13789,4,,
1798.429,31441.0,74585508,WSL MemTotal-MemAvailable fallback,0,19448496,13789,4,,
1799.461,31441.0,74581964,WSL MemTotal-MemAvailable fallback,0,19448496,13789,4,,
1800.509,31441.0,74582684,WSL MemTotal-MemAvailable fallback,0,19448496,13789,4,,
1801.541,31440.0,74575608,WSL MemTotal-MemAvailable fallback,0,19448496,13789,4,,
1802.572,31440.0,74579504,WSL MemTotal-MemAvailable fallback,0,19448496,13789,4,,
1803.604,31440.0,74577276,WSL MemTotal-MemAvailable fallback,0,19448496,13789,4,,
1804.638,31440.0,74581096,WSL MemTotal-MemAvailable fallback,0,19448496,13789,4,,
1805.669,31440.0,74580548,WSL MemTotal-MemAvailable fallback,0,19448496,13789,4,,
1806.701,31440.0,74581768,WSL MemTotal-MemAvailable fallback,0,19448496,13789,4,,
1807.737,31440.0,74573768,WSL MemTotal-MemAvailable fallback,0,19448496,13789,4,,
1808.769,31440.0,74576776,WSL MemTotal-MemAvailable fallback,0,19448496,13789,4,,
1809.803,31440.0,74575232,WSL MemTotal-MemAvailable fallback,0,19448496,13789,4,,
1810.835,31440.0,74575660,WSL MemTotal-MemAvailable fallback,0,19448496,13789,4,,
1811.865,31440.0,74591096,WSL MemTotal-MemAvailable fallback,0,19448496,13789,4,,
1812.895,31441.0,74589868,WSL MemTotal-MemAvailable fallback,0,19448496,13789,4,,
1813.937,31441.0,74585824,WSL MemTotal-MemAvailable fallback,0,19448496,13789,4,,
1814.968,31440.0,74583536,WSL MemTotal-MemAvailable fallback,0,19448496,13789,4,,
1816.0,31440.0,74579404,WSL MemTotal-MemAvailable fallback,0,19448496,13789,4,,
1817.031,31440.0,74583052,WSL MemTotal-MemAvailable fallback,0,19448496,13789,4,,
1818.063,31440.0,74579920,WSL MemTotal-MemAvailable fallback,0,19448496,13789,4,,
1819.099,31441.0,74580748,WSL MemTotal-MemAvailable fallback,0,19448496,13789,4,,
1820.136,31441.0,74580640,WSL MemTotal-MemAvailable fallback,0,19448496,13789,4,,
1821.171,31441.0,74588320,WSL MemTotal-MemAvailable fallback,0,19448496,13789,4,,
1822.207,31442.0,74586212,WSL MemTotal-MemAvailable fallback,0,19448496,13789,4,,
1823.241,31442.0,74586456,WSL MemTotal-MemAvailable fallback,0,19448496,13789,4,,
1824.276,31442.0,74574552,WSL MemTotal-MemAvailable fallback,0,19448496,13789,4,,
1825.306,31441.0,74576320,WSL MemTotal-MemAvailable fallback,0,19448496,13789,4,,
1826.335,31441.0,74581684,WSL MemTotal-MemAvailable fallback,0,19448496,13789,4,,
1827.365,31441.0,74583696,WSL MemTotal-MemAvailable fallback,0,19448496,13789,4,,
1828.401,31441.0,74584636,WSL MemTotal-MemAvailable fallback,0,19448496,13789,4,,
1829.434,31441.0,74584012,WSL MemTotal-MemAvailable fallback,0,19448496,13789,4,,
1830.476,31442.0,74581840,WSL MemTotal-MemAvailable fallback,0,19448496,13789,4,,
1831.511,31442.0,74584160,WSL MemTotal-MemAvailable fallback,0,19448496,13789,4,,
1832.542,31442.0,74585480,WSL MemTotal-MemAvailable fallback,0,19448496,13789,4,,
1833.573,31442.0,74580656,WSL MemTotal-MemAvailable fallback,0,19448496,13789,4,,
1834.602,31442.0,74581912,WSL MemTotal-MemAvailable fallback,0,19448496,13789,4,,
1835.636,31442.0,74585452,WSL MemTotal-MemAvailable fallback,0,19448496,13789,4,,
1836.668,31443.0,74588012,WSL MemTotal-MemAvailable fallback,0,19448496,13789,4,,
1837.699,31443.0,74587884,WSL MemTotal-MemAvailable fallback,0,19448496,13789,4,,
1838.731,31443.0,74587828,WSL MemTotal-MemAvailable fallback,0,19448496,13789,4,,
1839.763,31443.0,74588804,WSL MemTotal-MemAvailable fallback,0,19448496,13789,4,,
1840.795,31443.0,74590064,WSL MemTotal-MemAvailable fallback,0,19448496,13789,4,,
1841.825,31443.0,74588688,WSL MemTotal-MemAvailable fallback,0,19448496,13789,4,,
1842.856,31443.0,74585472,WSL MemTotal-MemAvailable fallback,0,19448496,13789,4,,
1843.894,31443.0,74588828,WSL MemTotal-MemAvailable fallback,0,19448496,13789,4,,
1844.926,31443.0,74590544,WSL MemTotal-MemAvailable fallback,0,19448496,13789,4,,
1845.957,31443.0,74589592,WSL MemTotal-MemAvailable fallback,0,19448496,13789,4,,
1846.987,31444.0,74580412,WSL MemTotal-MemAvailable fallback,0,19448496,13789,4,,
1848.016,31443.0,74582428,WSL MemTotal-MemAvailable fallback,0,19448496,13789,4,,
1849.052,31443.0,74589044,WSL MemTotal-MemAvailable fallback,0,19448496,13789,4,,
1850.087,31444.0,74604600,WSL MemTotal-MemAvailable fallback,0,19448496,13789,4,,
1851.122,31444.0,74588092,WSL MemTotal-MemAvailable fallback,0,19448496,13789,4,,
1852.164,31444.0,74585404,WSL MemTotal-MemAvailable fallback,0,19448496,13789,4,,
1853.201,31444.0,74590136,WSL MemTotal-MemAvailable fallback,0,19448496,13789,4,,
1854.231,31444.0,74583840,WSL MemTotal-MemAvailable fallback,0,19448496,13789,4,,
1855.262,31444.0,74587604,WSL MemTotal-MemAvailable fallback,0,19448496,13789,4,,
1856.297,31444.0,74585948,WSL MemTotal-MemAvailable fallback,0,19448496,13789,4,,
1857.329,31444.0,74583204,WSL MemTotal-MemAvailable fallback,0,19448496,13789,4,,
1858.364,31444.0,74585776,WSL MemTotal-MemAvailable fallback,0,19448496,13789,4,,
1859.401,31444.0,74585080,WSL MemTotal-MemAvailable fallback,0,19448496,13789,4,,
1860.443,31444.0,74590036,WSL MemTotal-MemAvailable fallback,0,19448496,13789,4,,
1861.473,31445.0,74580244,WSL MemTotal-MemAvailable fallback,0,19448497,13789,4,,
1862.51,31445.0,74577352,WSL MemTotal-MemAvailable fallback,0,19448497,13789,4,,
1863.54,31445.0,74579196,WSL MemTotal-MemAvailable fallback,0,19448497,13789,4,,
1864.574,31445.0,74584024,WSL MemTotal-MemAvailable fallback,0,19448497,13789,4,,
1865.604,31444.0,74583472,WSL MemTotal-MemAvailable fallback,0,19448497,13789,4,,
1866.639,31442.0,74585228,WSL MemTotal-MemAvailable fallback,0,19448497,13789,4,,
1867.671,31438.0,74585472,WSL MemTotal-MemAvailable fallback,0,19448497,13789,4,,
1868.702,31445.0,74583644,WSL MemTotal-MemAvailable fallback,0,19448497,13789,4,,
1869.734,31445.0,74580100,WSL MemTotal-MemAvailable fallback,0,19448497,13789,4,,
1870.766,31445.0,74579456,WSL MemTotal-MemAvailable fallback,0,19448497,13789,4,,
1871.798,31445.0,74584212,WSL MemTotal-MemAvailable fallback,0,19448497,13789,4,,
1872.83,31445.0,74580824,WSL MemTotal-MemAvailable fallback,0,19448497,13789,4,,
1873.892,31445.0,74578472,WSL MemTotal-MemAvailable fallback,0,19448497,13789,4,,
1874.954,31445.0,74582772,WSL MemTotal-MemAvailable fallback,0,19448497,13789,4,,
1875.992,31445.0,74582388,WSL MemTotal-MemAvailable fallback,0,19448497,13789,4,,
1877.024,31445.0,74599828,WSL MemTotal-MemAvailable fallback,0,19448497,13789,4,,
1878.057,31445.0,74602852,WSL MemTotal-MemAvailable fallback,0,19448497,13789,4,,
1879.094,31446.0,74608624,WSL MemTotal-MemAvailable fallback,0,19448497,13789,4,,
1880.134,31446.0,74605748,WSL MemTotal-MemAvailable fallback,0,19448497,13789,4,,
1881.172,31446.0,74611672,WSL MemTotal-MemAvailable fallback,0,19448497,13789,4,,
1882.219,31446.0,74604532,WSL MemTotal-MemAvailable fallback,0,19448497,13789,4,,
1883.254,31446.0,74600600,WSL MemTotal-MemAvailable fallback,0,19448497,13789,4,,
1884.287,31446.0,74598092,WSL MemTotal-MemAvailable fallback,0,19448497,13789,4,,
1885.319,31446.0,74595684,WSL MemTotal-MemAvailable fallback,0,19448497,13789,4,,
1886.352,31446.0,74590548,WSL MemTotal-MemAvailable fallback,0,19448497,13789,4,,
1887.383,31446.0,74589984,WSL MemTotal-MemAvailable fallback,0,19448497,13789,4,,
1888.419,31446.0,74587224,WSL MemTotal-MemAvailable fallback,0,19448497,13789,4,,
1889.452,31446.0,74589748,WSL MemTotal-MemAvailable fallback,0,19448497,13789,4,,
1890.495,31446.0,74590272,WSL MemTotal-MemAvailable fallback,0,19448497,13789,4,,
1891.524,31447.0,74585384,WSL MemTotal-MemAvailable fallback,0,19448497,13789,4,,
1892.554,31448.0,74587308,WSL MemTotal-MemAvailable fallback,0,19448497,13789,4,,
1893.586,31447.0,74590888,WSL MemTotal-MemAvailable fallback,0,19448497,13789,4,,
1894.617,31447.0,74595048,WSL MemTotal-MemAvailable fallback,0,19448497,13789,4,,
1895.649,31447.0,74593428,WSL MemTotal-MemAvailable fallback,0,19448497,13789,4,,
1896.68,31448.0,74589584,WSL MemTotal-MemAvailable fallback,0,19448497,13789,4,,
1897.711,31447.0,74592104,WSL MemTotal-MemAvailable fallback,0,19448497,13789,4,,
1898.741,31448.0,74593472,WSL MemTotal-MemAvailable fallback,0,19448497,13789,4,,
1899.771,31448.0,74594228,WSL MemTotal-MemAvailable fallback,0,19448497,13789,4,,
1900.801,31448.0,74598520,WSL MemTotal-MemAvailable fallback,0,19448497,13789,4,,
1901.831,31448.0,74599544,WSL MemTotal-MemAvailable fallback,0,19448497,13789,4,,
1902.862,31448.0,74614884,WSL MemTotal-MemAvailable fallback,0,19448497,13789,4,,
1903.903,31448.0,74594952,WSL MemTotal-MemAvailable fallback,0,19448497,13789,4,,
1904.935,31447.0,74589512,WSL MemTotal-MemAvailable fallback,0,19448497,13789,4,,
1905.965,31447.0,74592240,WSL MemTotal-MemAvailable fallback,0,19448497,13789,4,,
1906.996,31447.0,74587688,WSL MemTotal-MemAvailable fallback,0,19448497,13789,4,,
1908.027,31448.0,74589784,WSL MemTotal-MemAvailable fallback,0,19448497,13789,4,,
1909.063,31454.0,74586004,WSL MemTotal-MemAvailable fallback,0,19448497,13789,4,,
1910.097,31454.0,74591752,WSL MemTotal-MemAvailable fallback,0,19448497,13789,4,,
1911.131,31454.0,74590368,WSL MemTotal-MemAvailable fallback,0,19448497,13789,4,,
1912.166,31455.0,74591448,WSL MemTotal-MemAvailable fallback,0,19448497,13789,4,,
1913.202,31454.0,74589308,WSL MemTotal-MemAvailable fallback,0,19448497,13789,4,,
1914.234,31448.0,74594012,WSL MemTotal-MemAvailable fallback,0,19448497,13789,4,,
1915.263,31448.0,74586320,WSL MemTotal-MemAvailable fallback,0,19448497,13789,4,,
1916.294,31448.0,74591484,WSL MemTotal-MemAvailable fallback,0,19448497,13789,4,,
1917.325,31448.0,74598028,WSL MemTotal-MemAvailable fallback,0,19448497,13789,4,,
1918.359,31448.0,74587580,WSL MemTotal-MemAvailable fallback,0,19448497,13789,4,,
1919.39,31448.0,74586132,WSL MemTotal-MemAvailable fallback,0,19448497,13789,4,,
1920.431,31448.0,74588548,WSL MemTotal-MemAvailable fallback,0,19448497,13789,4,,
1921.462,31448.0,74594016,WSL MemTotal-MemAvailable fallback,0,19448497,13789,4,,
1922.493,31449.0,74595200,WSL MemTotal-MemAvailable fallback,0,19448497,13789,4,,
1923.524,31449.0,74595312,WSL MemTotal-MemAvailable fallback,0,19448497,13789,4,,
1924.556,31449.0,74594556,WSL MemTotal-MemAvailable fallback,0,19448497,13789,4,,
1925.589,31447.0,74594416,WSL MemTotal-MemAvailable fallback,0,19448497,13789,4,,
1926.621,31443.0,74598064,WSL MemTotal-MemAvailable fallback,0,19448497,13789,4,,
1927.655,31449.0,74592832,WSL MemTotal-MemAvailable fallback,0,19448497,13789,4,,
1928.689,31449.0,74600512,WSL MemTotal-MemAvailable fallback,0,19448497,13789,4,,
1929.721,31449.0,74597236,WSL MemTotal-MemAvailable fallback,0,19448497,13789,4,,
1930.753,31449.0,74596816,WSL MemTotal-MemAvailable fallback,0,19448497,13789,4,,
1931.787,31449.0,74596316,WSL MemTotal-MemAvailable fallback,0,19448497,13789,4,,
1932.832,31449.0,74593460,WSL MemTotal-MemAvailable fallback,0,19448497,13789,4,,
1933.88,31450.0,74594100,WSL MemTotal-MemAvailable fallback,0,19448497,13789,4,,
1934.913,31450.0,74597968,WSL MemTotal-MemAvailable fallback,0,19448497,13789,4,,
1935.945,31450.0,74598340,WSL MemTotal-MemAvailable fallback,0,19448497,13789,4,,
1936.976,31450.0,74612312,WSL MemTotal-MemAvailable fallback,0,19448497,13789,4,,
1938.008,31450.0,74614864,WSL MemTotal-MemAvailable fallback,0,19448497,13789,4,,
1939.045,31450.0,74613168,WSL MemTotal-MemAvailable fallback,0,19448497,13789,4,,
1940.111,31450.0,74615184,WSL MemTotal-MemAvailable fallback,0,19448497,13789,4,,
1941.15,31450.0,74618672,WSL MemTotal-MemAvailable fallback,0,19448497,13789,4,,
1942.273,31450.0,74624036,WSL MemTotal-MemAvailable fallback,0,19448497,13789,4,,
1943.31,31450.0,74639056,WSL MemTotal-MemAvailable fallback,0,19448497,13789,4,,
1944.345,31450.0,74652016,WSL MemTotal-MemAvailable fallback,0,19448497,13789,4,,
1945.378,31451.0,74648728,WSL MemTotal-MemAvailable fallback,0,19448497,13789,4,,
1946.41,31450.0,74645124,WSL MemTotal-MemAvailable fallback,0,19448497,13789,4,,
1947.441,31450.0,74648016,WSL MemTotal-MemAvailable fallback,0,19448497,13789,4,,
1948.473,31450.0,74635260,WSL MemTotal-MemAvailable fallback,0,19448497,13789,4,,
1949.503,31450.0,74631868,WSL MemTotal-MemAvailable fallback,0,19448497,13789,4,,
1950.54,31450.0,74618580,WSL MemTotal-MemAvailable fallback,0,19448497,13789,4,,
1951.576,31450.0,74615504,WSL MemTotal-MemAvailable fallback,0,19448497,13789,4,,
1952.607,31451.0,74610208,WSL MemTotal-MemAvailable fallback,0,19448497,13789,4,,
1953.638,31451.0,74601164,WSL MemTotal-MemAvailable fallback,0,19448497,13789,4,,
1954.671,31451.0,74598708,WSL MemTotal-MemAvailable fallback,0,19448497,13789,4,,
1955.704,31451.0,74591840,WSL MemTotal-MemAvailable fallback,0,19448497,13789,4,,
1956.735,31451.0,74593112,WSL MemTotal-MemAvailable fallback,0,19448497,13789,4,,
1957.766,31452.0,74609708,WSL MemTotal-MemAvailable fallback,0,19448497,13789,4,,
1958.797,31452.0,74608844,WSL MemTotal-MemAvailable fallback,0,19448497,13789,4,,
1959.828,31452.0,74604700,WSL MemTotal-MemAvailable fallback,0,19448497,13789,4,,
1960.859,31452.0,74605764,WSL MemTotal-MemAvailable fallback,0,19448497,13789,4,,
1961.891,31451.0,74603040,WSL MemTotal-MemAvailable fallback,0,19448497,13789,4,,
1962.922,31451.0,74603828,WSL MemTotal-MemAvailable fallback,0,19448497,13789,4,,
1963.961,31452.0,74605644,WSL MemTotal-MemAvailable fallback,0,19448497,13789,4,,
1964.994,31452.0,74616096,WSL MemTotal-MemAvailable fallback,0,19448497,13789,4,,
1966.024,31452.0,74616348,WSL MemTotal-MemAvailable fallback,0,19448499,13789,4,,
1967.054,31452.0,74619488,WSL MemTotal-MemAvailable fallback,0,19448499,13789,4,,
1968.085,31465.0,74616876,WSL MemTotal-MemAvailable fallback,0,19448499,13789,4,,
1969.121,31465.0,74605108,WSL MemTotal-MemAvailable fallback,0,19448499,13789,4,,
1970.157,31465.0,74605512,WSL MemTotal-MemAvailable fallback,0,19448499,13789,4,,
1971.192,31465.0,74616248,WSL MemTotal-MemAvailable fallback,0,19448499,13789,4,,
1972.225,31465.0,74623140,WSL MemTotal-MemAvailable fallback,0,19448499,13789,4,,
1973.258,31454.0,74637228,WSL MemTotal-MemAvailable fallback,0,19448499,13789,4,,
1974.288,31453.0,74637904,WSL MemTotal-MemAvailable fallback,0,19448499,13789,4,,
1975.319,31453.0,74626400,WSL MemTotal-MemAvailable fallback,0,19448499,13789,4,,
1976.35,31454.0,74622528,WSL MemTotal-MemAvailable fallback,0,19448499,13789,4,,
1977.381,31454.0,74624444,WSL MemTotal-MemAvailable fallback,0,19448499,13789,4,,
1978.417,31454.0,74627160,WSL MemTotal-MemAvailable fallback,0,19448499,13789,4,,
1979.45,31454.0,74626480,WSL MemTotal-MemAvailable fallback,0,19448499,13789,4,,
1980.489,31454.0,74623388,WSL MemTotal-MemAvailable fallback,0,19448499,13789,4,,
1981.519,31454.0,74622576,WSL MemTotal-MemAvailable fallback,0,19448499,13789,4,,
1982.553,31454.0,74618792,WSL MemTotal-MemAvailable fallback,0,19448499,13789,4,,
1983.585,31454.0,74609776,WSL MemTotal-MemAvailable fallback,0,19448499,13789,4,,
1984.618,31454.0,74616372,WSL MemTotal-MemAvailable fallback,0,19448499,13789,4,,
1985.649,31455.0,74612012,WSL MemTotal-MemAvailable fallback,0,19448499,13789,4,,
1986.681,31453.0,74609424,WSL MemTotal-MemAvailable fallback,0,19448499,13789,4,,
1987.713,31449.0,74611408,WSL MemTotal-MemAvailable fallback,0,19448499,13789,4,,
1988.745,31453.0,74608228,WSL MemTotal-MemAvailable fallback,0,19448499,13789,4,,
1989.779,31454.0,74610132,WSL MemTotal-MemAvailable fallback,0,19448499,13789,4,,
1990.81,31454.0,74605108,WSL MemTotal-MemAvailable fallback,0,19448499,13789,4,,
1991.842,31454.0,74608748,WSL MemTotal-MemAvailable fallback,0,19448499,13789,4,,
1992.873,31454.0,74605864,WSL MemTotal-MemAvailable fallback,0,19448499,13789,4,,
1993.915,31454.0,74604108,WSL MemTotal-MemAvailable fallback,0,19448499,13789,4,,
1994.947,31454.0,74621692,WSL MemTotal-MemAvailable fallback,0,19448499,13789,4,,
1995.975,31454.0,74617380,WSL MemTotal-MemAvailable fallback,0,19448499,13789,4,,
1997.004,31454.0,74616024,WSL MemTotal-MemAvailable fallback,0,19448499,13789,4,,
1998.033,31454.0,74606924,WSL MemTotal-MemAvailable fallback,0,19448499,13789,4,,
1999.068,31454.0,74597952,WSL MemTotal-MemAvailable fallback,0,19448499,13789,4,,
2000.1,31455.0,74613940,WSL MemTotal-MemAvailable fallback,0,19448499,13789,4,,
2001.135,31454.0,74602888,WSL MemTotal-MemAvailable fallback,0,19448499,13789,4,,
2002.172,31454.0,74603660,WSL MemTotal-MemAvailable fallback,0,19448499,13789,4,,
2003.209,31455.0,74604480,WSL MemTotal-MemAvailable fallback,0,19448499,13789,4,,
2004.241,31455.0,74610488,WSL MemTotal-MemAvailable fallback,0,19448499,13789,4,,
2005.273,31455.0,74607300,WSL MemTotal-MemAvailable fallback,0,19448499,13789,4,,
2006.304,31455.0,74610300,WSL MemTotal-MemAvailable fallback,0,19448499,13789,4,,
2007.336,31455.0,74613476,WSL MemTotal-MemAvailable fallback,0,19448499,13789,4,,
2008.369,31455.0,74629464,WSL MemTotal-MemAvailable fallback,0,19448499,13789,4,,
2009.4,31455.0,74636828,WSL MemTotal-MemAvailable fallback,0,19448499,13789,4,,
2010.437,31455.0,74612400,WSL MemTotal-MemAvailable fallback,0,19448499,13789,4,,
2011.468,31455.0,74611484,WSL MemTotal-MemAvailable fallback,0,19448499,13789,4,,
2012.5,31455.0,74610388,WSL MemTotal-MemAvailable fallback,0,19448499,13789,4,,
2013.532,31457.0,74611016,WSL MemTotal-MemAvailable fallback,0,19448499,13789,4,,
2014.562,31457.0,74607848,WSL MemTotal-MemAvailable fallback,0,19448499,13789,4,,
2015.594,31457.0,74610032,WSL MemTotal-MemAvailable fallback,0,19448499,13789,4,,
2016.626,31457.0,74609840,WSL MemTotal-MemAvailable fallback,0,19448499,13789,4,,
2017.661,31457.0,74625284,WSL MemTotal-MemAvailable fallback,0,19448499,13789,4,,
2018.693,31457.0,74621116,WSL MemTotal-MemAvailable fallback,0,19448499,13789,4,,
2019.725,31457.0,74606188,WSL MemTotal-MemAvailable fallback,0,19448499,13789,4,,
2020.759,31457.0,74604104,WSL MemTotal-MemAvailable fallback,0,19448499,13789,4,,
2021.794,31457.0,74598276,WSL MemTotal-MemAvailable fallback,0,19448499,13789,4,,
2022.825,31457.0,74599796,WSL MemTotal-MemAvailable fallback,0,19448499,13789,4,,
2023.863,31457.0,74590344,WSL MemTotal-MemAvailable fallback,0,19448499,13789,4,,
2024.897,31457.0,74593016,WSL MemTotal-MemAvailable fallback,0,19448499,13789,4,,
2025.928,31457.0,74593176,WSL MemTotal-MemAvailable fallback,0,19448499,13789,4,,
2026.959,31464.0,74592400,WSL MemTotal-MemAvailable fallback,0,19448499,13789,4,,
2027.992,31464.0,74598956,WSL MemTotal-MemAvailable fallback,0,19448499,13789,4,,
2029.027,31464.0,74594648,WSL MemTotal-MemAvailable fallback,0,19448499,13789,4,,
2030.063,31463.0,74595960,WSL MemTotal-MemAvailable fallback,0,19448499,13789,4,,
2031.1,31463.0,74600520,WSL MemTotal-MemAvailable fallback,0,19448499,13789,4,,
2032.136,31457.0,74599916,WSL MemTotal-MemAvailable fallback,0,19448500,13789,4,,
2033.171,31457.0,74596656,WSL MemTotal-MemAvailable fallback,0,19448500,13789,4,,
2034.202,31457.0,74610764,WSL MemTotal-MemAvailable fallback,0,19448500,13789,4,,
2035.237,31457.0,74621620,WSL MemTotal-MemAvailable fallback,0,19448500,13789,4,,
2036.268,31457.0,74621568,WSL MemTotal-MemAvailable fallback,0,19448500,13789,4,,
2037.299,31457.0,74614468,WSL MemTotal-MemAvailable fallback,0,19448500,13789,4,,
2038.337,31457.0,74614360,WSL MemTotal-MemAvailable fallback,0,19448500,13789,4,,
2039.368,31457.0,74611208,WSL MemTotal-MemAvailable fallback,0,19448500,13789,4,,
2040.407,31458.0,74609028,WSL MemTotal-MemAvailable fallback,0,19448500,13789,4,,
2041.437,31457.0,74601032,WSL MemTotal-MemAvailable fallback,0,19448500,13789,4,,
2042.467,31457.0,74596596,WSL MemTotal-MemAvailable fallback,0,19448500,13789,4,,
2043.498,31457.0,74587968,WSL MemTotal-MemAvailable fallback,0,19448500,13789,4,,
2044.529,31457.0,74586036,WSL MemTotal-MemAvailable fallback,0,19448500,13789,4,,
2045.561,31458.0,74588836,WSL MemTotal-MemAvailable fallback,0,19448500,13789,4,,
2046.593,31458.0,74596292,WSL MemTotal-MemAvailable fallback,0,19448500,13789,4,,
2047.626,31458.0,74590416,WSL MemTotal-MemAvailable fallback,0,19448500,13789,4,,
2048.657,31458.0,74592900,WSL MemTotal-MemAvailable fallback,0,19448500,13789,4,,
2049.689,31457.0,74593972,WSL MemTotal-MemAvailable fallback,0,19448500,13789,4,,
2050.721,31457.0,74593428,WSL MemTotal-MemAvailable fallback,0,19448500,13789,4,,
2051.752,31457.0,74595700,WSL MemTotal-MemAvailable fallback,0,19448500,13789,4,,
2052.784,31458.0,74598048,WSL MemTotal-MemAvailable fallback,0,19448500,13789,4,,
2053.825,31457.0,74593672,WSL MemTotal-MemAvailable fallback,0,19448500,13789,4,,
2054.858,31457.0,74592708,WSL MemTotal-MemAvailable fallback,0,19448500,13789,4,,
2055.889,31457.0,74593552,WSL MemTotal-MemAvailable fallback,0,19448500,13789,4,,
2056.919,31457.0,74600340,WSL MemTotal-MemAvailable fallback,0,19448500,13789,4,,
2057.949,31458.0,74603468,WSL MemTotal-MemAvailable fallback,0,19448500,13789,4,,
2058.984,31458.0,74594892,WSL MemTotal-MemAvailable fallback,0,19448500,13789,4,,
2060.022,31458.0,74594620,WSL MemTotal-MemAvailable fallback,0,19448500,13789,4,,
2061.059,31458.0,74593264,WSL MemTotal-MemAvailable fallback,0,19448500,13789,4,,
2062.096,31458.0,74595896,WSL MemTotal-MemAvailable fallback,0,19448500,13789,4,,
2063.135,31458.0,74596908,WSL MemTotal-MemAvailable fallback,0,19448500,13789,4,,
2064.17,31459.0,74591976,WSL MemTotal-MemAvailable fallback,0,19448500,13789,4,,
2065.2,31459.0,74593660,WSL MemTotal-MemAvailable fallback,0,19448500,13789,4,,
2066.232,31459.0,74597960,WSL MemTotal-MemAvailable fallback,0,19448500,13789,4,,
2067.265,31459.0,74593260,WSL MemTotal-MemAvailable fallback,0,19448500,13789,4,,
2068.298,31460.0,74594704,WSL MemTotal-MemAvailable fallback,0,19448500,13789,4,,
2069.33,31460.0,74594860,WSL MemTotal-MemAvailable fallback,0,19448500,13789,4,,
2070.371,31460.0,74601188,WSL MemTotal-MemAvailable fallback,0,19448500,13789,4,,
2071.401,31460.0,74591868,WSL MemTotal-MemAvailable fallback,0,19448500,13789,4,,
2072.433,31460.0,74589688,WSL MemTotal-MemAvailable fallback,0,19448500,13789,4,,
2073.463,31460.0,74601504,WSL MemTotal-MemAvailable fallback,0,19448500,13789,4,,
2074.495,31460.0,74601564,WSL MemTotal-MemAvailable fallback,0,19448500,13789,4,,
2075.527,31460.0,74603532,WSL MemTotal-MemAvailable fallback,0,19448500,13789,4,,
2076.56,31460.0,74600708,WSL MemTotal-MemAvailable fallback,0,19448500,13789,4,,
2077.591,31460.0,74600160,WSL MemTotal-MemAvailable fallback,0,19448500,13789,4,,
2078.623,31460.0,74600800,WSL MemTotal-MemAvailable fallback,0,19448500,13789,4,,
2079.661,31460.0,74601216,WSL MemTotal-MemAvailable fallback,0,19448500,13789,4,,
2080.694,31460.0,74591552,WSL MemTotal-MemAvailable fallback,0,19448500,13789,4,,
2081.727,31460.0,74586592,WSL MemTotal-MemAvailable fallback,0,19448500,13789,4,,
2082.76,31460.0,74588580,WSL MemTotal-MemAvailable fallback,0,19448500,13789,4,,
2083.799,31460.0,74595988,WSL MemTotal-MemAvailable fallback,0,19448503,13789,4,,
2084.831,31459.0,74593012,WSL MemTotal-MemAvailable fallback,0,19448503,13789,4,,
2085.863,31459.0,74608444,WSL MemTotal-MemAvailable fallback,0,19448503,13789,4,,
2086.893,31471.0,74613292,WSL MemTotal-MemAvailable fallback,0,19448503,13789,4,,
2087.924,31471.0,74612976,WSL MemTotal-MemAvailable fallback,0,19448503,13789,4,,
2088.956,31471.0,74616524,WSL MemTotal-MemAvailable fallback,0,19448503,13789,4,,
2089.991,31471.0,74608440,WSL MemTotal-MemAvailable fallback,0,19448503,13789,4,,
2091.026,31460.0,74608816,WSL MemTotal-MemAvailable fallback,0,19448503,13789,4,,
2092.061,31460.0,74610080,WSL MemTotal-MemAvailable fallback,0,19448503,13789,4,,
2093.096,31460.0,74611008,WSL MemTotal-MemAvailable fallback,0,19448503,13789,4,,
2094.127,31460.0,74606372,WSL MemTotal-MemAvailable fallback,0,19448503,13789,4,,
2095.159,31460.0,74597476,WSL MemTotal-MemAvailable fallback,0,19448503,13789,4,,
2096.194,31460.0,74593804,WSL MemTotal-MemAvailable fallback,0,19448503,13789,4,,
2097.225,31460.0,74595380,WSL MemTotal-MemAvailable fallback,0,19448503,13789,4,,
2098.256,31460.0,74595504,WSL MemTotal-MemAvailable fallback,0,19448503,13789,4,,
2099.287,31460.0,74591424,WSL MemTotal-MemAvailable fallback,0,19448503,13789,4,,
2100.331,31460.0,74598460,WSL MemTotal-MemAvailable fallback,0,19448503,13789,4,,
2101.363,31460.0,74595720,WSL MemTotal-MemAvailable fallback,0,19448503,13789,4,,
2102.394,31460.0,74591356,WSL MemTotal-MemAvailable fallback,0,19448503,13789,4,,
2103.424,31460.0,74590836,WSL MemTotal-MemAvailable fallback,0,19448503,13789,4,,
2104.455,31461.0,74580192,WSL MemTotal-MemAvailable fallback,0,19448503,13789,4,,
2105.487,31460.0,74587644,WSL MemTotal-MemAvailable fallback,0,19448503,13789,4,,
2106.521,31455.0,74584640,WSL MemTotal-MemAvailable fallback,0,19448503,13789,4,,
2107.552,31455.0,74586488,WSL MemTotal-MemAvailable fallback,0,19448503,13789,4,,
2108.584,31460.0,74588760,WSL MemTotal-MemAvailable fallback,0,19448503,13789,4,,
2109.614,31460.0,74587352,WSL MemTotal-MemAvailable fallback,0,19448503,13789,4,,
2110.645,31460.0,74590600,WSL MemTotal-MemAvailable fallback,0,19448503,13789,4,,
2111.676,31460.0,74594472,WSL MemTotal-MemAvailable fallback,0,19448503,13789,4,,
2112.707,31460.0,74582748,WSL MemTotal-MemAvailable fallback,0,19448503,13789,4,,
2113.753,31460.0,74582920,WSL MemTotal-MemAvailable fallback,0,19448503,13789,4,,
2114.785,31460.0,74588172,WSL MemTotal-MemAvailable fallback,0,19448503,13789,4,,
2115.816,31460.0,74590104,WSL MemTotal-MemAvailable fallback,0,19448503,13789,4,,
2116.849,31460.0,74602776,WSL MemTotal-MemAvailable fallback,0,19448503,13789,4,,
2117.881,31460.0,74584976,WSL MemTotal-MemAvailable fallback,0,19448503,13789,4,,
2118.912,31460.0,74585848,WSL MemTotal-MemAvailable fallback,0,19448503,13789,4,,
2119.948,31461.0,74579348,WSL MemTotal-MemAvailable fallback,0,19448503,13789,4,,
2120.983,31461.0,74579648,WSL MemTotal-MemAvailable fallback,0,19448503,13789,4,,
2122.018,31461.0,74577568,WSL MemTotal-MemAvailable fallback,0,19448503,13789,4,,
2123.054,31461.0,74574320,WSL MemTotal-MemAvailable fallback,0,19448503,13789,4,,
2124.087,31461.0,74577808,WSL MemTotal-MemAvailable fallback,0,19448503,13789,4,,
2125.119,31460.0,74588036,WSL MemTotal-MemAvailable fallback,0,19448503,13789,4,,
2126.15,31460.0,74579960,WSL MemTotal-MemAvailable fallback,0,19448503,13789,4,,
2127.181,31461.0,74578340,WSL MemTotal-MemAvailable fallback,0,19448503,13789,4,,
2128.212,31461.0,74581492,WSL MemTotal-MemAvailable fallback,0,19448503,13789,4,,
2129.244,31461.0,74576968,WSL MemTotal-MemAvailable fallback,0,19448503,13789,4,,
2130.286,31461.0,74576788,WSL MemTotal-MemAvailable fallback,0,19448503,13789,4,,
2131.317,31461.0,74578568,WSL MemTotal-MemAvailable fallback,0,19448503,13789,4,,
2132.35,31461.0,74584616,WSL MemTotal-MemAvailable fallback,0,19448503,13789,4,,
2133.383,31461.0,74590956,WSL MemTotal-MemAvailable fallback,0,19448503,13789,4,,
2134.415,31461.0,74595200,WSL MemTotal-MemAvailable fallback,0,19448503,13789,4,,
2135.447,31461.0,74594724,WSL MemTotal-MemAvailable fallback,0,19448503,13789,4,,
2136.477,31461.0,74595280,WSL MemTotal-MemAvailable fallback,0,19448503,13789,4,,
2137.507,31461.0,74588792,WSL MemTotal-MemAvailable fallback,0,19448503,13789,4,,
2138.538,31461.0,74583044,WSL MemTotal-MemAvailable fallback,0,19448503,13789,4,,
2139.569,31461.0,74585564,WSL MemTotal-MemAvailable fallback,0,19448503,13789,4,,
2140.6,31461.0,74587784,WSL MemTotal-MemAvailable fallback,0,19448503,13789,4,,
2141.631,31461.0,74588104,WSL MemTotal-MemAvailable fallback,0,19448503,13789,4,,
2142.662,31461.0,74585080,WSL MemTotal-MemAvailable fallback,0,19448503,13789,4,,
2143.703,31461.0,74586004,WSL MemTotal-MemAvailable fallback,0,19448503,13789,4,,
2144.734,31461.0,74591336,WSL MemTotal-MemAvailable fallback,0,19448503,13789,4,,
2145.766,31461.0,74595212,WSL MemTotal-MemAvailable fallback,0,19448503,13789,4,,
2146.796,31462.0,74610072,WSL MemTotal-MemAvailable fallback,0,19448503,13789,4,,
2147.827,31462.0,74607908,WSL MemTotal-MemAvailable fallback,0,19448503,13789,4,,
2148.899,31462.0,74605816,WSL MemTotal-MemAvailable fallback,0,19448503,13789,4,,
2149.986,31462.0,74600156,WSL MemTotal-MemAvailable fallback,0,19448503,13789,4,,
2151.027,31462.0,74584992,WSL MemTotal-MemAvailable fallback,0,19448503,13789,4,,
2152.063,31462.0,74592788,WSL MemTotal-MemAvailable fallback,0,19448503,13789,4,,
2153.097,31462.0,74595936,WSL MemTotal-MemAvailable fallback,0,19448503,13789,4,,
2154.127,31462.0,74589404,WSL MemTotal-MemAvailable fallback,0,19448503,13789,4,,
2155.157,31462.0,74587580,WSL MemTotal-MemAvailable fallback,0,19448503,13789,4,,
2156.188,31462.0,74589892,WSL MemTotal-MemAvailable fallback,0,19448503,13789,4,,
2157.221,31462.0,74587420,WSL MemTotal-MemAvailable fallback,0,19448503,13789,4,,
2158.255,31462.0,74586004,WSL MemTotal-MemAvailable fallback,0,19448503,13789,4,,
2159.288,31462.0,74590700,WSL MemTotal-MemAvailable fallback,0,19448503,13789,4,,
2160.335,31462.0,74587688,WSL MemTotal-MemAvailable fallback,0,19448503,13789,4,,
2161.366,31462.0,74585820,WSL MemTotal-MemAvailable fallback,0,19448503,13789,4,,
2162.397,31463.0,74588320,WSL MemTotal-MemAvailable fallback,0,19448503,13789,4,,
2163.428,31463.0,74589464,WSL MemTotal-MemAvailable fallback,0,19448503,13789,4,,
2164.459,31463.0,74605324,WSL MemTotal-MemAvailable fallback,0,19448503,13789,4,,
2165.494,31463.0,74605440,WSL MemTotal-MemAvailable fallback,0,19448503,13789,4,,
2166.534,31462.0,74601064,WSL MemTotal-MemAvailable fallback,0,19448503,13789,4,,
2167.567,31458.0,74603580,WSL MemTotal-MemAvailable fallback,0,19448503,13789,4,,
2168.61,31462.0,74603220,WSL MemTotal-MemAvailable fallback,0,19448503,13789,4,,
2169.64,31462.0,74589880,WSL MemTotal-MemAvailable fallback,0,19448503,13789,4,,
2170.672,31462.0,74596860,WSL MemTotal-MemAvailable fallback,0,19448503,13789,4,,
2171.704,31462.0,74591280,WSL MemTotal-MemAvailable fallback,0,19448503,13789,4,,
2172.735,31463.0,74586724,WSL MemTotal-MemAvailable fallback,0,19448503,13789,4,,
2173.774,31462.0,74586492,WSL MemTotal-MemAvailable fallback,0,19448503,13789,4,,
2174.805,31462.0,74587924,WSL MemTotal-MemAvailable fallback,0,19448503,13789,4,,
2175.835,31462.0,74595920,WSL MemTotal-MemAvailable fallback,0,19448503,13789,4,,
2176.865,31462.0,74587560,WSL MemTotal-MemAvailable fallback,0,19448503,13789,4,,
2177.898,31462.0,74583936,WSL MemTotal-MemAvailable fallback,0,19448503,13789,4,,
2178.929,31462.0,74585888,WSL MemTotal-MemAvailable fallback,0,19448503,13789,4,,
2179.965,31463.0,74594824,WSL MemTotal-MemAvailable fallback,0,19448503,13789,4,,
2181.001,31463.0,74591392,WSL MemTotal-MemAvailable fallback,0,19448503,13789,4,,
2182.036,31463.0,74585712,WSL MemTotal-MemAvailable fallback,0,19448503,13789,4,,
2183.076,31463.0,74592344,WSL MemTotal-MemAvailable fallback,0,19448503,13789,4,,
2184.108,31463.0,74588948,WSL MemTotal-MemAvailable fallback,0,19448503,13789,4,,
2185.138,31463.0,74587680,WSL MemTotal-MemAvailable fallback,0,19448503,13789,4,,
2186.169,31463.0,74584484,WSL MemTotal-MemAvailable fallback,0,19448503,13789,4,,
2187.2,31463.0,74581996,WSL MemTotal-MemAvailable fallback,0,19448503,13789,4,,
2188.231,31463.0,74586748,WSL MemTotal-MemAvailable fallback,0,19448503,13789,4,,
2189.263,31463.0,74585960,WSL MemTotal-MemAvailable fallback,0,19448504,13789,4,,
2190.307,31463.0,74579444,WSL MemTotal-MemAvailable fallback,0,19448504,13789,4,,
2191.348,31463.0,74581404,WSL MemTotal-MemAvailable fallback,0,19448504,13789,4,,
2192.38,31464.0,74582436,WSL MemTotal-MemAvailable fallback,0,19448504,13789,4,,
2193.412,31463.0,74583112,WSL MemTotal-MemAvailable fallback,0,19448504,13789,4,,
2194.444,31463.0,74589104,WSL MemTotal-MemAvailable fallback,0,19448504,13789,4,,
2195.475,31464.0,74585408,WSL MemTotal-MemAvailable fallback,0,19448504,13789,4,,
2196.51,31464.0,74586376,WSL MemTotal-MemAvailable fallback,0,19448504,13789,4,,
2197.542,31464.0,74582840,WSL MemTotal-MemAvailable fallback,0,19448504,13789,4,,
2198.573,31464.0,74586788,WSL MemTotal-MemAvailable fallback,0,19448504,13789,4,,
2199.606,31464.0,74587356,WSL MemTotal-MemAvailable fallback,0,19448504,13789,4,,
2200.638,31464.0,74589456,WSL MemTotal-MemAvailable fallback,0,19448504,13789,4,,
2201.671,31464.0,74587760,WSL MemTotal-MemAvailable fallback,0,19448504,13789,4,,
2202.703,31464.0,74585928,WSL MemTotal-MemAvailable fallback,0,19448504,13789,4,,
2203.745,31463.0,74590240,WSL MemTotal-MemAvailable fallback,0,19448504,13789,4,,
2204.777,31470.0,74586756,WSL MemTotal-MemAvailable fallback,0,19448504,13789,4,,
2205.808,31471.0,74579548,WSL MemTotal-MemAvailable fallback,0,19448504,13789,4,,
2206.841,31471.0,74595048,WSL MemTotal-MemAvailable fallback,0,19448504,13789,4,,
2207.872,31471.0,74594508,WSL MemTotal-MemAvailable fallback,0,19448504,13789,4,,
2208.903,31471.0,74593740,WSL MemTotal-MemAvailable fallback,0,19448504,13789,4,,
2209.938,31471.0,74603420,WSL MemTotal-MemAvailable fallback,0,19448504,13789,4,,
2210.973,31465.0,74596836,WSL MemTotal-MemAvailable fallback,0,19448504,13789,4,,
2212.008,31464.0,74593028,WSL MemTotal-MemAvailable fallback,0,19448504,13789,4,,
2213.044,31464.0,74594564,WSL MemTotal-MemAvailable fallback,0,19448504,13789,4,,
2214.081,31464.0,74600956,WSL MemTotal-MemAvailable fallback,0,19448504,13789,4,,
2215.114,31464.0,74603708,WSL MemTotal-MemAvailable fallback,0,19448504,13789,4,,
2216.147,31464.0,74604836,WSL MemTotal-MemAvailable fallback,0,19448504,13789,4,,
2217.179,31464.0,74605052,WSL MemTotal-MemAvailable fallback,0,19448504,13789,4,,
2218.211,31464.0,74606240,WSL MemTotal-MemAvailable fallback,0,19448504,13789,4,,
2219.242,31464.0,74599620,WSL MemTotal-MemAvailable fallback,0,19448504,13789,4,,
2220.285,31465.0,74596044,WSL MemTotal-MemAvailable fallback,0,19448504,13789,4,,
2221.315,31465.0,74596268,WSL MemTotal-MemAvailable fallback,0,19448504,13789,4,,
2222.349,31465.0,74598376,WSL MemTotal-MemAvailable fallback,0,19448504,13789,4,,
2223.382,31465.0,74599152,WSL MemTotal-MemAvailable fallback,0,19448504,13789,4,,
2224.417,31465.0,74609856,WSL MemTotal-MemAvailable fallback,0,19448504,13789,4,,
2225.448,31465.0,74607644,WSL MemTotal-MemAvailable fallback,0,19448504,13789,4,,
2226.479,31462.0,74610128,WSL MemTotal-MemAvailable fallback,0,19448504,13789,4,,
2227.511,31458.0,74614272,WSL MemTotal-MemAvailable fallback,0,19448504,13789,4,,
2228.545,31465.0,74603936,WSL MemTotal-MemAvailable fallback,0,19448504,13789,4,,
2229.578,31465.0,74601992,WSL MemTotal-MemAvailable fallback,0,19448504,13789,4,,
2230.61,31465.0,74617252,WSL MemTotal-MemAvailable fallback,0,19448504,13789,4,,
2231.646,31465.0,74622836,WSL MemTotal-MemAvailable fallback,0,19448504,13789,4,,
2232.677,31465.0,74619888,WSL MemTotal-MemAvailable fallback,0,19448504,13789,4,,
2233.723,31465.0,74624704,WSL MemTotal-MemAvailable fallback,0,19448504,13789,4,,
2234.754,31464.0,74614752,WSL MemTotal-MemAvailable fallback,0,19448504,13789,4,,
2235.783,31464.0,74631132,WSL MemTotal-MemAvailable fallback,0,19448504,13789,4,,
2236.812,31465.0,74630784,WSL MemTotal-MemAvailable fallback,0,19448504,13789,4,,
2237.841,31465.0,74634132,WSL MemTotal-MemAvailable fallback,0,19448504,13789,4,,
2238.873,31465.0,74630368,WSL MemTotal-MemAvailable fallback,0,19448504,13789,4,,
2239.907,31465.0,74617192,WSL MemTotal-MemAvailable fallback,0,19448504,13789,4,,
2240.943,31465.0,74612480,WSL MemTotal-MemAvailable fallback,0,19448504,13789,4,,
2241.978,31466.0,74615680,WSL MemTotal-MemAvailable fallback,0,19448505,13789,4,,
2243.013,31466.0,74612152,WSL MemTotal-MemAvailable fallback,0,19448505,13789,4,,
2244.044,31466.0,74605696,WSL MemTotal-MemAvailable fallback,0,19448505,13789,4,,
2245.075,31466.0,74620088,WSL MemTotal-MemAvailable fallback,0,19448505,13789,4,,
2246.107,31466.0,74604216,WSL MemTotal-MemAvailable fallback,0,19448505,13789,4,,
2247.144,31466.0,74594712,WSL MemTotal-MemAvailable fallback,0,19448505,13789,4,,
2248.179,31466.0,74596760,WSL MemTotal-MemAvailable fallback,0,19448505,13789,4,,
2249.209,31466.0,74598480,WSL MemTotal-MemAvailable fallback,0,19448505,13789,4,,
2250.248,31466.0,74589564,WSL MemTotal-MemAvailable fallback,0,19448505,13789,4,,
2251.281,31466.0,74591040,WSL MemTotal-MemAvailable fallback,0,19448505,13789,4,,
2252.312,31467.0,74583160,WSL MemTotal-MemAvailable fallback,0,19448505,13789,4,,
2253.344,31467.0,74582000,WSL MemTotal-MemAvailable fallback,0,19448505,13789,4,,
2254.379,31467.0,74586536,WSL MemTotal-MemAvailable fallback,0,19448505,13789,4,,
2255.425,31467.0,74587368,WSL MemTotal-MemAvailable fallback,0,19448505,13789,4,,
2256.457,31467.0,74588304,WSL MemTotal-MemAvailable fallback,0,19448505,13789,4,,
2257.488,31467.0,74584884,WSL MemTotal-MemAvailable fallback,0,19448505,13789,4,,
2258.521,31467.0,74582396,WSL MemTotal-MemAvailable fallback,0,19448505,13789,4,,
2259.552,31467.0,74587100,WSL MemTotal-MemAvailable fallback,0,19448505,13789,4,,
2260.584,31467.0,74587120,WSL MemTotal-MemAvailable fallback,0,19448505,13789,4,,
2261.619,31467.0,74585536,WSL MemTotal-MemAvailable fallback,0,19448505,13789,4,,
2262.657,31467.0,74574884,WSL MemTotal-MemAvailable fallback,0,19448505,13789,4,,
2263.703,31467.0,74580232,WSL MemTotal-MemAvailable fallback,0,19448505,13789,4,,
2264.744,31467.0,74578892,WSL MemTotal-MemAvailable fallback,0,19448505,13789,4,,
2265.787,31467.0,74579052,WSL MemTotal-MemAvailable fallback,0,19448505,13789,4,,
2266.817,31467.0,74583008,WSL MemTotal-MemAvailable fallback,0,19448505,13789,4,,
2267.848,31468.0,74590916,WSL MemTotal-MemAvailable fallback,0,19448505,13789,4,,
2268.878,31467.0,74580332,WSL MemTotal-MemAvailable fallback,0,19448505,13789,4,,
2269.914,31467.0,74580528,WSL MemTotal-MemAvailable fallback,0,19448505,13789,4,,
2270.95,31467.0,74585172,WSL MemTotal-MemAvailable fallback,0,19448505,13789,4,,
2271.987,31467.0,74584932,WSL MemTotal-MemAvailable fallback,0,19448505,13789,4,,
2273.023,31467.0,74580128,WSL MemTotal-MemAvailable fallback,0,19448505,13789,4,,
2274.055,31467.0,74582724,WSL MemTotal-MemAvailable fallback,0,19448505,13789,4,,
2275.086,31467.0,74593508,WSL MemTotal-MemAvailable fallback,0,19448505,13789,4,,
2276.117,31467.0,74596368,WSL MemTotal-MemAvailable fallback,0,19448505,13789,4,,
2277.149,31467.0,74593632,WSL MemTotal-MemAvailable fallback,0,19448505,13789,4,,
2278.179,31467.0,74608536,WSL MemTotal-MemAvailable fallback,0,19448505,13789,4,,
2279.211,31467.0,74595180,WSL MemTotal-MemAvailable fallback,0,19448505,13789,4,,
2280.252,31467.0,74589080,WSL MemTotal-MemAvailable fallback,0,19448505,13789,4,,
2281.283,31467.0,74584432,WSL MemTotal-MemAvailable fallback,0,19448506,13789,4,,
2282.315,31467.0,74590124,WSL MemTotal-MemAvailable fallback,0,19448506,13789,4,,
2283.346,31467.0,74595092,WSL MemTotal-MemAvailable fallback,0,19448506,13789,4,,
2284.378,31467.0,74596384,WSL MemTotal-MemAvailable fallback,0,19448506,13789,4,,
2285.411,31467.0,74597132,WSL MemTotal-MemAvailable fallback,0,19448506,13789,4,,
2286.444,31462.0,74594972,WSL MemTotal-MemAvailable fallback,0,19448506,13789,4,,
2287.482,31462.0,74598516,WSL MemTotal-MemAvailable fallback,0,19448506,13789,4,,
2288.515,31467.0,74596576,WSL MemTotal-MemAvailable fallback,0,19448506,13789,4,,
2289.549,31467.0,74596716,WSL MemTotal-MemAvailable fallback,0,19448506,13789,4,,
2290.582,31466.0,74604216,WSL MemTotal-MemAvailable fallback,0,19448506,13789,4,,
2291.614,31466.0,74590312,WSL MemTotal-MemAvailable fallback,0,19448506,13789,4,,
2292.649,31466.0,74591000,WSL MemTotal-MemAvailable fallback,0,19448506,13789,4,,
2293.693,31466.0,74586484,WSL MemTotal-MemAvailable fallback,0,19448507,13789,4,,
2294.729,31466.0,74589648,WSL MemTotal-MemAvailable fallback,0,19448507,13789,4,,
2295.765,31466.0,74591860,WSL MemTotal-MemAvailable fallback,0,19448507,13789,4,,
2296.801,31467.0,74594948,WSL MemTotal-MemAvailable fallback,0,19448507,13789,4,,
2297.836,31467.0,74592660,WSL MemTotal-MemAvailable fallback,0,19448507,13789,4,,
2298.873,31468.0,74600076,WSL MemTotal-MemAvailable fallback,0,19448507,13789,4,,
2299.906,31468.0,74587840,WSL MemTotal-MemAvailable fallback,0,19448507,13789,4,,
2300.941,31468.0,74588592,WSL MemTotal-MemAvailable fallback,0,19448507,13789,4,,
2301.975,31468.0,74582920,WSL MemTotal-MemAvailable fallback,0,19448507,13789,4,,
2303.01,31468.0,74584740,WSL MemTotal-MemAvailable fallback,0,19448507,13789,4,,
2304.041,31468.0,74580992,WSL MemTotal-MemAvailable fallback,0,19448507,13789,4,,
2305.072,31468.0,74578700,WSL MemTotal-MemAvailable fallback,0,19448507,13789,4,,
2306.108,31468.0,74580052,WSL MemTotal-MemAvailable fallback,0,19448507,13789,4,,
2307.139,31468.0,74579428,WSL MemTotal-MemAvailable fallback,0,19448507,13789,4,,
2308.171,31468.0,74580772,WSL MemTotal-MemAvailable fallback,0,19448507,13789,4,,
2309.201,31468.0,74581732,WSL MemTotal-MemAvailable fallback,0,19448507,13789,4,,
2310.245,31468.0,74575396,WSL MemTotal-MemAvailable fallback,0,19448507,13789,4,,
2311.275,31468.0,74577752,WSL MemTotal-MemAvailable fallback,0,19448507,13789,4,,
2312.308,31469.0,74573444,WSL MemTotal-MemAvailable fallback,0,19448507,13789,4,,
2313.338,31469.0,74580368,WSL MemTotal-MemAvailable fallback,0,19448507,13789,4,,
2314.369,31469.0,74586924,WSL MemTotal-MemAvailable fallback,0,19448507,13789,4,,
2315.401,31469.0,74582860,WSL MemTotal-MemAvailable fallback,0,19448507,13789,4,,
2316.432,31469.0,74581756,WSL MemTotal-MemAvailable fallback,0,19448507,13789,4,,
2317.464,31469.0,74579416,WSL MemTotal-MemAvailable fallback,0,19448507,13789,4,,
2318.496,31469.0,74576864,WSL MemTotal-MemAvailable fallback,0,19448507,13789,4,,
2319.53,31468.0,74574752,WSL MemTotal-MemAvailable fallback,0,19448507,13789,4,,
2320.563,31469.0,74574752,WSL MemTotal-MemAvailable fallback,0,19448507,13789,4,,
2321.596,31480.0,74576428,WSL MemTotal-MemAvailable fallback,0,19448507,13789,4,,
2322.629,31480.0,74575988,WSL MemTotal-MemAvailable fallback,0,19448507,13789,4,,
2323.674,31480.0,74570696,WSL MemTotal-MemAvailable fallback,0,19448507,13789,4,,
2324.709,31480.0,74571128,WSL MemTotal-MemAvailable fallback,0,19448507,13789,4,,
2325.743,31480.0,74573076,WSL MemTotal-MemAvailable fallback,0,19448507,13789,4,,
2326.775,31469.0,74570160,WSL MemTotal-MemAvailable fallback,0,19448507,13789,4,,
2327.811,31468.0,74566544,WSL MemTotal-MemAvailable fallback,0,19448507,13789,4,,
2328.843,31469.0,74564472,WSL MemTotal-MemAvailable fallback,0,19448507,13789,4,,
2329.884,31469.0,74565492,WSL MemTotal-MemAvailable fallback,0,19448507,13789,4,,
2330.92,31469.0,74564744,WSL MemTotal-MemAvailable fallback,0,19448507,13789,4,,
2331.961,31469.0,74558516,WSL MemTotal-MemAvailable fallback,0,19448507,13789,4,,
2332.995,31469.0,74563996,WSL MemTotal-MemAvailable fallback,0,19448507,13789,4,,
2334.027,31469.0,74563316,WSL MemTotal-MemAvailable fallback,0,19448507,13789,4,,
2335.058,31469.0,74563044,WSL MemTotal-MemAvailable fallback,0,19448507,13789,4,,
2336.089,31469.0,74564528,WSL MemTotal-MemAvailable fallback,0,19448507,13789,4,,
2337.12,31469.0,74566400,WSL MemTotal-MemAvailable fallback,0,19448507,13789,4,,
2338.153,31469.0,74566704,WSL MemTotal-MemAvailable fallback,0,19448507,13789,4,,
2339.188,31469.0,74566908,WSL MemTotal-MemAvailable fallback,0,19448507,13789,4,,
2340.229,31469.0,74568756,WSL MemTotal-MemAvailable fallback,0,19448507,13789,4,,
2341.259,31469.0,74570236,WSL MemTotal-MemAvailable fallback,0,19448507,13789,4,,
2342.29,31469.0,74575204,WSL MemTotal-MemAvailable fallback,0,19448507,13789,4,,
2343.321,31469.0,74575840,WSL MemTotal-MemAvailable fallback,0,19448507,13789,4,,
2344.352,31589.0,74567372,WSL MemTotal-MemAvailable fallback,0,19448507,13789,4,,
2345.383,31626.0,74566324,WSL MemTotal-MemAvailable fallback,0,19448507,13789,4,,
2346.413,31623.0,74570244,WSL MemTotal-MemAvailable fallback,0,19448507,13789,4,,
2347.444,31616.0,74572520,WSL MemTotal-MemAvailable fallback,0,19448507,13789,4,,
2348.474,31614.0,74572116,WSL MemTotal-MemAvailable fallback,0,19448507,13789,4,,
2349.506,31614.0,74570152,WSL MemTotal-MemAvailable fallback,0,19448507,13789,4,,
2350.536,31668.0,74574520,WSL MemTotal-MemAvailable fallback,0,19448507,13789,4,,
2351.566,31625.0,74578592,WSL MemTotal-MemAvailable fallback,0,19448507,13789,4,,
2352.598,31625.0,74577464,WSL MemTotal-MemAvailable fallback,0,19448507,13789,4,,
2353.637,31624.0,74574652,WSL MemTotal-MemAvailable fallback,0,19448507,13789,4,,
2354.67,31641.0,74570872,WSL MemTotal-MemAvailable fallback,0,19448507,13789,4,,
2355.704,31641.0,74586916,WSL MemTotal-MemAvailable fallback,0,19448507,13789,4,,
2356.735,31604.0,74589200,WSL MemTotal-MemAvailable fallback,0,19448507,13789,4,,
2357.769,31482.0,74588792,WSL MemTotal-MemAvailable fallback,0,19448507,13789,4,,
2358.8,31482.0,74587216,WSL MemTotal-MemAvailable fallback,0,19448507,13789,4,,
2359.84,31465.0,74590556,WSL MemTotal-MemAvailable fallback,0,19448507,13789,4,,
2360.875,31466.0,74584024,WSL MemTotal-MemAvailable fallback,0,19448507,13789,4,,
2361.915,31466.0,74582728,WSL MemTotal-MemAvailable fallback,0,19448508,13789,4,,
2362.957,31466.0,74584048,WSL MemTotal-MemAvailable fallback,0,19448508,13789,4,,
2363.989,31466.0,74560356,WSL MemTotal-MemAvailable fallback,0,19448508,13789,4,,
2365.02,31465.0,74559308,WSL MemTotal-MemAvailable fallback,0,19448508,13789,4,,
2366.051,31466.0,74562808,WSL MemTotal-MemAvailable fallback,0,19448508,13789,4,,
2367.082,31466.0,74565936,WSL MemTotal-MemAvailable fallback,0,19448508,13789,4,,
2368.117,31466.0,74569200,WSL MemTotal-MemAvailable fallback,0,19448508,13789,4,,
2369.149,31466.0,74570372,WSL MemTotal-MemAvailable fallback,0,19448508,13789,4,,
2370.191,31466.0,74566508,WSL MemTotal-MemAvailable fallback,0,19448508,13789,4,,
2371.222,31465.0,74563860,WSL MemTotal-MemAvailable fallback,0,19448509,13789,4,,
2372.254,31466.0,74567724,WSL MemTotal-MemAvailable fallback,0,19448509,13789,4,,
2373.286,31466.0,74559116,WSL MemTotal-MemAvailable fallback,0,19448509,13789,4,,
2374.317,31466.0,74561412,WSL MemTotal-MemAvailable fallback,0,19448509,13789,4,,
2375.35,31466.0,74561584,WSL MemTotal-MemAvailable fallback,0,19448509,13789,4,,
2376.382,31466.0,74569280,WSL MemTotal-MemAvailable fallback,0,19448509,13789,4,,
2377.414,31466.0,74565536,WSL MemTotal-MemAvailable fallback,0,19448509,13789,4,,
2378.446,31466.0,74563636,WSL MemTotal-MemAvailable fallback,0,19448509,13789,4,,
2379.479,31466.0,74561720,WSL MemTotal-MemAvailable fallback,0,19448509,13789,4,,
2380.512,31472.0,74566956,WSL MemTotal-MemAvailable fallback,0,19448509,13789,4,,
2381.545,31473.0,74565212,WSL MemTotal-MemAvailable fallback,0,19448509,13789,4,,
2382.578,31479.0,74563164,WSL MemTotal-MemAvailable fallback,0,19448509,13789,4,,
2383.621,31479.0,74560000,WSL MemTotal-MemAvailable fallback,0,19448510,13789,4,,
2384.657,31479.0,74558764,WSL MemTotal-MemAvailable fallback,0,19448510,13789,4,,
2385.698,31479.0,74563612,WSL MemTotal-MemAvailable fallback,0,19448510,13789,4,,
2386.728,31472.0,74570980,WSL MemTotal-MemAvailable fallback,0,19448510,13789,4,,
2387.759,31472.0,74565868,WSL MemTotal-MemAvailable fallback,0,19448510,13789,4,,
2388.79,31472.0,74567376,WSL MemTotal-MemAvailable fallback,0,19448510,13789,4,,
2389.831,31472.0,74579280,WSL MemTotal-MemAvailable fallback,0,19448510,13789,4,,
2390.866,31472.0,74583632,WSL MemTotal-MemAvailable fallback,0,19448510,13789,4,,
2391.902,31472.0,74586472,WSL MemTotal-MemAvailable fallback,0,19448511,13789,4,,
2392.937,31471.0,74582036,WSL MemTotal-MemAvailable fallback,0,19448511,13789,4,,
2393.968,31471.0,74572344,WSL MemTotal-MemAvailable fallback,0,19448511,13789,4,,
2394.999,31471.0,74569668,WSL MemTotal-MemAvailable fallback,0,19448511,13789,4,,
2396.032,31466.0,74571368,WSL MemTotal-MemAvailable fallback,0,19448511,13789,4,,
2397.064,31466.0,74572792,WSL MemTotal-MemAvailable fallback,0,19448511,13789,4,,
2398.097,31470.0,74569624,WSL MemTotal-MemAvailable fallback,0,19448511,13789,4,,
2399.128,31470.0,74569288,WSL MemTotal-MemAvailable fallback,0,19448512,13789,4,,
2400.165,31470.0,74565020,WSL MemTotal-MemAvailable fallback,0,19448512,13789,4,,
2401.196,31471.0,74565564,WSL MemTotal-MemAvailable fallback,0,19448512,13789,4,,
2402.226,31471.0,74571500,WSL MemTotal-MemAvailable fallback,0,19448512,13789,4,,
2403.257,31471.0,74577412,WSL MemTotal-MemAvailable fallback,0,19448512,13789,4,,
2404.289,31471.0,74578560,WSL MemTotal-MemAvailable fallback,0,19448512,13789,4,,
2405.321,31470.0,74574036,WSL MemTotal-MemAvailable fallback,0,19448512,13789,4,,
2406.354,31471.0,74570732,WSL MemTotal-MemAvailable fallback,0,19448512,13789,4,,
2407.385,31471.0,74569684,WSL MemTotal-MemAvailable fallback,0,19448512,13789,4,,
2408.419,31471.0,74566872,WSL MemTotal-MemAvailable fallback,0,19448512,13789,4,,
2409.451,31471.0,74572108,WSL MemTotal-MemAvailable fallback,0,19448512,13789,4,,
2410.481,31471.0,74574972,WSL MemTotal-MemAvailable fallback,0,19448512,13789,4,,
2411.513,31471.0,74565332,WSL MemTotal-MemAvailable fallback,0,19448512,13789,4,,
2412.545,31471.0,74568300,WSL MemTotal-MemAvailable fallback,0,19448512,13789,4,,
2413.587,31471.0,74571324,WSL MemTotal-MemAvailable fallback,0,19448512,13789,4,,
2414.619,31471.0,74572956,WSL MemTotal-MemAvailable fallback,0,19448512,13789,4,,
2415.662,31471.0,74586236,WSL MemTotal-MemAvailable fallback,0,19448512,13789,4,,
2416.694,31471.0,74576408,WSL MemTotal-MemAvailable fallback,0,19448512,13789,4,,
2417.726,31471.0,74578324,WSL MemTotal-MemAvailable fallback,0,19448512,13789,4,,
2418.762,31471.0,74581732,WSL MemTotal-MemAvailable fallback,0,19448512,13789,4,,
2419.802,31471.0,74574064,WSL MemTotal-MemAvailable fallback,0,19448512,13789,4,,
2420.838,31471.0,74573952,WSL MemTotal-MemAvailable fallback,0,19448512,13789,4,,
2421.877,31471.0,74576748,WSL MemTotal-MemAvailable fallback,0,19448512,13789,4,,
2422.918,31471.0,74579480,WSL MemTotal-MemAvailable fallback,0,19448512,13789,4,,
2423.951,31471.0,74582992,WSL MemTotal-MemAvailable fallback,0,19448512,13789,4,,
2424.989,31471.0,74583092,WSL MemTotal-MemAvailable fallback,0,19448512,13789,4,,
2426.021,31471.0,74587468,WSL MemTotal-MemAvailable fallback,0,19448512,13789,4,,
2427.055,31471.0,74582712,WSL MemTotal-MemAvailable fallback,0,19448512,13789,4,,
2428.09,31471.0,74582640,WSL MemTotal-MemAvailable fallback,0,19448512,13789,4,,
2429.135,31471.0,74576880,WSL MemTotal-MemAvailable fallback,0,19448512,13789,4,,
2430.178,31471.0,74578296,WSL MemTotal-MemAvailable fallback,0,19448512,13789,4,,
2431.207,31471.0,74581232,WSL MemTotal-MemAvailable fallback,0,19448512,13789,4,,
2432.238,31472.0,74582672,WSL MemTotal-MemAvailable fallback,0,19448512,13789,4,,
2433.268,31472.0,74579212,WSL MemTotal-MemAvailable fallback,0,19448512,13789,4,,
2434.298,31472.0,74573924,WSL MemTotal-MemAvailable fallback,0,19448512,13789,4,,
2435.329,31472.0,74578436,WSL MemTotal-MemAvailable fallback,0,19448512,13789,4,,
2436.36,31472.0,74578864,WSL MemTotal-MemAvailable fallback,0,19448512,13789,4,,
2437.394,31472.0,74582552,WSL MemTotal-MemAvailable fallback,0,19448512,13789,4,,
2438.425,31472.0,74579056,WSL MemTotal-MemAvailable fallback,0,19448512,13789,4,,
2439.456,31472.0,74574376,WSL MemTotal-MemAvailable fallback,0,19448512,13789,4,,
2440.486,31478.0,74574688,WSL MemTotal-MemAvailable fallback,0,19448512,13789,4,,
2441.517,31478.0,74574184,WSL MemTotal-MemAvailable fallback,0,19448512,13789,4,,
2442.548,31478.0,74571532,WSL MemTotal-MemAvailable fallback,0,19448512,13789,4,,
2443.59,31478.0,74572472,WSL MemTotal-MemAvailable fallback,0,19448512,13789,4,,
2444.621,31478.0,74564140,WSL MemTotal-MemAvailable fallback,0,19448512,13789,4,,
2445.661,31478.0,74561500,WSL MemTotal-MemAvailable fallback,0,19448512,13789,4,,
2446.694,31472.0,74564436,WSL MemTotal-MemAvailable fallback,0,19448512,13789,4,,
2447.726,31472.0,74567964,WSL MemTotal-MemAvailable fallback,0,19448512,13789,4,,
2448.756,31472.0,74572956,WSL MemTotal-MemAvailable fallback,0,19448512,13789,4,,
2449.793,31472.0,74570468,WSL MemTotal-MemAvailable fallback,0,19448512,13789,4,,
2450.828,31472.0,74575948,WSL MemTotal-MemAvailable fallback,0,19448512,13789,4,,
2451.867,31472.0,74579096,WSL MemTotal-MemAvailable fallback,0,19448512,13789,4,,
2452.902,31472.0,74579992,WSL MemTotal-MemAvailable fallback,0,19448512,13789,4,,
2453.934,31472.0,74574872,WSL MemTotal-MemAvailable fallback,0,19448512,13789,4,,
2454.97,31469.0,74588852,WSL MemTotal-MemAvailable fallback,0,19448512,13789,4,,
2456.003,31466.0,74573984,WSL MemTotal-MemAvailable fallback,0,19448512,13789,4,,
2457.036,31465.0,74563892,WSL MemTotal-MemAvailable fallback,0,19448512,13789,4,,
2458.069,31472.0,74568288,WSL MemTotal-MemAvailable fallback,0,19448512,13789,4,,
2459.101,31472.0,74568232,WSL MemTotal-MemAvailable fallback,0,19448512,13789,4,,
2460.144,31473.0,74564664,WSL MemTotal-MemAvailable fallback,0,19448512,13789,4,,
2461.177,31473.0,74568032,WSL MemTotal-MemAvailable fallback,0,19448512,13789,4,,
2462.208,31473.0,74569356,WSL MemTotal-MemAvailable fallback,0,19448512,13789,4,,
2463.238,31473.0,74569448,WSL MemTotal-MemAvailable fallback,0,19448512,13789,4,,
2464.268,31473.0,74575748,WSL MemTotal-MemAvailable fallback,0,19448512,13789,4,,
2465.307,31473.0,74573080,WSL MemTotal-MemAvailable fallback,0,19448512,13789,4,,
2466.338,31473.0,74578520,WSL MemTotal-MemAvailable fallback,0,19448512,13789,4,,
2467.37,31473.0,74577840,WSL MemTotal-MemAvailable fallback,0,19448512,13789,4,,
2468.402,31473.0,74578052,WSL MemTotal-MemAvailable fallback,0,19448512,13789,4,,
2469.432,31473.0,74579340,WSL MemTotal-MemAvailable fallback,0,19448512,13789,4,,
2470.465,31473.0,74575008,WSL MemTotal-MemAvailable fallback,0,19448512,13789,4,,
2471.497,31473.0,74572592,WSL MemTotal-MemAvailable fallback,0,19448512,13789,4,,
2472.528,31476.0,74577048,WSL MemTotal-MemAvailable fallback,0,19448512,13789,4,,
2473.57,31475.0,74569500,WSL MemTotal-MemAvailable fallback,0,19448512,13789,4,,
2474.602,31475.0,74571964,WSL MemTotal-MemAvailable fallback,0,19448512,13789,4,,
2475.641,31475.0,74570932,WSL MemTotal-MemAvailable fallback,0,19448512,13789,4,,
2476.672,31475.0,74578656,WSL MemTotal-MemAvailable fallback,0,19448512,13789,4,,
2477.703,31475.0,74564636,WSL MemTotal-MemAvailable fallback,0,19448512,13789,4,,
2478.733,31475.0,74575076,WSL MemTotal-MemAvailable fallback,0,19448512,13789,4,,
2479.769,31475.0,74580636,WSL MemTotal-MemAvailable fallback,0,19448512,13789,4,,
2480.804,31475.0,74577364,WSL MemTotal-MemAvailable fallback,0,19448512,13789,4,,
2481.839,31475.0,74578212,WSL MemTotal-MemAvailable fallback,0,19448512,13789,4,,
2482.878,31475.0,74576168,WSL MemTotal-MemAvailable fallback,0,19448512,13789,4,,
2483.909,31475.0,74578392,WSL MemTotal-MemAvailable fallback,0,19448512,13789,4,,
2484.942,31475.0,74577180,WSL MemTotal-MemAvailable fallback,0,19448512,13789,4,,
2485.975,31475.0,74589568,WSL MemTotal-MemAvailable fallback,0,19448512,13789,4,,
2487.006,31475.0,74583412,WSL MemTotal-MemAvailable fallback,0,19448512,13789,4,,
2488.037,31475.0,74579628,WSL MemTotal-MemAvailable fallback,0,19448512,13789,4,,
2489.076,31475.0,74581480,WSL MemTotal-MemAvailable fallback,0,19448512,13789,4,,
2490.116,31475.0,74579680,WSL MemTotal-MemAvailable fallback,0,19448512,13789,4,,
2490.91,31475.0,74587020,WSL MemTotal-MemAvailable fallback,0,19448512,13789,4,,
