elapsed_s,gpu_memory_mib,wsl_rss_kib,wsl_rss_source,wsl_swap_kib,minor_faults,major_faults,fault_processes,pcie_rx_mib_s,pcie_tx_mib_s
1.664,30438.0,73673088,WSL MemTotal-MemAvailable fallback,0,18938039,1628,4,,
2.716,30437.0,73907472,WSL MemTotal-MemAvailable fallback,0,19008942,1630,4,,
3.755,30437.0,73893352,WSL MemTotal-MemAvailable fallback,0,19008942,1630,4,,
4.787,30437.0,73899988,WSL MemTotal-MemAvailable fallback,0,19008942,1630,4,,
5.824,30437.0,73893500,WSL MemTotal-MemAvailable fallback,0,19008942,1630,4,,
6.861,30437.0,73893108,WSL MemTotal-MemAvailable fallback,0,19008942,1630,4,,
7.901,30438.0,73897016,WSL MemTotal-MemAvailable fallback,0,19008942,1630,4,,
8.942,30438.0,73893936,WSL MemTotal-MemAvailable fallback,0,19008942,1630,4,,
9.983,30438.0,73899584,WSL MemTotal-MemAvailable fallback,0,19008942,1630,4,,
11.024,30438.0,73872796,WSL MemTotal-MemAvailable fallback,0,19008942,1630,4,,
12.063,30438.0,73894376,WSL MemTotal-MemAvailable fallback,0,19008942,1630,4,,
13.095,30438.0,73881444,WSL MemTotal-MemAvailable fallback,0,19008942,1630,4,,
14.131,30438.0,73858932,WSL MemTotal-MemAvailable fallback,0,19008942,1630,4,,
15.167,30438.0,73878908,WSL MemTotal-MemAvailable fallback,0,19008942,1630,4,,
16.207,30438.0,73877356,WSL MemTotal-MemAvailable fallback,0,19008942,1630,4,,
17.247,30438.0,73889580,WSL MemTotal-MemAvailable fallback,0,19008942,1630,4,,
18.281,30438.0,73893996,WSL MemTotal-MemAvailable fallback,0,19008942,1630,4,,
19.32,30438.0,73787184,WSL MemTotal-MemAvailable fallback,0,19008942,1630,4,,
20.362,30438.0,73786208,WSL MemTotal-MemAvailable fallback,0,19008942,1630,4,,
21.402,30438.0,73805000,WSL MemTotal-MemAvailable fallback,0,19008942,1630,4,,
22.443,30438.0,73802180,WSL MemTotal-MemAvailable fallback,0,19008942,1630,4,,
23.483,30438.0,73794840,WSL MemTotal-MemAvailable fallback,0,19008942,1630,4,,
24.523,30438.0,73772212,WSL MemTotal-MemAvailable fallback,0,19008942,1630,4,,
25.557,30438.0,73793092,WSL MemTotal-MemAvailable fallback,0,19008942,1630,4,,
26.594,30438.0,73788672,WSL MemTotal-MemAvailable fallback,0,19008942,1630,4,,
27.63,30438.0,73801292,WSL MemTotal-MemAvailable fallback,0,19008942,1630,4,,
28.677,30438.0,73798768,WSL MemTotal-MemAvailable fallback,0,19008942,1630,4,,
29.711,30438.0,73786660,WSL MemTotal-MemAvailable fallback,0,19008942,1630,4,,
30.746,30438.0,73788180,WSL MemTotal-MemAvailable fallback,0,19008942,1630,4,,
31.788,30438.0,73798860,WSL MemTotal-MemAvailable fallback,0,19008942,1630,4,,
32.825,30438.0,73795040,WSL MemTotal-MemAvailable fallback,0,19008942,1630,4,,
33.86,30438.0,73784520,WSL MemTotal-MemAvailable fallback,0,19008942,1630,4,,
34.894,30438.0,73798468,WSL MemTotal-MemAvailable fallback,0,19008942,1630,4,,
35.935,30438.0,73796212,WSL MemTotal-MemAvailable fallback,0,19008942,1630,4,,
36.969,30438.0,73808020,WSL MemTotal-MemAvailable fallback,0,19008942,1630,4,,
38.007,30438.0,73801640,WSL MemTotal-MemAvailable fallback,0,19008942,1630,4,,
39.042,30438.0,73801548,WSL MemTotal-MemAvailable fallback,0,19008942,1630,4,,
40.075,30438.0,73799400,WSL MemTotal-MemAvailable fallback,0,19008942,1630,4,,
41.108,30437.0,73805324,WSL MemTotal-MemAvailable fallback,0,19008942,1630,4,,
42.143,30437.0,73786432,WSL MemTotal-MemAvailable fallback,0,19008942,1630,4,,
43.181,30437.0,73796940,WSL MemTotal-MemAvailable fallback,0,19008942,1630,4,,
44.219,30437.0,73781756,WSL MemTotal-MemAvailable fallback,0,19008942,1630,4,,
45.263,30438.0,73790980,WSL MemTotal-MemAvailable fallback,0,19008942,1630,4,,
46.298,30438.0,73788992,WSL MemTotal-MemAvailable fallback,0,19008942,1630,4,,
47.334,30437.0,73792920,WSL MemTotal-MemAvailable fallback,0,19008942,1630,4,,
48.37,30437.0,73791420,WSL MemTotal-MemAvailable fallback,0,19008942,1630,4,,
49.406,30437.0,73790704,WSL MemTotal-MemAvailable fallback,0,19008942,1630,4,,
50.442,30437.0,73795020,WSL MemTotal-MemAvailable fallback,0,19008942,1630,4,,
51.477,30437.0,73787300,WSL MemTotal-MemAvailable fallback,0,19008942,1630,4,,
52.522,30437.0,73788852,WSL MemTotal-MemAvailable fallback,0,19008942,1630,4,,
53.559,30437.0,73783820,WSL MemTotal-MemAvailable fallback,0,19008942,1630,4,,
54.594,30437.0,73785440,WSL MemTotal-MemAvailable fallback,0,19008942,1630,4,,
55.63,30437.0,73792852,WSL MemTotal-MemAvailable fallback,0,19008942,1630,4,,
56.664,30437.0,73796340,WSL MemTotal-MemAvailable fallback,0,19008942,1630,4,,
57.699,30437.0,73792544,WSL MemTotal-MemAvailable fallback,0,19008942,1630,4,,
58.734,30437.0,73791380,WSL MemTotal-MemAvailable fallback,0,19008942,1630,4,,
59.769,30437.0,73785784,WSL MemTotal-MemAvailable fallback,0,19008942,1630,4,,
60.807,30437.0,73783380,WSL MemTotal-MemAvailable fallback,0,19008942,1630,4,,
61.844,30437.0,73782560,WSL MemTotal-MemAvailable fallback,0,19008942,1630,4,,
62.881,30437.0,73785420,WSL MemTotal-MemAvailable fallback,0,19008942,1630,4,,
63.915,30437.0,73789744,WSL MemTotal-MemAvailable fallback,0,19008942,1630,4,,
64.953,30437.0,73783816,WSL MemTotal-MemAvailable fallback,0,19008942,1630,4,,
65.99,30437.0,73790628,WSL MemTotal-MemAvailable fallback,0,19008942,1630,4,,
67.026,30437.0,73813464,WSL MemTotal-MemAvailable fallback,0,19008942,1630,4,,
68.064,30437.0,73816656,WSL MemTotal-MemAvailable fallback,0,19008942,1630,4,,
69.1,30437.0,73802872,WSL MemTotal-MemAvailable fallback,0,19008942,1630,4,,
70.135,30437.0,73819404,WSL MemTotal-MemAvailable fallback,0,19008942,1630,4,,
71.17,30437.0,73793864,WSL MemTotal-MemAvailable fallback,0,19008942,1630,4,,
72.215,30437.0,73804468,WSL MemTotal-MemAvailable fallback,0,19008942,1630,4,,
73.25,30437.0,73829440,WSL MemTotal-MemAvailable fallback,0,19008942,1630,4,,
74.287,30437.0,73806492,WSL MemTotal-MemAvailable fallback,0,19008942,1630,4,,
75.321,30437.0,73825256,WSL MemTotal-MemAvailable fallback,0,19008942,1630,4,,
76.359,30437.0,73801740,WSL MemTotal-MemAvailable fallback,0,19008942,1630,4,,
77.396,30437.0,73890052,WSL MemTotal-MemAvailable fallback,0,19008942,1630,4,,
78.431,30437.0,73857828,WSL MemTotal-MemAvailable fallback,0,19008942,1630,4,,
79.466,30437.0,73818136,WSL MemTotal-MemAvailable fallback,0,19008942,1630,4,,
80.502,30437.0,73840248,WSL MemTotal-MemAvailable fallback,0,19008942,1630,4,,
81.536,30437.0,74127808,WSL MemTotal-MemAvailable fallback,0,19008942,1630,4,,
82.571,30437.0,74176520,WSL MemTotal-MemAvailable fallback,0,19008942,1630,4,,
83.61,30437.0,74275476,WSL MemTotal-MemAvailable fallback,0,19008942,1630,4,,
84.645,30437.0,74359204,WSL MemTotal-MemAvailable fallback,0,19008947,1630,4,,
85.68,30437.0,74381456,WSL MemTotal-MemAvailable fallback,0,19008947,1630,4,,
86.729,31053.0,74703652,WSL MemTotal-MemAvailable fallback,0,19008947,1630,4,,
87.775,31083.0,75014672,WSL MemTotal-MemAvailable fallback,0,19008947,1630,4,,
88.817,31085.0,75222680,WSL MemTotal-MemAvailable fallback,0,19008947,1630,4,,
89.857,31893.0,75435744,WSL MemTotal-MemAvailable fallback,0,19008947,1630,4,,
90.896,31893.0,75491284,WSL MemTotal-MemAvailable fallback,0,19008947,1630,4,,
91.93,31899.0,75615472,WSL MemTotal-MemAvailable fallback,0,19008947,1630,4,,
92.969,31899.0,75618440,WSL MemTotal-MemAvailable fallback,0,19008947,1630,4,,
94.006,31899.0,75632184,WSL MemTotal-MemAvailable fallback,0,19008947,1630,4,,
95.044,31899.0,75640728,WSL MemTotal-MemAvailable fallback,0,19008947,1630,4,,
96.082,31899.0,75636560,WSL MemTotal-MemAvailable fallback,0,19008947,1630,4,,
97.123,31899.0,75649316,WSL MemTotal-MemAvailable fallback,0,19008947,1630,4,,
98.163,31489.0,75915652,WSL MemTotal-MemAvailable fallback,0,19008947,1630,4,,
99.203,31489.0,76224908,WSL MemTotal-MemAvailable fallback,0,19008947,1630,4,,
100.245,31489.0,76518660,WSL MemTotal-MemAvailable fallback,0,19008947,1630,4,,
101.278,31489.0,76710152,WSL MemTotal-MemAvailable fallback,0,19008947,1630,4,,
102.32,31489.0,76859660,WSL MemTotal-MemAvailable fallback,0,19008947,1630,4,,
103.381,31555.0,76920016,WSL MemTotal-MemAvailable fallback,0,19008947,1630,4,,
104.415,31555.0,77179016,WSL MemTotal-MemAvailable fallback,0,19008947,1630,4,,
105.447,31555.0,77205836,WSL MemTotal-MemAvailable fallback,0,19008947,1630,4,,
106.481,31555.0,77272248,WSL MemTotal-MemAvailable fallback,0,19008947,1630,4,,
107.514,31807.0,77120792,WSL MemTotal-MemAvailable fallback,0,19008947,1630,4,,
108.546,31071.0,77086112,WSL MemTotal-MemAvailable fallback,0,19008947,1630,4,,
109.583,31107.0,77076052,WSL MemTotal-MemAvailable fallback,0,19008947,1630,4,,
110.616,31107.0,77371044,WSL MemTotal-MemAvailable fallback,0,19008947,1630,4,,
111.652,31107.0,77644408,WSL MemTotal-MemAvailable fallback,0,19008947,1630,4,,
112.684,31107.0,77483120,WSL MemTotal-MemAvailable fallback,0,19008947,1630,4,,
113.719,31107.0,77513248,WSL MemTotal-MemAvailable fallback,0,19008947,1630,4,,
114.753,31107.0,77500252,WSL MemTotal-MemAvailable fallback,0,19008947,1630,4,,
115.786,31107.0,77225808,WSL MemTotal-MemAvailable fallback,0,19008947,1630,4,,
116.82,31107.0,77036928,WSL MemTotal-MemAvailable fallback,0,19008947,1630,4,,
117.853,31107.0,76981496,WSL MemTotal-MemAvailable fallback,0,19008947,1630,4,,
118.886,31107.0,76965020,WSL MemTotal-MemAvailable fallback,0,19008947,1630,4,,
119.919,31107.0,76944736,WSL MemTotal-MemAvailable fallback,0,19008947,1630,4,,
120.954,31107.0,77034992,WSL MemTotal-MemAvailable fallback,0,19008947,1630,4,,
121.989,31107.0,77122680,WSL MemTotal-MemAvailable fallback,0,19008947,1630,4,,
123.025,31107.0,77094764,WSL MemTotal-MemAvailable fallback,0,19008947,1630,4,,
124.058,31107.0,77095412,WSL MemTotal-MemAvailable fallback,0,19008947,1630,4,,
125.092,31107.0,77078300,WSL MemTotal-MemAvailable fallback,0,19008947,1630,4,,
126.124,31199.0,76985820,WSL MemTotal-MemAvailable fallback,0,19008947,1630,4,,
127.162,31199.0,77689328,WSL MemTotal-MemAvailable fallback,0,19008947,1630,4,,
128.196,31199.0,78519504,WSL MemTotal-MemAvailable fallback,0,19008947,1630,4,,
129.228,31198.0,79347156,WSL MemTotal-MemAvailable fallback,0,19008947,1630,4,,
130.26,31198.0,79386300,WSL MemTotal-MemAvailable fallback,0,19008947,1630,4,,
131.292,31198.0,79341572,WSL MemTotal-MemAvailable fallback,0,19008947,1630,4,,
132.324,31234.0,79320660,WSL MemTotal-MemAvailable fallback,0,19008947,1630,4,,
133.357,31234.0,79273336,WSL MemTotal-MemAvailable fallback,0,19008947,1630,4,,
134.389,31234.0,79257344,WSL MemTotal-MemAvailable fallback,0,19008947,1630,4,,
135.421,31234.0,79238588,WSL MemTotal-MemAvailable fallback,0,19008947,1630,4,,
136.455,31234.0,79226060,WSL MemTotal-MemAvailable fallback,0,19008947,1630,4,,
137.489,31234.0,79191572,WSL MemTotal-MemAvailable fallback,0,19008947,1630,4,,
138.521,31234.0,79183640,WSL MemTotal-MemAvailable fallback,0,19008947,1630,4,,
139.555,31234.0,79160072,WSL MemTotal-MemAvailable fallback,0,19008947,1630,4,,
140.589,31234.0,79154104,WSL MemTotal-MemAvailable fallback,0,19008947,1630,4,,
141.621,31234.0,79122600,WSL MemTotal-MemAvailable fallback,0,19008947,1630,4,,
142.658,31234.0,79439512,WSL MemTotal-MemAvailable fallback,0,19008947,1630,4,,
143.7,31234.0,80134364,WSL MemTotal-MemAvailable fallback,0,19008947,1630,4,,
144.733,31234.0,81040580,WSL MemTotal-MemAvailable fallback,0,19008947,1630,4,,
145.768,31234.0,81674176,WSL MemTotal-MemAvailable fallback,0,19008947,1630,4,,
146.801,31235.0,81643292,WSL MemTotal-MemAvailable fallback,0,19008947,1630,4,,
147.833,31235.0,81630172,WSL MemTotal-MemAvailable fallback,0,19008947,1630,4,,
148.865,31235.0,81586292,WSL MemTotal-MemAvailable fallback,0,19008947,1630,4,,
149.899,31235.0,81565440,WSL MemTotal-MemAvailable fallback,0,19008947,1630,4,,
150.932,31235.0,81563356,WSL MemTotal-MemAvailable fallback,0,19008947,1630,4,,
151.964,31234.0,81553576,WSL MemTotal-MemAvailable fallback,0,19008947,1630,4,,
152.998,31235.0,81556900,WSL MemTotal-MemAvailable fallback,0,19008947,1630,4,,
154.031,31235.0,81535440,WSL MemTotal-MemAvailable fallback,0,19008947,1630,4,,
155.063,31235.0,81536912,WSL MemTotal-MemAvailable fallback,0,19008947,1630,4,,
156.095,31235.0,81537104,WSL MemTotal-MemAvailable fallback,0,19008947,1630,4,,
157.128,31235.0,81546548,WSL MemTotal-MemAvailable fallback,0,19008947,1630,4,,
158.162,31235.0,81541496,WSL MemTotal-MemAvailable fallback,0,19008947,1630,4,,
159.198,31235.0,81646936,WSL MemTotal-MemAvailable fallback,0,19008947,1630,4,,
160.234,31235.0,81986412,WSL MemTotal-MemAvailable fallback,0,19008947,1630,4,,
161.266,31235.0,82125360,WSL MemTotal-MemAvailable fallback,0,19008947,1630,4,,
162.303,31235.0,82242004,WSL MemTotal-MemAvailable fallback,0,19008947,1630,4,,
163.335,31235.0,82497584,WSL MemTotal-MemAvailable fallback,0,19008947,1630,4,,
164.372,31235.0,82533048,WSL MemTotal-MemAvailable fallback,0,19008947,1630,4,,
165.405,31235.0,82724872,WSL MemTotal-MemAvailable fallback,0,19008947,1630,4,,
166.439,31235.0,82885600,WSL MemTotal-MemAvailable fallback,0,19008947,1630,4,,
167.469,31235.0,83149224,WSL MemTotal-MemAvailable fallback,0,19008947,1630,4,,
168.502,31235.0,83215900,WSL MemTotal-MemAvailable fallback,0,19008947,1630,4,,
169.535,31235.0,83379220,WSL MemTotal-MemAvailable fallback,0,19008947,1630,4,,
170.571,31235.0,83488964,WSL MemTotal-MemAvailable fallback,0,19008947,1630,4,,
171.602,31235.0,83806752,WSL MemTotal-MemAvailable fallback,0,19008947,1630,4,,
172.641,31235.0,83862928,WSL MemTotal-MemAvailable fallback,0,19008947,1630,4,,
173.672,31235.0,84040616,WSL MemTotal-MemAvailable fallback,0,19008947,1630,4,,
174.711,31235.0,84297692,WSL MemTotal-MemAvailable fallback,0,19008947,1630,4,,
175.744,31235.0,84291596,WSL MemTotal-MemAvailable fallback,0,19008947,1630,4,,
176.783,31234.0,84442628,WSL MemTotal-MemAvailable fallback,0,19008947,1630,4,,
177.818,31234.0,84652016,WSL MemTotal-MemAvailable fallback,0,19008947,1630,4,,
178.85,31234.0,84911132,WSL MemTotal-MemAvailable fallback,0,19008947,1630,4,,
179.884,31234.0,84926272,WSL MemTotal-MemAvailable fallback,0,19008947,1630,4,,
180.915,31234.0,85165368,WSL MemTotal-MemAvailable fallback,0,19008947,1630,4,,
181.954,31234.0,85180248,WSL MemTotal-MemAvailable fallback,0,19008947,1630,4,,
182.989,31235.0,85194836,WSL MemTotal-MemAvailable fallback,0,19008947,1630,4,,
184.035,31235.0,84873824,WSL MemTotal-MemAvailable fallback,0,19008947,1630,4,,
185.082,31235.0,77358780,WSL MemTotal-MemAvailable fallback,0,19008947,1630,4,,
186.116,31331.0,77377140,WSL MemTotal-MemAvailable fallback,0,19008947,1630,4,,
187.149,31330.0,77694404,WSL MemTotal-MemAvailable fallback,0,19008947,1630,4,,
188.181,31331.0,77902736,WSL MemTotal-MemAvailable fallback,0,19008947,1630,4,,
189.214,31331.0,78752864,WSL MemTotal-MemAvailable fallback,0,19008947,1630,4,,
190.248,31331.0,78322476,WSL MemTotal-MemAvailable fallback,0,19008947,1630,4,,
191.285,31243.0,78166272,WSL MemTotal-MemAvailable fallback,0,19008947,1630,4,,
192.318,31243.0,78083520,WSL MemTotal-MemAvailable fallback,0,19008947,1630,4,,
193.352,31243.0,78029248,WSL MemTotal-MemAvailable fallback,0,19008947,1630,4,,
194.391,31243.0,78388392,WSL MemTotal-MemAvailable fallback,0,19008947,1630,4,,
195.424,31427.0,78233212,WSL MemTotal-MemAvailable fallback,0,19008947,1630,4,,
196.457,31427.0,78425680,WSL MemTotal-MemAvailable fallback,0,19008947,1630,4,,
197.492,31427.0,78425380,WSL MemTotal-MemAvailable fallback,0,19008947,1630,4,,
198.524,31427.0,78275960,WSL MemTotal-MemAvailable fallback,0,19008947,1630,4,,
199.557,31426.0,78344220,WSL MemTotal-MemAvailable fallback,0,19008947,1630,4,,
200.591,31426.0,78194132,WSL MemTotal-MemAvailable fallback,0,19008947,1630,4,,
201.625,31426.0,78040228,WSL MemTotal-MemAvailable fallback,0,19008947,1630,4,,
202.66,31528.0,77849516,WSL MemTotal-MemAvailable fallback,0,19008947,1630,4,,
203.693,31580.0,77669496,WSL MemTotal-MemAvailable fallback,0,19008947,1630,4,,
204.735,31580.0,77626460,WSL MemTotal-MemAvailable fallback,0,19008947,1630,4,,
205.77,31268.0,77857808,WSL MemTotal-MemAvailable fallback,0,19008947,1630,4,,
206.803,31268.0,77899824,WSL MemTotal-MemAvailable fallback,0,19008947,1630,4,,
207.835,31270.0,77931448,WSL MemTotal-MemAvailable fallback,0,19008947,1630,4,,
208.869,31270.0,77979812,WSL MemTotal-MemAvailable fallback,0,19008947,1630,4,,
209.904,31270.0,78175272,WSL MemTotal-MemAvailable fallback,0,19008947,1630,4,,
210.938,31270.0,78271504,WSL MemTotal-MemAvailable fallback,0,19008947,1630,4,,
211.976,31278.0,78370500,WSL MemTotal-MemAvailable fallback,0,19008947,1630,4,,
213.011,31278.0,78546828,WSL MemTotal-MemAvailable fallback,0,19008947,1630,4,,
214.045,31278.0,78634816,WSL MemTotal-MemAvailable fallback,0,19008947,1630,4,,
215.078,31286.0,78581108,WSL MemTotal-MemAvailable fallback,0,19008947,1630,4,,
216.116,31286.0,79374520,WSL MemTotal-MemAvailable fallback,0,19008947,1630,4,,
217.15,31287.0,79364436,WSL MemTotal-MemAvailable fallback,0,19008947,1630,4,,
218.188,31286.0,79286064,WSL MemTotal-MemAvailable fallback,0,19008947,1630,4,,
219.225,31286.0,79624816,WSL MemTotal-MemAvailable fallback,0,19008947,1630,4,,
220.259,31287.0,79079364,WSL MemTotal-MemAvailable fallback,0,19008947,1630,4,,
221.292,31286.0,79554884,WSL MemTotal-MemAvailable fallback,0,19008947,1630,4,,
222.326,31286.0,79726084,WSL MemTotal-MemAvailable fallback,0,19008947,1630,4,,
223.368,31286.0,79686464,WSL MemTotal-MemAvailable fallback,0,19008947,1630,4,,
224.403,31287.0,79265632,WSL MemTotal-MemAvailable fallback,0,19008947,1630,4,,
225.436,31287.0,79167232,WSL MemTotal-MemAvailable fallback,0,19008947,1630,4,,
226.469,31286.0,79083724,WSL MemTotal-MemAvailable fallback,0,19008947,1630,4,,
227.503,31286.0,79000036,WSL MemTotal-MemAvailable fallback,0,19008947,1630,4,,
228.537,31286.0,78929860,WSL MemTotal-MemAvailable fallback,0,19008947,1630,4,,
229.569,31286.0,78778440,WSL MemTotal-MemAvailable fallback,0,19008947,1630,4,,
230.601,31286.0,78679336,WSL MemTotal-MemAvailable fallback,0,19008947,1630,4,,
231.632,31286.0,78604432,WSL MemTotal-MemAvailable fallback,0,19008947,1630,4,,
232.664,31286.0,78515992,WSL MemTotal-MemAvailable fallback,0,19008947,1630,4,,
233.696,31286.0,78440204,WSL MemTotal-MemAvailable fallback,0,19008947,1630,4,,
234.729,31286.0,78353536,WSL MemTotal-MemAvailable fallback,0,19008947,1630,4,,
235.763,31286.0,78256716,WSL MemTotal-MemAvailable fallback,0,19008947,1630,4,,
236.796,31287.0,78171072,WSL MemTotal-MemAvailable fallback,0,19008947,1630,4,,
237.827,31287.0,78103568,WSL MemTotal-MemAvailable fallback,0,19008947,1630,4,,
238.86,31287.0,77928028,WSL MemTotal-MemAvailable fallback,0,19008947,1630,4,,
239.894,31287.0,78181596,WSL MemTotal-MemAvailable fallback,0,19008947,1630,4,,
240.927,31286.0,78137736,WSL MemTotal-MemAvailable fallback,0,19008947,1630,4,,
241.961,31287.0,78049588,WSL MemTotal-MemAvailable fallback,0,19008947,1630,4,,
242.994,31286.0,77994176,WSL MemTotal-MemAvailable fallback,0,19008947,1630,4,,
244.027,31286.0,77944344,WSL MemTotal-MemAvailable fallback,0,19008947,1630,4,,
245.061,31286.0,77906120,WSL MemTotal-MemAvailable fallback,0,19008947,1630,4,,
246.095,31286.0,77840996,WSL MemTotal-MemAvailable fallback,0,19008947,1630,4,,
247.128,31286.0,77794860,WSL MemTotal-MemAvailable fallback,0,19008947,1630,4,,
248.161,31286.0,77789416,WSL MemTotal-MemAvailable fallback,0,19008947,1630,4,,
249.194,31286.0,77762400,WSL MemTotal-MemAvailable fallback,0,19008947,1630,4,,
250.228,31286.0,77724948,WSL MemTotal-MemAvailable fallback,0,19008947,1630,4,,
251.259,31286.0,77771676,WSL MemTotal-MemAvailable fallback,0,19008947,1630,4,,
252.292,31286.0,77568732,WSL MemTotal-MemAvailable fallback,0,19008947,1630,4,,
253.327,31286.0,77715912,WSL MemTotal-MemAvailable fallback,0,19008947,1630,4,,
254.359,31287.0,77836816,WSL MemTotal-MemAvailable fallback,0,19008947,1630,4,,
255.392,31286.0,77825296,WSL MemTotal-MemAvailable fallback,0,19008947,1630,4,,
256.426,31287.0,77782728,WSL MemTotal-MemAvailable fallback,0,19008947,1630,4,,
257.46,31287.0,77774664,WSL MemTotal-MemAvailable fallback,0,19008947,1630,4,,
258.493,31287.0,77768816,WSL MemTotal-MemAvailable fallback,0,19008947,1630,4,,
259.525,31287.0,77800584,WSL MemTotal-MemAvailable fallback,0,19008947,1630,4,,
260.559,31287.0,77496992,WSL MemTotal-MemAvailable fallback,0,19008947,1630,4,,
261.597,31357.0,77456204,WSL MemTotal-MemAvailable fallback,0,19008947,1630,4,,
262.629,31356.0,77374760,WSL MemTotal-MemAvailable fallback,0,19008947,1630,4,,
263.661,31356.0,77451784,WSL MemTotal-MemAvailable fallback,0,19008947,1630,4,,
264.693,31356.0,77423912,WSL MemTotal-MemAvailable fallback,0,19008947,1630,4,,
265.726,31356.0,77391500,WSL MemTotal-MemAvailable fallback,0,19008947,1630,4,,
266.757,31356.0,77284812,WSL MemTotal-MemAvailable fallback,0,19008947,1630,4,,
267.814,30169.0,74891992,WSL MemTotal-MemAvailable fallback,0,19008947,1630,4,,
268.851,30169.0,75143244,WSL MemTotal-MemAvailable fallback,0,19008947,1630,4,,
269.884,30169.0,75431680,WSL MemTotal-MemAvailable fallback,0,19070691,1630,4,,
270.919,30223.0,76065296,WSL MemTotal-MemAvailable fallback,0,19236794,1664,9,,
271.956,30223.0,76447536,WSL MemTotal-MemAvailable fallback,0,19252961,1664,9,,
272.998,30223.0,76673592,WSL MemTotal-MemAvailable fallback,0,19229893,1664,10,,
274.037,30263.0,76785352,WSL MemTotal-MemAvailable fallback,0,19214379,1664,4,,
275.073,30289.0,76793412,WSL MemTotal-MemAvailable fallback,0,19242539,1672,4,,
276.106,30289.0,76765296,WSL MemTotal-MemAvailable fallback,0,19242539,1672,4,,
277.139,30309.0,76714748,WSL MemTotal-MemAvailable fallback,0,19244776,1673,4,,
278.171,30309.0,76700992,WSL MemTotal-MemAvailable fallback,0,19244776,1673,4,,
279.203,30309.0,76694988,WSL MemTotal-MemAvailable fallback,0,19244776,1673,4,,
280.235,30309.0,76643884,WSL MemTotal-MemAvailable fallback,0,19244777,1673,4,,
281.267,30309.0,76568424,WSL MemTotal-MemAvailable fallback,0,19244777,1673,4,,
282.3,30309.0,76518632,WSL MemTotal-MemAvailable fallback,0,19244777,1673,4,,
283.333,30309.0,76502244,WSL MemTotal-MemAvailable fallback,0,19244777,1673,4,,
284.365,30333.0,76547280,WSL MemTotal-MemAvailable fallback,0,19261678,1673,4,,
285.398,30333.0,76477032,WSL MemTotal-MemAvailable fallback,0,19261678,1673,4,,
286.431,30333.0,76485284,WSL MemTotal-MemAvailable fallback,0,19261678,1673,4,,
287.464,30333.0,76481208,WSL MemTotal-MemAvailable fallback,0,19261678,1673,4,,
288.497,30333.0,76483904,WSL MemTotal-MemAvailable fallback,0,19261678,1673,4,,
289.529,30333.0,76446872,WSL MemTotal-MemAvailable fallback,0,19261678,1673,4,,
290.561,30333.0,76418140,WSL MemTotal-MemAvailable fallback,0,19261678,1673,4,,
291.594,30333.0,76401244,WSL MemTotal-MemAvailable fallback,0,19261678,1673,4,,
292.625,30333.0,76379492,WSL MemTotal-MemAvailable fallback,0,19261678,1673,4,,
293.657,30333.0,76329972,WSL MemTotal-MemAvailable fallback,0,19261678,1673,4,,
294.69,30333.0,76327732,WSL MemTotal-MemAvailable fallback,0,19261678,1673,4,,
295.723,30335.0,76301000,WSL MemTotal-MemAvailable fallback,0,19261689,1673,4,,
296.759,30335.0,76298816,WSL MemTotal-MemAvailable fallback,0,19261690,1673,4,,
297.794,30335.0,76573488,WSL MemTotal-MemAvailable fallback,0,19382148,1673,19,,
298.833,30335.0,77235568,WSL MemTotal-MemAvailable fallback,0,19405558,1673,19,,
299.873,30335.0,77883184,WSL MemTotal-MemAvailable fallback,0,19418054,1673,18,,
300.907,30335.0,78543284,WSL MemTotal-MemAvailable fallback,0,19604661,1673,18,,
301.941,30335.0,79134748,WSL MemTotal-MemAvailable fallback,0,19797985,1673,18,,
302.976,30335.0,78749768,WSL MemTotal-MemAvailable fallback,0,19644627,1673,18,,
304.02,30335.0,79353572,WSL MemTotal-MemAvailable fallback,0,19698600,1673,18,,
305.065,30335.0,79818072,WSL MemTotal-MemAvailable fallback,0,19831243,1673,18,,
306.108,30335.0,79884912,WSL MemTotal-MemAvailable fallback,0,19874471,1673,18,,
307.155,30335.0,79047080,WSL MemTotal-MemAvailable fallback,0,19798553,1673,13,,
308.203,30335.0,78967020,WSL MemTotal-MemAvailable fallback,0,19805114,1673,13,,
309.249,30335.0,78858004,WSL MemTotal-MemAvailable fallback,0,19820279,1673,13,,
310.304,30335.0,78727616,WSL MemTotal-MemAvailable fallback,0,19832163,1673,13,,
311.349,30335.0,78615736,WSL MemTotal-MemAvailable fallback,0,19847981,1673,13,,
312.387,30335.0,78509596,WSL MemTotal-MemAvailable fallback,0,19849938,1673,13,,
313.435,30336.0,78389396,WSL MemTotal-MemAvailable fallback,0,19651927,1673,13,,
314.467,30336.0,78301952,WSL MemTotal-MemAvailable fallback,0,19680737,1673,13,,
315.501,30336.0,78222696,WSL MemTotal-MemAvailable fallback,0,19704195,1673,13,,
316.535,30336.0,78034488,WSL MemTotal-MemAvailable fallback,0,19658461,1673,14,,
317.588,30336.0,78192836,WSL MemTotal-MemAvailable fallback,0,19709894,1673,14,,
318.631,30336.0,78241636,WSL MemTotal-MemAvailable fallback,0,19731772,1673,14,,
319.665,30335.0,78038700,WSL MemTotal-MemAvailable fallback,0,19623594,1673,9,,
320.7,30335.0,78003488,WSL MemTotal-MemAvailable fallback,0,19624127,1673,9,,
321.742,30335.0,77915600,WSL MemTotal-MemAvailable fallback,0,19631683,1673,9,,
322.78,30335.0,77898328,WSL MemTotal-MemAvailable fallback,0,19632557,1673,9,,
323.816,30335.0,77843048,WSL MemTotal-MemAvailable fallback,0,19632585,1673,9,,
324.848,30335.0,77796852,WSL MemTotal-MemAvailable fallback,0,19634767,1673,9,,
325.883,30335.0,77687684,WSL MemTotal-MemAvailable fallback,0,19638811,1673,9,,
326.917,30335.0,77530408,WSL MemTotal-MemAvailable fallback,0,19360221,1673,9,,
327.949,30335.0,77507656,WSL MemTotal-MemAvailable fallback,0,19384409,1673,9,,
328.984,30335.0,77475252,WSL MemTotal-MemAvailable fallback,0,19396423,1673,9,,
330.018,30335.0,77422192,WSL MemTotal-MemAvailable fallback,0,19398115,1673,9,,
331.051,30335.0,77384292,WSL MemTotal-MemAvailable fallback,0,19400252,1673,9,,
332.086,30335.0,77359624,WSL MemTotal-MemAvailable fallback,0,19410248,1673,9,,
333.119,30335.0,77282412,WSL MemTotal-MemAvailable fallback,0,19411785,1673,9,,
334.157,30335.0,77263788,WSL MemTotal-MemAvailable fallback,0,19412442,1673,9,,
335.191,30335.0,77280424,WSL MemTotal-MemAvailable fallback,0,19426404,1673,9,,
336.223,30335.0,77190968,WSL MemTotal-MemAvailable fallback,0,19374943,1673,10,,
337.258,30335.0,77295536,WSL MemTotal-MemAvailable fallback,0,19416974,1673,10,,
338.292,30335.0,77320460,WSL MemTotal-MemAvailable fallback,0,19437197,1673,10,,
339.328,30340.0,77350016,WSL MemTotal-MemAvailable fallback,0,19450351,1673,10,,
340.365,30335.0,77311856,WSL MemTotal-MemAvailable fallback,0,19450421,1673,10,,
341.404,30335.0,77003288,WSL MemTotal-MemAvailable fallback,0,19297858,1677,4,,
342.442,30337.0,76685764,WSL MemTotal-MemAvailable fallback,0,19305225,1677,4,,
343.477,30337.0,76661480,WSL MemTotal-MemAvailable fallback,0,19305225,1677,4,,
344.512,30337.0,76624064,WSL MemTotal-MemAvailable fallback,0,19305225,1677,4,,
345.549,30337.0,76556556,WSL MemTotal-MemAvailable fallback,0,19305225,1677,4,,
346.589,30337.0,76529744,WSL MemTotal-MemAvailable fallback,0,19305225,1677,4,,
347.624,30337.0,76506292,WSL MemTotal-MemAvailable fallback,0,19305225,1677,4,,
348.66,30337.0,76487356,WSL MemTotal-MemAvailable fallback,0,19305225,1677,4,,
349.711,30337.0,76425752,WSL MemTotal-MemAvailable fallback,0,19305225,1677,4,,
350.753,30337.0,76402408,WSL MemTotal-MemAvailable fallback,0,19305225,1677,4,,
351.789,30337.0,76383144,WSL MemTotal-MemAvailable fallback,0,19305225,1677,4,,
352.836,30337.0,76330468,WSL MemTotal-MemAvailable fallback,0,19305226,1677,4,,
353.876,30337.0,76291100,WSL MemTotal-MemAvailable fallback,0,19305226,1677,4,,
354.914,30337.0,76236752,WSL MemTotal-MemAvailable fallback,0,19305227,1677,4,,
355.959,30337.0,76182428,WSL MemTotal-MemAvailable fallback,0,19305227,1677,4,,
356.998,30337.0,76171604,WSL MemTotal-MemAvailable fallback,0,19308904,1677,4,,
358.04,30337.0,76140888,WSL MemTotal-MemAvailable fallback,0,19312139,1677,4,,
359.08,30337.0,76088112,WSL MemTotal-MemAvailable fallback,0,19312212,1677,4,,
360.112,30337.0,76086452,WSL MemTotal-MemAvailable fallback,0,19312438,1677,4,,
361.154,30337.0,76035952,WSL MemTotal-MemAvailable fallback,0,19312524,1677,4,,
362.195,30337.0,76030736,WSL MemTotal-MemAvailable fallback,0,19312756,1677,4,,
363.23,30337.0,75995032,WSL MemTotal-MemAvailable fallback,0,19312983,1677,4,,
364.28,30337.0,75961100,WSL MemTotal-MemAvailable fallback,0,19313010,1677,4,,
365.318,30337.0,75929664,WSL MemTotal-MemAvailable fallback,0,19313011,1677,4,,
366.357,30337.0,75904232,WSL MemTotal-MemAvailable fallback,0,19313013,1677,4,,
367.403,30339.0,75890916,WSL MemTotal-MemAvailable fallback,0,19314216,1677,4,,
368.44,30339.0,75888696,WSL MemTotal-MemAvailable fallback,0,19314255,1677,4,,
369.474,30339.0,75858464,WSL MemTotal-MemAvailable fallback,0,19314387,1677,4,,
370.519,30339.0,75843128,WSL MemTotal-MemAvailable fallback,0,19314582,1677,4,,
371.555,30339.0,75825712,WSL MemTotal-MemAvailable fallback,0,19314632,1677,4,,
372.59,30339.0,75796512,WSL MemTotal-MemAvailable fallback,0,19314696,1677,4,,
373.628,30339.0,75783960,WSL MemTotal-MemAvailable fallback,0,19314696,1677,4,,
374.667,30339.0,75778416,WSL MemTotal-MemAvailable fallback,0,19314697,1677,4,,
375.715,30339.0,75753968,WSL MemTotal-MemAvailable fallback,0,19314697,1677,4,,
376.755,30339.0,75729208,WSL MemTotal-MemAvailable fallback,0,19314697,1677,4,,
377.794,30339.0,75718292,WSL MemTotal-MemAvailable fallback,0,19319015,1677,4,,
378.833,30339.0,75678752,WSL MemTotal-MemAvailable fallback,0,19319015,1677,4,,
379.874,30339.0,75668328,WSL MemTotal-MemAvailable fallback,0,19319015,1677,4,,
380.909,30339.0,75664344,WSL MemTotal-MemAvailable fallback,0,19319016,1677,4,,
381.95,30339.0,75636332,WSL MemTotal-MemAvailable fallback,0,19319112,1677,4,,
382.999,30339.0,75626372,WSL MemTotal-MemAvailable fallback,0,19319188,1677,4,,
384.04,30339.0,75622744,WSL MemTotal-MemAvailable fallback,0,19319188,1677,4,,
385.078,30339.0,75620448,WSL MemTotal-MemAvailable fallback,0,19319188,1677,4,,
386.117,30339.0,75608668,WSL MemTotal-MemAvailable fallback,0,19319190,1677,4,,
387.157,30339.0,75619832,WSL MemTotal-MemAvailable fallback,0,19319476,1677,4,,
388.2,30339.0,75615736,WSL MemTotal-MemAvailable fallback,0,19319477,1677,4,,
389.254,30339.0,75616188,WSL MemTotal-MemAvailable fallback,0,19319477,1677,4,,
390.289,30339.0,75624576,WSL MemTotal-MemAvailable fallback,0,19319477,1677,4,,
391.327,30339.0,75632956,WSL MemTotal-MemAvailable fallback,0,19319477,1677,4,,
392.36,30339.0,75605436,WSL MemTotal-MemAvailable fallback,0,19319478,1677,4,,
393.399,30339.0,75601276,WSL MemTotal-MemAvailable fallback,0,19319478,1677,4,,
394.437,30339.0,75596344,WSL MemTotal-MemAvailable fallback,0,19319478,1677,4,,
395.477,30339.0,75585376,WSL MemTotal-MemAvailable fallback,0,19319478,1677,4,,
396.514,30339.0,75580912,WSL MemTotal-MemAvailable fallback,0,19319480,1677,4,,
397.558,30339.0,75579044,WSL MemTotal-MemAvailable fallback,0,19319480,1677,4,,
398.592,30339.0,75584944,WSL MemTotal-MemAvailable fallback,0,19319480,1677,4,,
399.635,30339.0,75583428,WSL MemTotal-MemAvailable fallback,0,19320465,1677,4,,
400.672,30339.0,75582788,WSL MemTotal-MemAvailable fallback,0,19320553,1677,4,,
401.706,30339.0,75580236,WSL MemTotal-MemAvailable fallback,0,19320553,1677,4,,
402.748,30339.0,75578460,WSL MemTotal-MemAvailable fallback,0,19320553,1677,4,,
403.793,30339.0,75587952,WSL MemTotal-MemAvailable fallback,0,19320553,1677,4,,
404.833,30339.0,75587720,WSL MemTotal-MemAvailable fallback,0,19320553,1677,4,,
405.875,30339.0,75594832,WSL MemTotal-MemAvailable fallback,0,19320553,1677,4,,
406.923,30339.0,75592708,WSL MemTotal-MemAvailable fallback,0,19320553,1677,4,,
407.957,30339.0,75586768,WSL MemTotal-MemAvailable fallback,0,19320553,1677,4,,
408.999,30339.0,75584084,WSL MemTotal-MemAvailable fallback,0,19320553,1677,4,,
410.035,30339.0,75610984,WSL MemTotal-MemAvailable fallback,0,19320554,1677,4,,
411.078,30339.0,75607340,WSL MemTotal-MemAvailable fallback,0,19320554,1677,4,,
412.123,30339.0,75599868,WSL MemTotal-MemAvailable fallback,0,19320554,1677,4,,
413.156,30339.0,75606480,WSL MemTotal-MemAvailable fallback,0,19320554,1677,4,,
414.194,30339.0,75610228,WSL MemTotal-MemAvailable fallback,0,19320554,1677,4,,
415.237,30339.0,75625156,WSL MemTotal-MemAvailable fallback,0,19320554,1677,4,,
416.278,30419.0,75623932,WSL MemTotal-MemAvailable fallback,0,19321313,1677,4,,
417.319,30419.0,75633412,WSL MemTotal-MemAvailable fallback,0,19321313,1677,4,,
418.362,30419.0,75632524,WSL MemTotal-MemAvailable fallback,0,19321854,1677,4,,
419.397,30419.0,75622052,WSL MemTotal-MemAvailable fallback,0,19321869,1677,4,,
420.433,30419.0,75619500,WSL MemTotal-MemAvailable fallback,0,19321869,1677,4,,
421.49,30419.0,75610384,WSL MemTotal-MemAvailable fallback,0,19321872,1677,4,,
422.527,30419.0,75606512,WSL MemTotal-MemAvailable fallback,0,19321872,1677,4,,
423.563,30419.0,75597392,WSL MemTotal-MemAvailable fallback,0,19321872,1677,4,,
424.595,30419.0,75601164,WSL MemTotal-MemAvailable fallback,0,19321875,1677,4,,
425.633,30419.0,75591956,WSL MemTotal-MemAvailable fallback,0,19321875,1677,4,,
426.681,30419.0,75590224,WSL MemTotal-MemAvailable fallback,0,19321875,1677,4,,
427.719,30419.0,75586992,WSL MemTotal-MemAvailable fallback,0,19321875,1677,4,,
428.759,30419.0,75583284,WSL MemTotal-MemAvailable fallback,0,19321875,1677,4,,
429.795,30419.0,75579792,WSL MemTotal-MemAvailable fallback,0,19321879,1677,4,,
430.841,30419.0,75593316,WSL MemTotal-MemAvailable fallback,0,19321879,1677,4,,
431.895,30419.0,75587392,WSL MemTotal-MemAvailable fallback,0,19321879,1677,4,,
432.937,30419.0,75583820,WSL MemTotal-MemAvailable fallback,0,19321879,1677,4,,
433.975,30419.0,75582172,WSL MemTotal-MemAvailable fallback,0,19321879,1677,4,,
435.02,30420.0,75586948,WSL MemTotal-MemAvailable fallback,0,19321879,1677,4,,
436.065,30420.0,75566228,WSL MemTotal-MemAvailable fallback,0,19321879,1677,4,,
437.102,30420.0,75565932,WSL MemTotal-MemAvailable fallback,0,19321879,1677,4,,
438.153,30420.0,75561192,WSL MemTotal-MemAvailable fallback,0,19321879,1677,4,,
439.199,30420.0,75563396,WSL MemTotal-MemAvailable fallback,0,19321879,1677,4,,
440.241,30419.0,75561152,WSL MemTotal-MemAvailable fallback,0,19321879,1677,4,,
441.282,30419.0,75562144,WSL MemTotal-MemAvailable fallback,0,19321879,1677,4,,
442.317,30419.0,75552816,WSL MemTotal-MemAvailable fallback,0,19321879,1677,4,,
443.352,30420.0,75557164,WSL MemTotal-MemAvailable fallback,0,19321879,1677,4,,
444.407,30419.0,75573032,WSL MemTotal-MemAvailable fallback,0,19321879,1677,4,,
445.456,30419.0,75567720,WSL MemTotal-MemAvailable fallback,0,19321879,1677,4,,
446.5,30419.0,75567804,WSL MemTotal-MemAvailable fallback,0,19321879,1677,4,,
447.533,30419.0,75568492,WSL MemTotal-MemAvailable fallback,0,19321879,1677,4,,
448.578,30419.0,75573872,WSL MemTotal-MemAvailable fallback,0,19321879,1677,4,,
449.619,30419.0,75572332,WSL MemTotal-MemAvailable fallback,0,19321879,1677,4,,
450.657,30419.0,75571272,WSL MemTotal-MemAvailable fallback,0,19321879,1677,4,,
451.69,30419.0,75563556,WSL MemTotal-MemAvailable fallback,0,19321879,1677,4,,
452.724,30419.0,75566728,WSL MemTotal-MemAvailable fallback,0,19321879,1677,4,,
453.775,30419.0,75559696,WSL MemTotal-MemAvailable fallback,0,19321879,1677,4,,
454.818,30419.0,75566844,WSL MemTotal-MemAvailable fallback,0,19321879,1677,4,,
455.869,30419.0,75559032,WSL MemTotal-MemAvailable fallback,0,19321879,1677,4,,
456.903,30419.0,75550068,WSL MemTotal-MemAvailable fallback,0,19321879,1677,4,,
457.942,30419.0,75545100,WSL MemTotal-MemAvailable fallback,0,19321879,1677,4,,
458.985,30419.0,75546084,WSL MemTotal-MemAvailable fallback,0,19321879,1677,4,,
460.034,30419.0,75570260,WSL MemTotal-MemAvailable fallback,0,19321879,1677,4,,
461.079,30419.0,75550472,WSL MemTotal-MemAvailable fallback,0,19321879,1677,4,,
462.112,30419.0,75552768,WSL MemTotal-MemAvailable fallback,0,19321879,1677,4,,
463.151,30419.0,75555308,WSL MemTotal-MemAvailable fallback,0,19321879,1677,4,,
464.188,30419.0,75558664,WSL MemTotal-MemAvailable fallback,0,19321880,1677,4,,
465.235,30420.0,75560980,WSL MemTotal-MemAvailable fallback,0,19321880,1677,4,,
466.273,30420.0,75576460,WSL MemTotal-MemAvailable fallback,0,19321880,1677,4,,
467.308,30420.0,75575708,WSL MemTotal-MemAvailable fallback,0,19321880,1677,4,,
468.344,30419.0,75565684,WSL MemTotal-MemAvailable fallback,0,19321880,1677,4,,
469.379,30419.0,75569440,WSL MemTotal-MemAvailable fallback,0,19321880,1677,4,,
470.417,30419.0,75568128,WSL MemTotal-MemAvailable fallback,0,19321880,1677,4,,
471.462,30419.0,75549620,WSL MemTotal-MemAvailable fallback,0,19321880,1677,4,,
472.495,30420.0,75554008,WSL MemTotal-MemAvailable fallback,0,19321880,1677,4,,
473.538,30420.0,75557820,WSL MemTotal-MemAvailable fallback,0,19321880,1677,4,,
474.571,30420.0,75556996,WSL MemTotal-MemAvailable fallback,0,19321880,1677,4,,
475.606,30420.0,75556552,WSL MemTotal-MemAvailable fallback,0,19321880,1677,4,,
476.645,30420.0,75557512,WSL MemTotal-MemAvailable fallback,0,19321880,1677,4,,
477.685,30420.0,75553944,WSL MemTotal-MemAvailable fallback,0,19321880,1677,4,,
478.722,30420.0,75555996,WSL MemTotal-MemAvailable fallback,0,19321880,1677,4,,
479.767,30420.0,75559840,WSL MemTotal-MemAvailable fallback,0,19321880,1677,4,,
480.81,30419.0,75562412,WSL MemTotal-MemAvailable fallback,0,19321880,1677,4,,
481.854,30419.0,75562596,WSL MemTotal-MemAvailable fallback,0,19321880,1677,4,,
482.893,30420.0,75571100,WSL MemTotal-MemAvailable fallback,0,19321882,1677,4,,
483.928,30420.0,75570532,WSL MemTotal-MemAvailable fallback,0,19321882,1677,4,,
484.972,30420.0,75568072,WSL MemTotal-MemAvailable fallback,0,19321882,1677,4,,
486.016,30420.0,75572564,WSL MemTotal-MemAvailable fallback,0,19321882,1677,4,,
487.049,30420.0,75558456,WSL MemTotal-MemAvailable fallback,0,19321882,1677,4,,
488.088,30420.0,75561948,WSL MemTotal-MemAvailable fallback,0,19321882,1677,4,,
489.132,30420.0,75564924,WSL MemTotal-MemAvailable fallback,0,19321882,1677,4,,
490.169,30420.0,75560776,WSL MemTotal-MemAvailable fallback,0,19321882,1677,4,,
491.205,30420.0,75565336,WSL MemTotal-MemAvailable fallback,0,19321882,1677,4,,
492.249,30420.0,75563612,WSL MemTotal-MemAvailable fallback,0,19321882,1677,4,,
493.291,30420.0,75560196,WSL MemTotal-MemAvailable fallback,0,19321882,1677,4,,
494.326,30420.0,75575680,WSL MemTotal-MemAvailable fallback,0,19321882,1677,4,,
495.368,30420.0,75592060,WSL MemTotal-MemAvailable fallback,0,19321882,1677,4,,
496.406,30420.0,75603652,WSL MemTotal-MemAvailable fallback,0,19321882,1677,4,,
497.442,30420.0,75599388,WSL MemTotal-MemAvailable fallback,0,19321882,1677,4,,
498.481,30420.0,75597644,WSL MemTotal-MemAvailable fallback,0,19321978,1677,4,,
499.519,30420.0,75595404,WSL MemTotal-MemAvailable fallback,0,19321979,1677,4,,
500.559,30420.0,75593964,WSL MemTotal-MemAvailable fallback,0,19322042,1677,4,,
501.597,30420.0,75594872,WSL MemTotal-MemAvailable fallback,0,19322042,1677,4,,
502.637,30420.0,75582676,WSL MemTotal-MemAvailable fallback,0,19322042,1677,4,,
503.67,30420.0,75582376,WSL MemTotal-MemAvailable fallback,0,19322042,1677,4,,
504.709,30419.0,75601612,WSL MemTotal-MemAvailable fallback,0,19322042,1677,4,,
505.746,30419.0,75594724,WSL MemTotal-MemAvailable fallback,0,19322042,1677,4,,
506.781,30420.0,75615316,WSL MemTotal-MemAvailable fallback,0,19322042,1677,4,,
507.816,30420.0,75596068,WSL MemTotal-MemAvailable fallback,0,19322042,1677,4,,
508.855,30420.0,75588304,WSL MemTotal-MemAvailable fallback,0,19322042,1677,4,,
509.888,30420.0,75588208,WSL MemTotal-MemAvailable fallback,0,19322042,1677,4,,
510.931,30420.0,75584348,WSL MemTotal-MemAvailable fallback,0,19322042,1677,4,,
511.967,30420.0,75575064,WSL MemTotal-MemAvailable fallback,0,19322042,1677,4,,
513.011,30420.0,75574636,WSL MemTotal-MemAvailable fallback,0,19322042,1677,4,,
514.046,30420.0,75574364,WSL MemTotal-MemAvailable fallback,0,19322042,1677,4,,
515.084,30420.0,75575376,WSL MemTotal-MemAvailable fallback,0,19322042,1677,4,,
516.125,30420.0,75575468,WSL MemTotal-MemAvailable fallback,0,19322042,1677,4,,
517.172,30420.0,75575796,WSL MemTotal-MemAvailable fallback,0,19322042,1677,4,,
518.222,30420.0,75574516,WSL MemTotal-MemAvailable fallback,0,19322042,1677,4,,
519.264,30420.0,75576688,WSL MemTotal-MemAvailable fallback,0,19322042,1677,4,,
520.303,30420.0,75573304,WSL MemTotal-MemAvailable fallback,0,19322050,1677,4,,
521.34,30420.0,75572996,WSL MemTotal-MemAvailable fallback,0,19322050,1677,4,,
522.379,30420.0,75573660,WSL MemTotal-MemAvailable fallback,0,19322050,1677,4,,
523.416,30420.0,75570856,WSL MemTotal-MemAvailable fallback,0,19322050,1677,4,,
524.461,30420.0,75572204,WSL MemTotal-MemAvailable fallback,0,19322050,1677,4,,
525.5,30420.0,75570788,WSL MemTotal-MemAvailable fallback,0,19322050,1677,4,,
526.537,30420.0,75570208,WSL MemTotal-MemAvailable fallback,0,19322050,1677,4,,
527.572,30420.0,75573500,WSL MemTotal-MemAvailable fallback,0,19322050,1677,4,,
528.609,30420.0,75570904,WSL MemTotal-MemAvailable fallback,0,19322050,1677,4,,
529.643,30420.0,75558524,WSL MemTotal-MemAvailable fallback,0,19322050,1677,4,,
530.676,30420.0,75574212,WSL MemTotal-MemAvailable fallback,0,19322050,1677,4,,
531.71,30420.0,75574744,WSL MemTotal-MemAvailable fallback,0,19322050,1677,4,,
532.745,30420.0,75569676,WSL MemTotal-MemAvailable fallback,0,19322050,1677,4,,
533.78,30420.0,75563604,WSL MemTotal-MemAvailable fallback,0,19322050,1677,4,,
534.822,30420.0,75562264,WSL MemTotal-MemAvailable fallback,0,19322050,1677,4,,
535.862,30420.0,75562048,WSL MemTotal-MemAvailable fallback,0,19322050,1677,4,,
536.901,30420.0,75557768,WSL MemTotal-MemAvailable fallback,0,19322050,1677,4,,
537.945,30420.0,75558128,WSL MemTotal-MemAvailable fallback,0,19322050,1677,4,,
538.995,30420.0,75554716,WSL MemTotal-MemAvailable fallback,0,19322050,1677,4,,
540.038,30420.0,75551336,WSL MemTotal-MemAvailable fallback,0,19322050,1677,4,,
541.078,30420.0,75552708,WSL MemTotal-MemAvailable fallback,0,19322050,1677,4,,
542.122,30420.0,75562944,WSL MemTotal-MemAvailable fallback,0,19322050,1677,4,,
543.156,30420.0,75561120,WSL MemTotal-MemAvailable fallback,0,19322050,1677,4,,
544.193,30420.0,75559876,WSL MemTotal-MemAvailable fallback,0,19322050,1677,4,,
545.232,30420.0,75558616,WSL MemTotal-MemAvailable fallback,0,19322050,1677,4,,
546.266,30420.0,75557204,WSL MemTotal-MemAvailable fallback,0,19322050,1677,4,,
547.304,30420.0,75572928,WSL MemTotal-MemAvailable fallback,0,19322050,1677,4,,
548.347,30420.0,75578808,WSL MemTotal-MemAvailable fallback,0,19322050,1677,4,,
549.384,30420.0,75572720,WSL MemTotal-MemAvailable fallback,0,19322050,1677,4,,
550.426,30420.0,75567460,WSL MemTotal-MemAvailable fallback,0,19322050,1677,4,,
551.461,30419.0,75562012,WSL MemTotal-MemAvailable fallback,0,19322050,1677,4,,
552.502,30420.0,75572724,WSL MemTotal-MemAvailable fallback,0,19322050,1677,4,,
553.544,30420.0,75552768,WSL MemTotal-MemAvailable fallback,0,19322050,1677,4,,
554.585,30420.0,75556464,WSL MemTotal-MemAvailable fallback,0,19322050,1677,4,,
555.628,30420.0,75552016,WSL MemTotal-MemAvailable fallback,0,19322050,1677,4,,
556.675,30420.0,75552492,WSL MemTotal-MemAvailable fallback,0,19322050,1677,4,,
557.715,30420.0,75553216,WSL MemTotal-MemAvailable fallback,0,19322050,1677,4,,
558.75,30420.0,75557464,WSL MemTotal-MemAvailable fallback,0,19322050,1677,4,,
559.784,30420.0,75552820,WSL MemTotal-MemAvailable fallback,0,19322050,1677,4,,
560.817,30420.0,75556240,WSL MemTotal-MemAvailable fallback,0,19322050,1677,4,,
561.859,30420.0,75554236,WSL MemTotal-MemAvailable fallback,0,19322050,1677,4,,
562.896,30420.0,75547856,WSL MemTotal-MemAvailable fallback,0,19322050,1677,4,,
563.948,30420.0,75548336,WSL MemTotal-MemAvailable fallback,0,19322050,1677,4,,
564.982,30420.0,75546488,WSL MemTotal-MemAvailable fallback,0,19322050,1677,4,,
566.015,30420.0,75546924,WSL MemTotal-MemAvailable fallback,0,19322050,1677,4,,
567.066,30420.0,75551408,WSL MemTotal-MemAvailable fallback,0,19322050,1677,4,,
568.117,30420.0,75557832,WSL MemTotal-MemAvailable fallback,0,19322050,1677,4,,
569.16,30420.0,75554956,WSL MemTotal-MemAvailable fallback,0,19322050,1677,4,,
570.194,30420.0,75542636,WSL MemTotal-MemAvailable fallback,0,19322050,1677,4,,
571.226,30420.0,75543704,WSL MemTotal-MemAvailable fallback,0,19322050,1677,4,,
572.273,30420.0,75550236,WSL MemTotal-MemAvailable fallback,0,19322050,1677,4,,
573.314,30420.0,75552596,WSL MemTotal-MemAvailable fallback,0,19322050,1677,4,,
574.35,30420.0,75547716,WSL MemTotal-MemAvailable fallback,0,19322050,1677,4,,
575.403,30420.0,75551424,WSL MemTotal-MemAvailable fallback,0,19322050,1677,4,,
576.45,30420.0,75546232,WSL MemTotal-MemAvailable fallback,0,19322050,1677,4,,
577.484,30420.0,75549904,WSL MemTotal-MemAvailable fallback,0,19322050,1677,4,,
578.518,30420.0,75552760,WSL MemTotal-MemAvailable fallback,0,19322050,1677,4,,
579.558,30420.0,75551724,WSL MemTotal-MemAvailable fallback,0,19322050,1677,4,,
580.6,30420.0,75555940,WSL MemTotal-MemAvailable fallback,0,19322050,1677,4,,
581.645,30420.0,75556152,WSL MemTotal-MemAvailable fallback,0,19322050,1677,4,,
582.689,30420.0,75555856,WSL MemTotal-MemAvailable fallback,0,19322050,1677,4,,
583.74,30420.0,75558720,WSL MemTotal-MemAvailable fallback,0,19322050,1677,4,,
584.796,30420.0,75549604,WSL MemTotal-MemAvailable fallback,0,19322050,1677,4,,
585.838,30420.0,75541368,WSL MemTotal-MemAvailable fallback,0,19322050,1677,4,,
586.89,30420.0,75544216,WSL MemTotal-MemAvailable fallback,0,19322050,1677,4,,
587.93,30420.0,75542940,WSL MemTotal-MemAvailable fallback,0,19322050,1677,4,,
588.977,30420.0,75542528,WSL MemTotal-MemAvailable fallback,0,19322050,1677,4,,
590.023,30420.0,75546572,WSL MemTotal-MemAvailable fallback,0,19322050,1677,4,,
591.064,30420.0,75547212,WSL MemTotal-MemAvailable fallback,0,19322050,1677,4,,
592.106,30420.0,75545576,WSL MemTotal-MemAvailable fallback,0,19322050,1677,4,,
593.149,30420.0,75548016,WSL MemTotal-MemAvailable fallback,0,19322050,1677,4,,
594.193,30420.0,75553920,WSL MemTotal-MemAvailable fallback,0,19322050,1677,4,,
595.235,30420.0,75542088,WSL MemTotal-MemAvailable fallback,0,19322050,1677,4,,
596.277,30420.0,75545124,WSL MemTotal-MemAvailable fallback,0,19322050,1677,4,,
597.319,30420.0,75548528,WSL MemTotal-MemAvailable fallback,0,19322050,1677,4,,
598.362,30420.0,75545640,WSL MemTotal-MemAvailable fallback,0,19322050,1677,4,,
599.4,30420.0,75546228,WSL MemTotal-MemAvailable fallback,0,19322050,1677,4,,
600.463,30420.0,75546436,WSL MemTotal-MemAvailable fallback,0,19322050,1677,4,,
601.505,30420.0,75544004,WSL MemTotal-MemAvailable fallback,0,19322050,1677,4,,
602.55,30420.0,75550976,WSL MemTotal-MemAvailable fallback,0,19322050,1677,4,,
603.593,30420.0,75566632,WSL MemTotal-MemAvailable fallback,0,19322050,1677,4,,
604.629,30420.0,75570204,WSL MemTotal-MemAvailable fallback,0,19322050,1677,4,,
605.666,30420.0,75569612,WSL MemTotal-MemAvailable fallback,0,19322050,1677,4,,
606.701,30420.0,75557228,WSL MemTotal-MemAvailable fallback,0,19322050,1677,4,,
607.738,30420.0,75558464,WSL MemTotal-MemAvailable fallback,0,19322050,1677,4,,
608.782,30420.0,75556092,WSL MemTotal-MemAvailable fallback,0,19322050,1677,4,,
609.829,30420.0,75555472,WSL MemTotal-MemAvailable fallback,0,19322050,1677,4,,
610.871,30420.0,75551640,WSL MemTotal-MemAvailable fallback,0,19322050,1677,4,,
611.918,30420.0,75553360,WSL MemTotal-MemAvailable fallback,0,19322050,1677,4,,
612.974,30420.0,75556236,WSL MemTotal-MemAvailable fallback,0,19322050,1677,4,,
614.018,30420.0,75554560,WSL MemTotal-MemAvailable fallback,0,19322050,1677,4,,
615.063,30420.0,75556988,WSL MemTotal-MemAvailable fallback,0,19322050,1677,4,,
616.105,30420.0,75553480,WSL MemTotal-MemAvailable fallback,0,19322050,1677,4,,
617.158,30420.0,75545340,WSL MemTotal-MemAvailable fallback,0,19322050,1677,4,,
618.202,30420.0,75544392,WSL MemTotal-MemAvailable fallback,0,19322050,1677,4,,
619.243,30420.0,75544152,WSL MemTotal-MemAvailable fallback,0,19322050,1677,4,,
620.29,30420.0,75547000,WSL MemTotal-MemAvailable fallback,0,19322050,1677,4,,
621.332,30420.0,75550116,WSL MemTotal-MemAvailable fallback,0,19322050,1677,4,,
622.368,30420.0,75553868,WSL MemTotal-MemAvailable fallback,0,19322050,1677,4,,
623.402,30420.0,75556172,WSL MemTotal-MemAvailable fallback,0,19322050,1677,4,,
624.434,30420.0,75554356,WSL MemTotal-MemAvailable fallback,0,19322050,1677,4,,
625.473,30420.0,75553176,WSL MemTotal-MemAvailable fallback,0,19322050,1677,4,,
626.512,30420.0,75549920,WSL MemTotal-MemAvailable fallback,0,19322050,1677,4,,
627.545,30419.0,75551168,WSL MemTotal-MemAvailable fallback,0,19322050,1677,4,,
628.58,30420.0,75546504,WSL MemTotal-MemAvailable fallback,0,19322050,1677,4,,
629.614,30420.0,75543500,WSL MemTotal-MemAvailable fallback,0,19322050,1677,4,,
630.649,30420.0,75546596,WSL MemTotal-MemAvailable fallback,0,19322050,1677,4,,
631.688,30419.0,75543524,WSL MemTotal-MemAvailable fallback,0,19322050,1677,4,,
632.727,30419.0,75545912,WSL MemTotal-MemAvailable fallback,0,19322050,1677,4,,
633.776,30419.0,75547760,WSL MemTotal-MemAvailable fallback,0,19322050,1677,4,,
634.812,30419.0,75551264,WSL MemTotal-MemAvailable fallback,0,19322050,1677,4,,
635.856,30419.0,75551804,WSL MemTotal-MemAvailable fallback,0,19322050,1677,4,,
636.898,30419.0,75551232,WSL MemTotal-MemAvailable fallback,0,19322050,1677,4,,
637.941,30394.0,75547624,WSL MemTotal-MemAvailable fallback,0,19322050,1677,4,,
638.976,30311.0,75552232,WSL MemTotal-MemAvailable fallback,0,19322050,1677,4,,
640.023,30312.0,75550516,WSL MemTotal-MemAvailable fallback,0,19322050,1677,4,,
641.073,30340.0,75551404,WSL MemTotal-MemAvailable fallback,0,19322051,1677,4,,
642.114,30857.0,75556340,WSL MemTotal-MemAvailable fallback,0,19322051,1677,4,,
643.165,30856.0,75561036,WSL MemTotal-MemAvailable fallback,0,19322051,1677,4,,
644.202,30821.0,75555676,WSL MemTotal-MemAvailable fallback,0,19322051,1677,4,,
645.249,30799.0,75566964,WSL MemTotal-MemAvailable fallback,0,19322051,1677,4,,
646.297,30551.0,75583084,WSL MemTotal-MemAvailable fallback,0,19322051,1677,4,,
647.342,30528.0,75587372,WSL MemTotal-MemAvailable fallback,0,19322051,1677,4,,
648.407,30528.0,75589320,WSL MemTotal-MemAvailable fallback,0,19322051,1677,4,,
649.461,30528.0,75573928,WSL MemTotal-MemAvailable fallback,0,19322051,1677,4,,
650.513,30528.0,75572648,WSL MemTotal-MemAvailable fallback,0,19322051,1677,4,,
651.554,30528.0,75568216,WSL MemTotal-MemAvailable fallback,0,19322051,1677,4,,
652.598,30528.0,75562956,WSL MemTotal-MemAvailable fallback,0,19322051,1677,4,,
653.635,30528.0,75572468,WSL MemTotal-MemAvailable fallback,0,19322051,1677,4,,
654.691,30528.0,75574304,WSL MemTotal-MemAvailable fallback,0,19322051,1677,4,,
655.746,30528.0,75573784,WSL MemTotal-MemAvailable fallback,0,19322051,1677,4,,
656.797,30528.0,75574336,WSL MemTotal-MemAvailable fallback,0,19322051,1677,4,,
657.837,30534.0,75576172,WSL MemTotal-MemAvailable fallback,0,19322051,1677,4,,
658.881,30534.0,75575376,WSL MemTotal-MemAvailable fallback,0,19322052,1677,4,,
659.928,30535.0,75574848,WSL MemTotal-MemAvailable fallback,0,19322052,1677,4,,
660.975,30536.0,75570104,WSL MemTotal-MemAvailable fallback,0,19322052,1677,4,,
662.026,30535.0,75574784,WSL MemTotal-MemAvailable fallback,0,19322052,1677,4,,
663.066,30534.0,75573660,WSL MemTotal-MemAvailable fallback,0,19322052,1677,4,,
664.107,30530.0,75570264,WSL MemTotal-MemAvailable fallback,0,19322052,1677,4,,
665.16,30530.0,75562956,WSL MemTotal-MemAvailable fallback,0,19322052,1677,4,,
666.198,30530.0,75567996,WSL MemTotal-MemAvailable fallback,0,19322052,1677,4,,
667.236,30516.0,75567580,WSL MemTotal-MemAvailable fallback,0,19322052,1677,4,,
668.273,30516.0,75570788,WSL MemTotal-MemAvailable fallback,0,19322052,1677,4,,
669.33,30516.0,75569712,WSL MemTotal-MemAvailable fallback,0,19322052,1677,4,,
670.369,30526.0,75567780,WSL MemTotal-MemAvailable fallback,0,19322052,1677,4,,
671.41,30526.0,75567828,WSL MemTotal-MemAvailable fallback,0,19322052,1677,4,,
672.459,30521.0,75570248,WSL MemTotal-MemAvailable fallback,0,19322052,1677,4,,
673.499,30521.0,75566824,WSL MemTotal-MemAvailable fallback,0,19322052,1677,4,,
674.549,30521.0,75562036,WSL MemTotal-MemAvailable fallback,0,19322052,1677,4,,
675.591,30521.0,75561784,WSL MemTotal-MemAvailable fallback,0,19322052,1677,4,,
676.64,30521.0,75559080,WSL MemTotal-MemAvailable fallback,0,19322052,1677,4,,
677.674,30522.0,75550720,WSL MemTotal-MemAvailable fallback,0,19322052,1677,4,,
678.715,30522.0,75549100,WSL MemTotal-MemAvailable fallback,0,19322052,1677,4,,
679.754,30522.0,75544100,WSL MemTotal-MemAvailable fallback,0,19322052,1677,4,,
680.809,30521.0,75545808,WSL MemTotal-MemAvailable fallback,0,19322052,1677,4,,
681.852,30521.0,75563492,WSL MemTotal-MemAvailable fallback,0,19322052,1677,4,,
682.916,30521.0,75562424,WSL MemTotal-MemAvailable fallback,0,19322052,1677,4,,
683.96,30542.0,75563052,WSL MemTotal-MemAvailable fallback,0,19322052,1677,4,,
684.995,30542.0,75563256,WSL MemTotal-MemAvailable fallback,0,19322052,1677,4,,
686.03,30542.0,75559696,WSL MemTotal-MemAvailable fallback,0,19322052,1677,4,,
687.066,30542.0,75563972,WSL MemTotal-MemAvailable fallback,0,19322052,1677,4,,
688.112,30562.0,75565160,WSL MemTotal-MemAvailable fallback,0,19322052,1677,4,,
689.15,30564.0,75570276,WSL MemTotal-MemAvailable fallback,0,19322052,1677,4,,
690.192,30746.0,75574648,WSL MemTotal-MemAvailable fallback,0,19322052,1677,4,,
691.237,30832.0,75561040,WSL MemTotal-MemAvailable fallback,0,19322052,1677,4,,
692.283,30819.0,75576344,WSL MemTotal-MemAvailable fallback,0,19322052,1677,4,,
693.319,30776.0,75572056,WSL MemTotal-MemAvailable fallback,0,19322052,1677,4,,
694.358,30759.0,75565316,WSL MemTotal-MemAvailable fallback,0,19322052,1677,4,,
695.402,30682.0,75565296,WSL MemTotal-MemAvailable fallback,0,19322052,1677,4,,
696.44,30581.0,75560928,WSL MemTotal-MemAvailable fallback,0,19322054,1677,4,,
697.478,30546.0,75561040,WSL MemTotal-MemAvailable fallback,0,19322054,1677,4,,
698.53,30546.0,75568160,WSL MemTotal-MemAvailable fallback,0,19322054,1677,4,,
699.566,30546.0,75563220,WSL MemTotal-MemAvailable fallback,0,19322054,1677,4,,
700.606,30538.0,75571192,WSL MemTotal-MemAvailable fallback,0,19322054,1677,4,,
701.648,30538.0,75570488,WSL MemTotal-MemAvailable fallback,0,19322054,1677,4,,
702.713,30538.0,75561608,WSL MemTotal-MemAvailable fallback,0,19322054,1677,4,,
703.76,30538.0,75559340,WSL MemTotal-MemAvailable fallback,0,19322054,1677,4,,
704.8,30538.0,75561592,WSL MemTotal-MemAvailable fallback,0,19322054,1677,4,,
705.839,30538.0,75554704,WSL MemTotal-MemAvailable fallback,0,19322054,1677,4,,
706.877,30538.0,75555860,WSL MemTotal-MemAvailable fallback,0,19322054,1677,4,,
707.93,30539.0,75566884,WSL MemTotal-MemAvailable fallback,0,19322054,1677,4,,
708.981,30539.0,75558612,WSL MemTotal-MemAvailable fallback,0,19322054,1677,4,,
710.024,30539.0,75560012,WSL MemTotal-MemAvailable fallback,0,19322054,1677,4,,
711.072,30539.0,75565020,WSL MemTotal-MemAvailable fallback,0,19322054,1677,4,,
712.107,30539.0,75564316,WSL MemTotal-MemAvailable fallback,0,19322054,1677,4,,
713.15,30539.0,75566236,WSL MemTotal-MemAvailable fallback,0,19322054,1677,4,,
714.196,30539.0,75566308,WSL MemTotal-MemAvailable fallback,0,19322054,1677,4,,
715.242,30539.0,75581388,WSL MemTotal-MemAvailable fallback,0,19322146,1677,4,,
716.287,30539.0,75582608,WSL MemTotal-MemAvailable fallback,0,19322368,1677,4,,
717.328,30538.0,75582048,WSL MemTotal-MemAvailable fallback,0,19322597,1677,4,,
718.367,30538.0,75580648,WSL MemTotal-MemAvailable fallback,0,19322827,1677,4,,
719.406,30538.0,75595124,WSL MemTotal-MemAvailable fallback,0,19323040,1677,4,,
720.445,30538.0,75591920,WSL MemTotal-MemAvailable fallback,0,19323255,1677,4,,
721.486,30538.0,75592488,WSL MemTotal-MemAvailable fallback,0,19323444,1677,4,,
722.521,30538.0,75593996,WSL MemTotal-MemAvailable fallback,0,19323489,1677,4,,
723.558,30538.0,75589620,WSL MemTotal-MemAvailable fallback,0,19323700,1677,4,,
724.597,30539.0,75595308,WSL MemTotal-MemAvailable fallback,0,19323912,1677,4,,
725.642,30538.0,75590500,WSL MemTotal-MemAvailable fallback,0,19324197,1677,4,,
726.676,30538.0,75587932,WSL MemTotal-MemAvailable fallback,0,19324403,1677,4,,
727.713,30538.0,75587612,WSL MemTotal-MemAvailable fallback,0,19324623,1677,4,,
728.755,30539.0,75592520,WSL MemTotal-MemAvailable fallback,0,19324834,1677,4,,
729.796,30539.0,75586620,WSL MemTotal-MemAvailable fallback,0,19324835,1677,4,,
730.832,30539.0,75592892,WSL MemTotal-MemAvailable fallback,0,19324993,1677,4,,
731.873,30539.0,75594396,WSL MemTotal-MemAvailable fallback,0,19325227,1677,4,,
732.915,30539.0,75590880,WSL MemTotal-MemAvailable fallback,0,19325417,1677,4,,
733.955,30539.0,75587396,WSL MemTotal-MemAvailable fallback,0,19325602,1677,4,,
734.996,30539.0,75580612,WSL MemTotal-MemAvailable fallback,0,19325797,1677,4,,
736.037,30539.0,75604248,WSL MemTotal-MemAvailable fallback,0,19333002,1677,4,,
737.075,30539.0,75606564,WSL MemTotal-MemAvailable fallback,0,19333002,1677,4,,
738.111,30539.0,75608752,WSL MemTotal-MemAvailable fallback,0,19333002,1677,4,,
739.151,30539.0,75613720,WSL MemTotal-MemAvailable fallback,0,19333002,1677,4,,
740.187,30539.0,75609416,WSL MemTotal-MemAvailable fallback,0,19333089,1677,4,,
741.223,30538.0,75611248,WSL MemTotal-MemAvailable fallback,0,19333101,1677,4,,
742.259,30538.0,75614400,WSL MemTotal-MemAvailable fallback,0,19333101,1677,4,,
743.296,30539.0,75609048,WSL MemTotal-MemAvailable fallback,0,19334454,1677,4,,
744.335,30539.0,75610984,WSL MemTotal-MemAvailable fallback,0,19334454,1677,4,,
745.379,30539.0,75613732,WSL MemTotal-MemAvailable fallback,0,19334454,1677,4,,
746.421,30539.0,75599728,WSL MemTotal-MemAvailable fallback,0,19334454,1677,4,,
747.474,30699.0,75762608,WSL MemTotal-MemAvailable fallback,0,19385495,1677,4,,
748.52,30699.0,75754396,WSL MemTotal-MemAvailable fallback,0,19385610,1677,4,,
749.574,30699.0,75712784,WSL MemTotal-MemAvailable fallback,0,19386213,1677,4,,
750.611,30699.0,75716188,WSL MemTotal-MemAvailable fallback,0,19387232,1677,4,,
751.65,30699.0,75704376,WSL MemTotal-MemAvailable fallback,0,19387232,1677,4,,
752.684,30699.0,75680084,WSL MemTotal-MemAvailable fallback,0,19387232,1677,4,,
753.73,30699.0,75658588,WSL MemTotal-MemAvailable fallback,0,19394147,1677,4,,
754.773,30699.0,75675700,WSL MemTotal-MemAvailable fallback,0,19394147,1677,4,,
755.814,30699.0,75683204,WSL MemTotal-MemAvailable fallback,0,19394147,1677,4,,
756.853,30699.0,75681780,WSL MemTotal-MemAvailable fallback,0,19394147,1677,4,,
757.885,30699.0,75665036,WSL MemTotal-MemAvailable fallback,0,19395438,1677,4,,
758.945,30699.0,75837204,WSL MemTotal-MemAvailable fallback,0,19450506,1677,4,,
759.982,30707.0,75839596,WSL MemTotal-MemAvailable fallback,0,19450506,1677,4,,
761.021,30708.0,75835364,WSL MemTotal-MemAvailable fallback,0,19450511,1677,4,,
762.059,30708.0,75840720,WSL MemTotal-MemAvailable fallback,0,19450522,1677,4,,
763.122,30707.0,75852360,WSL MemTotal-MemAvailable fallback,0,19461076,1677,4,,
764.162,30707.0,75852700,WSL MemTotal-MemAvailable fallback,0,19461076,1677,4,,
765.218,30698.0,75851724,WSL MemTotal-MemAvailable fallback,0,19461076,1677,4,,
766.254,30696.0,75849800,WSL MemTotal-MemAvailable fallback,0,19461076,1677,4,,
767.293,30696.0,75842172,WSL MemTotal-MemAvailable fallback,0,19461082,1677,4,,
768.348,30696.0,75839548,WSL MemTotal-MemAvailable fallback,0,19461082,1677,4,,
769.393,30696.0,75836856,WSL MemTotal-MemAvailable fallback,0,19461083,1677,4,,
770.431,30696.0,75836060,WSL MemTotal-MemAvailable fallback,0,19461083,1677,4,,
771.478,30696.0,75833484,WSL MemTotal-MemAvailable fallback,0,19461086,1677,4,,
772.526,30696.0,75846372,WSL MemTotal-MemAvailable fallback,0,19461086,1677,4,,
773.563,30696.0,75855120,WSL MemTotal-MemAvailable fallback,0,19461086,1677,4,,
774.6,30696.0,75850940,WSL MemTotal-MemAvailable fallback,0,19461086,1677,4,,
775.637,30696.0,75849800,WSL MemTotal-MemAvailable fallback,0,19461086,1677,4,,
776.675,30696.0,75853160,WSL MemTotal-MemAvailable fallback,0,19461086,1677,4,,
777.711,30696.0,75850600,WSL MemTotal-MemAvailable fallback,0,19461086,1677,4,,
778.747,30696.0,75840932,WSL MemTotal-MemAvailable fallback,0,19461086,1677,4,,
779.784,30696.0,75832672,WSL MemTotal-MemAvailable fallback,0,19461086,1677,4,,
780.825,30696.0,75832956,WSL MemTotal-MemAvailable fallback,0,19461086,1677,4,,
781.863,30696.0,75832980,WSL MemTotal-MemAvailable fallback,0,19461087,1677,4,,
782.902,30696.0,75830848,WSL MemTotal-MemAvailable fallback,0,19461087,1677,4,,
783.943,30696.0,75829724,WSL MemTotal-MemAvailable fallback,0,19461087,1677,4,,
784.982,30696.0,75833676,WSL MemTotal-MemAvailable fallback,0,19461087,1677,4,,
786.018,30696.0,75845696,WSL MemTotal-MemAvailable fallback,0,19461087,1677,4,,
787.052,30696.0,75846400,WSL MemTotal-MemAvailable fallback,0,19461087,1677,4,,
788.087,30696.0,75847532,WSL MemTotal-MemAvailable fallback,0,19461087,1677,4,,
789.125,30696.0,75845408,WSL MemTotal-MemAvailable fallback,0,19461087,1677,4,,
790.168,30696.0,75844408,WSL MemTotal-MemAvailable fallback,0,19461087,1677,4,,
791.203,30696.0,75845604,WSL MemTotal-MemAvailable fallback,0,19461087,1677,4,,
792.244,30696.0,75845936,WSL MemTotal-MemAvailable fallback,0,19461087,1677,4,,
793.281,30696.0,75857536,WSL MemTotal-MemAvailable fallback,0,19461087,1677,4,,
794.324,30696.0,75851420,WSL MemTotal-MemAvailable fallback,0,19461087,1677,4,,
795.359,30696.0,75853672,WSL MemTotal-MemAvailable fallback,0,19461087,1677,4,,
796.398,30696.0,75854192,WSL MemTotal-MemAvailable fallback,0,19461087,1677,4,,
797.437,30696.0,75847580,WSL MemTotal-MemAvailable fallback,0,19461087,1677,4,,
798.474,30696.0,75849328,WSL MemTotal-MemAvailable fallback,0,19461087,1677,4,,
799.513,30696.0,75842880,WSL MemTotal-MemAvailable fallback,0,19461087,1677,4,,
800.55,30696.0,75838948,WSL MemTotal-MemAvailable fallback,0,19461087,1677,4,,
801.584,30696.0,75818924,WSL MemTotal-MemAvailable fallback,0,19461087,1677,4,,
802.625,30696.0,75820304,WSL MemTotal-MemAvailable fallback,0,19461087,1677,4,,
803.66,30696.0,75826672,WSL MemTotal-MemAvailable fallback,0,19461088,1677,4,,
804.704,30696.0,75832252,WSL MemTotal-MemAvailable fallback,0,19461088,1677,4,,
805.741,30696.0,75826860,WSL MemTotal-MemAvailable fallback,0,19461088,1677,4,,
806.783,30696.0,75839376,WSL MemTotal-MemAvailable fallback,0,19461088,1677,4,,
807.825,30696.0,75845564,WSL MemTotal-MemAvailable fallback,0,19461088,1677,4,,
808.879,30696.0,75877104,WSL MemTotal-MemAvailable fallback,0,19469768,1677,4,,
809.914,30696.0,75881432,WSL MemTotal-MemAvailable fallback,0,19469768,1677,4,,
810.958,30696.0,75880656,WSL MemTotal-MemAvailable fallback,0,19469768,1677,4,,
811.996,30696.0,75879284,WSL MemTotal-MemAvailable fallback,0,19469768,1677,4,,
813.036,30697.0,75878408,WSL MemTotal-MemAvailable fallback,0,19469768,1677,4,,
814.072,30696.0,75876096,WSL MemTotal-MemAvailable fallback,0,19469768,1677,4,,
815.11,30696.0,75881300,WSL MemTotal-MemAvailable fallback,0,19469768,1677,4,,
816.148,30697.0,75834696,WSL MemTotal-MemAvailable fallback,0,19470116,1677,4,,
817.189,30696.0,75834524,WSL MemTotal-MemAvailable fallback,0,19470116,1677,4,,
818.223,30696.0,75850148,WSL MemTotal-MemAvailable fallback,0,19470116,1677,4,,
819.269,30696.0,75846416,WSL MemTotal-MemAvailable fallback,0,19470116,1677,4,,
820.304,30697.0,75857744,WSL MemTotal-MemAvailable fallback,0,19470116,1677,4,,
821.341,30696.0,75825636,WSL MemTotal-MemAvailable fallback,0,19470116,1677,4,,
822.379,30697.0,75827256,WSL MemTotal-MemAvailable fallback,0,19470116,1677,4,,
823.435,30697.0,75826032,WSL MemTotal-MemAvailable fallback,0,19470116,1677,4,,
824.476,30696.0,75820192,WSL MemTotal-MemAvailable fallback,0,19470116,1677,4,,
825.509,30696.0,75810704,WSL MemTotal-MemAvailable fallback,0,19470116,1677,4,,
826.547,30696.0,75808284,WSL MemTotal-MemAvailable fallback,0,19470116,1677,4,,
827.589,30697.0,75804140,WSL MemTotal-MemAvailable fallback,0,19470116,1677,4,,
828.625,30710.0,75806408,WSL MemTotal-MemAvailable fallback,0,19470116,1677,4,,
829.671,30710.0,75822688,WSL MemTotal-MemAvailable fallback,0,19470116,1677,4,,
830.723,30709.0,75806448,WSL MemTotal-MemAvailable fallback,0,19470116,1677,4,,
831.768,30709.0,75805952,WSL MemTotal-MemAvailable fallback,0,19470116,1677,4,,
832.811,30709.0,75808996,WSL MemTotal-MemAvailable fallback,0,19470116,1677,4,,
833.855,30699.0,75808328,WSL MemTotal-MemAvailable fallback,0,19470387,1677,4,,
834.901,30693.0,75799680,WSL MemTotal-MemAvailable fallback,0,19470387,1677,4,,
835.94,30693.0,75799472,WSL MemTotal-MemAvailable fallback,0,19470387,1677,4,,
836.98,30693.0,75796936,WSL MemTotal-MemAvailable fallback,0,19470577,1677,4,,
838.024,30693.0,75798428,WSL MemTotal-MemAvailable fallback,0,19470577,1677,4,,
839.058,30693.0,75806432,WSL MemTotal-MemAvailable fallback,0,19470577,1677,4,,
840.099,30693.0,75803912,WSL MemTotal-MemAvailable fallback,0,19470577,1677,4,,
841.139,30693.0,75804040,WSL MemTotal-MemAvailable fallback,0,19470577,1677,4,,
842.183,30693.0,75810148,WSL MemTotal-MemAvailable fallback,0,19470577,1677,4,,
843.233,30693.0,75808472,WSL MemTotal-MemAvailable fallback,0,19470577,1677,4,,
844.283,30693.0,75804680,WSL MemTotal-MemAvailable fallback,0,19470577,1677,4,,
845.325,30693.0,75810540,WSL MemTotal-MemAvailable fallback,0,19470577,1677,4,,
846.373,30687.0,75800600,WSL MemTotal-MemAvailable fallback,0,19470577,1677,4,,
847.412,30687.0,75802288,WSL MemTotal-MemAvailable fallback,0,19470577,1677,4,,
848.458,30693.0,75803040,WSL MemTotal-MemAvailable fallback,0,19470577,1677,4,,
849.497,30693.0,75802224,WSL MemTotal-MemAvailable fallback,0,19470577,1677,4,,
850.539,30693.0,75800724,WSL MemTotal-MemAvailable fallback,0,19470577,1677,4,,
851.578,30693.0,75804920,WSL MemTotal-MemAvailable fallback,0,19470577,1677,4,,
852.626,30693.0,75811324,WSL MemTotal-MemAvailable fallback,0,19470577,1677,4,,
853.675,30693.0,75806412,WSL MemTotal-MemAvailable fallback,0,19470577,1677,4,,
854.731,30693.0,75803200,WSL MemTotal-MemAvailable fallback,0,19470577,1677,4,,
855.773,30693.0,75804412,WSL MemTotal-MemAvailable fallback,0,19470577,1677,4,,
856.818,30693.0,75806628,WSL MemTotal-MemAvailable fallback,0,19470577,1677,4,,
857.858,30693.0,75815084,WSL MemTotal-MemAvailable fallback,0,19470577,1677,4,,
858.91,30693.0,75810184,WSL MemTotal-MemAvailable fallback,0,19470577,1677,4,,
859.954,30693.0,75799536,WSL MemTotal-MemAvailable fallback,0,19470577,1677,4,,
860.992,30693.0,75799324,WSL MemTotal-MemAvailable fallback,0,19470577,1677,4,,
862.03,30693.0,75803680,WSL MemTotal-MemAvailable fallback,0,19470690,1677,4,,
863.065,30693.0,75800576,WSL MemTotal-MemAvailable fallback,0,19470690,1677,4,,
864.109,30693.0,75805912,WSL MemTotal-MemAvailable fallback,0,19470690,1677,4,,
865.164,30693.0,75810892,WSL MemTotal-MemAvailable fallback,0,19470690,1677,4,,
866.208,30693.0,75806048,WSL MemTotal-MemAvailable fallback,0,19470690,1677,4,,
867.244,30693.0,75801236,WSL MemTotal-MemAvailable fallback,0,19470690,1677,4,,
868.28,30693.0,75803284,WSL MemTotal-MemAvailable fallback,0,19470690,1677,4,,
869.321,30693.0,75800992,WSL MemTotal-MemAvailable fallback,0,19470690,1677,4,,
870.365,30693.0,75803496,WSL MemTotal-MemAvailable fallback,0,19470690,1677,4,,
871.407,30693.0,75804384,WSL MemTotal-MemAvailable fallback,0,19470690,1677,4,,
872.455,30693.0,75805752,WSL MemTotal-MemAvailable fallback,0,19470690,1677,4,,
873.492,30693.0,75797668,WSL MemTotal-MemAvailable fallback,0,19470690,1677,4,,
874.537,30693.0,75797092,WSL MemTotal-MemAvailable fallback,0,19470690,1677,4,,
875.578,30693.0,75788648,WSL MemTotal-MemAvailable fallback,0,19470690,1677,4,,
876.627,30693.0,75791268,WSL MemTotal-MemAvailable fallback,0,19470690,1677,4,,
877.661,30693.0,75795124,WSL MemTotal-MemAvailable fallback,0,19470690,1677,4,,
878.705,30693.0,75796232,WSL MemTotal-MemAvailable fallback,0,19470690,1677,4,,
879.745,30693.0,75794628,WSL MemTotal-MemAvailable fallback,0,19470690,1677,4,,
880.793,30693.0,75795088,WSL MemTotal-MemAvailable fallback,0,19470690,1677,4,,
881.832,30693.0,75789248,WSL MemTotal-MemAvailable fallback,0,19470690,1677,4,,
882.888,30693.0,75792184,WSL MemTotal-MemAvailable fallback,0,19470690,1677,4,,
883.93,30693.0,75795544,WSL MemTotal-MemAvailable fallback,0,19470690,1677,4,,
884.98,30693.0,75797500,WSL MemTotal-MemAvailable fallback,0,19470690,1677,4,,
886.018,30693.0,75798328,WSL MemTotal-MemAvailable fallback,0,19470690,1677,4,,
887.064,30693.0,75799320,WSL MemTotal-MemAvailable fallback,0,19470690,1677,4,,
888.114,30693.0,75791812,WSL MemTotal-MemAvailable fallback,0,19470690,1677,4,,
889.17,30693.0,75796736,WSL MemTotal-MemAvailable fallback,0,19470690,1677,4,,
890.213,30693.0,75795784,WSL MemTotal-MemAvailable fallback,0,19470690,1677,4,,
891.257,30693.0,75797232,WSL MemTotal-MemAvailable fallback,0,19470690,1677,4,,
892.298,30693.0,75792916,WSL MemTotal-MemAvailable fallback,0,19470690,1677,4,,
893.348,30693.0,75789620,WSL MemTotal-MemAvailable fallback,0,19470690,1677,4,,
894.408,30693.0,75790068,WSL MemTotal-MemAvailable fallback,0,19470690,1677,4,,
895.447,30695.0,75793108,WSL MemTotal-MemAvailable fallback,0,19470690,1677,4,,
896.49,30695.0,75795040,WSL MemTotal-MemAvailable fallback,0,19470690,1677,4,,
897.528,30700.0,75798536,WSL MemTotal-MemAvailable fallback,0,19470690,1677,4,,
898.584,30700.0,75795944,WSL MemTotal-MemAvailable fallback,0,19470690,1677,4,,
899.631,30700.0,75807128,WSL MemTotal-MemAvailable fallback,0,19470690,1677,4,,
900.689,30699.0,75801556,WSL MemTotal-MemAvailable fallback,0,19470690,1677,4,,
901.731,30698.0,75800056,WSL MemTotal-MemAvailable fallback,0,19470690,1677,4,,
902.781,30698.0,75803064,WSL MemTotal-MemAvailable fallback,0,19470690,1677,4,,
903.841,30698.0,75804252,WSL MemTotal-MemAvailable fallback,0,19470690,1677,4,,
904.897,30698.0,75804524,WSL MemTotal-MemAvailable fallback,0,19470690,1677,4,,
905.936,30698.0,75796244,WSL MemTotal-MemAvailable fallback,0,19470690,1677,4,,
906.97,30693.0,75811864,WSL MemTotal-MemAvailable fallback,0,19470690,1677,4,,
908.01,30693.0,75800020,WSL MemTotal-MemAvailable fallback,0,19470690,1677,4,,
909.05,30693.0,75800200,WSL MemTotal-MemAvailable fallback,0,19470690,1677,4,,
910.086,30693.0,75803648,WSL MemTotal-MemAvailable fallback,0,19470690,1677,4,,
911.123,30693.0,75808924,WSL MemTotal-MemAvailable fallback,0,19470691,1677,4,,
912.163,30693.0,75806824,WSL MemTotal-MemAvailable fallback,0,19470691,1677,4,,
913.209,30693.0,75799692,WSL MemTotal-MemAvailable fallback,0,19470691,1677,4,,
914.249,30693.0,75803444,WSL MemTotal-MemAvailable fallback,0,19470693,1677,4,,
915.284,30693.0,75821812,WSL MemTotal-MemAvailable fallback,0,19471714,1677,4,,
916.32,30693.0,75864228,WSL MemTotal-MemAvailable fallback,0,19483080,1677,4,,
917.359,30693.0,75867320,WSL MemTotal-MemAvailable fallback,0,19483080,1677,4,,
918.397,30693.0,75870796,WSL MemTotal-MemAvailable fallback,0,19483080,1677,4,,
919.444,30693.0,75864308,WSL MemTotal-MemAvailable fallback,0,19483080,1677,4,,
920.489,30693.0,75870620,WSL MemTotal-MemAvailable fallback,0,19483080,1677,4,,
921.523,30693.0,75869632,WSL MemTotal-MemAvailable fallback,0,19483080,1677,4,,
922.557,30693.0,75866868,WSL MemTotal-MemAvailable fallback,0,19483080,1677,4,,
923.611,30693.0,75868144,WSL MemTotal-MemAvailable fallback,0,19483080,1677,4,,
924.656,30693.0,75883704,WSL MemTotal-MemAvailable fallback,0,19483080,1677,4,,
925.693,30693.0,75883488,WSL MemTotal-MemAvailable fallback,0,19483080,1677,4,,
926.736,30693.0,75898908,WSL MemTotal-MemAvailable fallback,0,19483080,1677,4,,
927.781,30693.0,75906680,WSL MemTotal-MemAvailable fallback,0,19483080,1677,4,,
928.828,30693.0,75920960,WSL MemTotal-MemAvailable fallback,0,19483080,1677,4,,
929.869,30692.0,75912832,WSL MemTotal-MemAvailable fallback,0,19483080,1677,4,,
930.913,30692.0,75887696,WSL MemTotal-MemAvailable fallback,0,19483080,1677,4,,
931.953,30692.0,75895376,WSL MemTotal-MemAvailable fallback,0,19483080,1677,4,,
932.988,30693.0,75899156,WSL MemTotal-MemAvailable fallback,0,19483080,1677,4,,
934.024,30693.0,75895728,WSL MemTotal-MemAvailable fallback,0,19483080,1677,4,,
935.066,30693.0,75894396,WSL MemTotal-MemAvailable fallback,0,19483080,1677,4,,
936.105,30693.0,75905044,WSL MemTotal-MemAvailable fallback,0,19483080,1677,4,,
937.15,30693.0,75895256,WSL MemTotal-MemAvailable fallback,0,19483080,1677,4,,
938.189,30693.0,75895396,WSL MemTotal-MemAvailable fallback,0,19483080,1677,4,,
939.245,30693.0,75890388,WSL MemTotal-MemAvailable fallback,0,19483080,1677,4,,
940.294,30693.0,75883156,WSL MemTotal-MemAvailable fallback,0,19483080,1677,4,,
941.332,30693.0,75878128,WSL MemTotal-MemAvailable fallback,0,19483080,1677,4,,
942.39,30693.0,75876948,WSL MemTotal-MemAvailable fallback,0,19483080,1677,4,,
943.441,30693.0,75870404,WSL MemTotal-MemAvailable fallback,0,19483080,1677,4,,
944.491,30693.0,75858180,WSL MemTotal-MemAvailable fallback,0,19483080,1677,4,,
945.542,30693.0,75859600,WSL MemTotal-MemAvailable fallback,0,19483080,1677,4,,
946.585,30744.0,75856308,WSL MemTotal-MemAvailable fallback,0,19483080,1677,4,,
947.625,30747.0,75859188,WSL MemTotal-MemAvailable fallback,0,19483080,1677,4,,
948.661,30845.0,75865732,WSL MemTotal-MemAvailable fallback,0,19483080,1677,4,,
949.697,30826.0,75860708,WSL MemTotal-MemAvailable fallback,0,19483080,1677,4,,
950.746,30817.0,75859120,WSL MemTotal-MemAvailable fallback,0,19483080,1677,4,,
951.796,30797.0,75855048,WSL MemTotal-MemAvailable fallback,0,19483080,1677,4,,
952.837,30778.0,75861396,WSL MemTotal-MemAvailable fallback,0,19483080,1677,4,,
953.875,30766.0,75863120,WSL MemTotal-MemAvailable fallback,0,19483080,1677,4,,
954.912,30759.0,75854216,WSL MemTotal-MemAvailable fallback,0,19483080,1677,4,,
955.952,30759.0,75860476,WSL MemTotal-MemAvailable fallback,0,19483080,1677,4,,
956.987,30759.0,75861428,WSL MemTotal-MemAvailable fallback,0,19483080,1677,4,,
958.026,30690.0,75866276,WSL MemTotal-MemAvailable fallback,0,19483080,1677,4,,
959.07,30690.0,75869556,WSL MemTotal-MemAvailable fallback,0,19483080,1677,4,,
960.108,30691.0,75869460,WSL MemTotal-MemAvailable fallback,0,19483080,1677,4,,
961.166,30690.0,75874556,WSL MemTotal-MemAvailable fallback,0,19483080,1677,4,,
962.204,30690.0,75876736,WSL MemTotal-MemAvailable fallback,0,19483080,1677,4,,
963.245,30699.0,75878260,WSL MemTotal-MemAvailable fallback,0,19483080,1677,4,,
964.285,30698.0,75874576,WSL MemTotal-MemAvailable fallback,0,19483080,1677,4,,
965.341,30697.0,75874524,WSL MemTotal-MemAvailable fallback,0,19483080,1677,4,,
966.396,30697.0,75873640,WSL MemTotal-MemAvailable fallback,0,19483080,1677,4,,
967.432,30697.0,75872820,WSL MemTotal-MemAvailable fallback,0,19483080,1677,4,,
968.469,30690.0,75873360,WSL MemTotal-MemAvailable fallback,0,19483080,1677,4,,
969.504,30690.0,75873924,WSL MemTotal-MemAvailable fallback,0,19483080,1677,4,,
970.54,30690.0,75869388,WSL MemTotal-MemAvailable fallback,0,19483080,1677,4,,
971.578,30690.0,75872988,WSL MemTotal-MemAvailable fallback,0,19483080,1677,4,,
972.63,30691.0,75871468,WSL MemTotal-MemAvailable fallback,0,19483080,1677,4,,
973.667,30690.0,75872336,WSL MemTotal-MemAvailable fallback,0,19483080,1677,4,,
974.721,30690.0,75868540,WSL MemTotal-MemAvailable fallback,0,19483080,1677,4,,
975.758,30690.0,75870468,WSL MemTotal-MemAvailable fallback,0,19483080,1677,4,,
976.802,30691.0,75868220,WSL MemTotal-MemAvailable fallback,0,19483080,1677,4,,
977.837,30691.0,75864204,WSL MemTotal-MemAvailable fallback,0,19483080,1677,4,,
978.88,30690.0,75866304,WSL MemTotal-MemAvailable fallback,0,19483080,1677,4,,
979.914,30690.0,75868304,WSL MemTotal-MemAvailable fallback,0,19483080,1677,4,,
980.954,30691.0,75879132,WSL MemTotal-MemAvailable fallback,0,19483080,1677,4,,
982.006,30690.0,75877032,WSL MemTotal-MemAvailable fallback,0,19483080,1677,4,,
983.048,30690.0,75877968,WSL MemTotal-MemAvailable fallback,0,19483080,1677,4,,
984.088,30690.0,75869348,WSL MemTotal-MemAvailable fallback,0,19483080,1677,4,,
985.125,30690.0,75869372,WSL MemTotal-MemAvailable fallback,0,19483080,1677,4,,
986.173,30690.0,75868468,WSL MemTotal-MemAvailable fallback,0,19483080,1677,4,,
987.223,30690.0,75867488,WSL MemTotal-MemAvailable fallback,0,19483080,1677,4,,
988.281,30691.0,75869616,WSL MemTotal-MemAvailable fallback,0,19483080,1677,4,,
989.32,30690.0,75870296,WSL MemTotal-MemAvailable fallback,0,19483080,1677,4,,
990.368,30690.0,75875484,WSL MemTotal-MemAvailable fallback,0,19483080,1677,4,,
991.427,30690.0,75865804,WSL MemTotal-MemAvailable fallback,0,19483080,1677,4,,
992.472,30690.0,75863416,WSL MemTotal-MemAvailable fallback,0,19483080,1677,4,,
993.51,30690.0,75867052,WSL MemTotal-MemAvailable fallback,0,19483080,1677,4,,
994.547,30690.0,75865532,WSL MemTotal-MemAvailable fallback,0,19483080,1677,4,,
995.582,30690.0,75869900,WSL MemTotal-MemAvailable fallback,0,19483080,1677,4,,
996.62,30690.0,75869972,WSL MemTotal-MemAvailable fallback,0,19483080,1677,4,,
997.657,30690.0,75868784,WSL MemTotal-MemAvailable fallback,0,19483080,1677,4,,
998.705,30690.0,75868476,WSL MemTotal-MemAvailable fallback,0,19483080,1677,4,,
999.742,30690.0,75871044,WSL MemTotal-MemAvailable fallback,0,19483080,1677,4,,
1000.781,30690.0,75876436,WSL MemTotal-MemAvailable fallback,0,19483080,1677,4,,
1001.817,30690.0,75874220,WSL MemTotal-MemAvailable fallback,0,19483080,1677,4,,
1002.87,30690.0,75878160,WSL MemTotal-MemAvailable fallback,0,19483080,1677,4,,
1003.906,30690.0,75884140,WSL MemTotal-MemAvailable fallback,0,19483080,1677,4,,
1004.952,30690.0,75881944,WSL MemTotal-MemAvailable fallback,0,19483080,1677,4,,
1006.004,30690.0,75880332,WSL MemTotal-MemAvailable fallback,0,19483080,1677,4,,
1007.051,30690.0,75868948,WSL MemTotal-MemAvailable fallback,0,19483080,1677,4,,
1008.095,30690.0,75871384,WSL MemTotal-MemAvailable fallback,0,19483080,1677,4,,
1009.137,30690.0,75867696,WSL MemTotal-MemAvailable fallback,0,19483080,1677,4,,
1010.177,30690.0,75875456,WSL MemTotal-MemAvailable fallback,0,19483080,1677,4,,
1011.221,30690.0,75868688,WSL MemTotal-MemAvailable fallback,0,19483080,1677,4,,
1012.262,30691.0,75874520,WSL MemTotal-MemAvailable fallback,0,19483080,1677,4,,
1013.304,30690.0,75868420,WSL MemTotal-MemAvailable fallback,0,19483080,1677,4,,
1014.357,30690.0,75870488,WSL MemTotal-MemAvailable fallback,0,19483080,1677,4,,
1015.407,30690.0,75865740,WSL MemTotal-MemAvailable fallback,0,19483080,1677,4,,
1016.462,30690.0,75867000,WSL MemTotal-MemAvailable fallback,0,19483080,1677,4,,
1017.518,30690.0,75869308,WSL MemTotal-MemAvailable fallback,0,19483080,1677,4,,
1018.558,30685.0,75874584,WSL MemTotal-MemAvailable fallback,0,19483080,1677,4,,
1019.598,30685.0,75875528,WSL MemTotal-MemAvailable fallback,0,19483080,1677,4,,
1020.646,30685.0,75879384,WSL MemTotal-MemAvailable fallback,0,19483080,1677,4,,
1021.686,30684.0,75879644,WSL MemTotal-MemAvailable fallback,0,19483080,1677,4,,
1022.731,30684.0,75875388,WSL MemTotal-MemAvailable fallback,0,19483080,1677,4,,
1023.766,30685.0,75871580,WSL MemTotal-MemAvailable fallback,0,19483080,1677,4,,
1024.82,30690.0,75868368,WSL MemTotal-MemAvailable fallback,0,19483080,1677,4,,
1025.864,30690.0,75875532,WSL MemTotal-MemAvailable fallback,0,19483080,1677,4,,
1026.904,30690.0,75873376,WSL MemTotal-MemAvailable fallback,0,19483080,1677,4,,
1027.939,30690.0,75869164,WSL MemTotal-MemAvailable fallback,0,19483080,1677,4,,
1028.974,30690.0,75871196,WSL MemTotal-MemAvailable fallback,0,19483080,1677,4,,
1030.016,30690.0,75869824,WSL MemTotal-MemAvailable fallback,0,19483080,1677,4,,
1031.059,30690.0,75866832,WSL MemTotal-MemAvailable fallback,0,19483080,1677,4,,
1032.097,30693.0,75871872,WSL MemTotal-MemAvailable fallback,0,19483080,1677,4,,
1033.133,30693.0,75864744,WSL MemTotal-MemAvailable fallback,0,19483080,1677,4,,
1034.175,30693.0,75860820,WSL MemTotal-MemAvailable fallback,0,19483080,1677,4,,
1035.217,30693.0,75859408,WSL MemTotal-MemAvailable fallback,0,19483080,1677,4,,
1036.261,30693.0,75864976,WSL MemTotal-MemAvailable fallback,0,19483080,1677,4,,
1037.299,30691.0,75867028,WSL MemTotal-MemAvailable fallback,0,19483080,1677,4,,
1038.337,30690.0,75873300,WSL MemTotal-MemAvailable fallback,0,19483080,1677,4,,
1039.378,30690.0,75867564,WSL MemTotal-MemAvailable fallback,0,19483080,1677,4,,
1040.413,30691.0,75871452,WSL MemTotal-MemAvailable fallback,0,19483080,1677,4,,
1041.466,30690.0,75870892,WSL MemTotal-MemAvailable fallback,0,19483080,1677,4,,
1042.511,30690.0,75870196,WSL MemTotal-MemAvailable fallback,0,19483080,1677,4,,
1043.553,30690.0,75865760,WSL MemTotal-MemAvailable fallback,0,19483080,1677,4,,
1044.594,30690.0,75865632,WSL MemTotal-MemAvailable fallback,0,19483080,1677,4,,
1045.64,30690.0,75862224,WSL MemTotal-MemAvailable fallback,0,19483080,1677,4,,
1046.685,30690.0,75863752,WSL MemTotal-MemAvailable fallback,0,19483080,1677,4,,
1047.724,30690.0,75869956,WSL MemTotal-MemAvailable fallback,0,19483080,1677,4,,
1048.769,30690.0,75869152,WSL MemTotal-MemAvailable fallback,0,19483080,1677,4,,
1049.819,30690.0,75867712,WSL MemTotal-MemAvailable fallback,0,19483080,1677,4,,
1050.866,30690.0,75866712,WSL MemTotal-MemAvailable fallback,0,19483080,1677,4,,
1051.91,30690.0,75868720,WSL MemTotal-MemAvailable fallback,0,19483080,1677,4,,
1052.953,30690.0,75868916,WSL MemTotal-MemAvailable fallback,0,19483080,1677,4,,
1053.998,30690.0,75872960,WSL MemTotal-MemAvailable fallback,0,19483080,1677,4,,
1055.038,30690.0,75874020,WSL MemTotal-MemAvailable fallback,0,19483080,1677,4,,
1056.093,30691.0,75889712,WSL MemTotal-MemAvailable fallback,0,19483080,1677,4,,
1057.143,30690.0,75874008,WSL MemTotal-MemAvailable fallback,0,19483080,1677,4,,
1058.183,30690.0,75869680,WSL MemTotal-MemAvailable fallback,0,19483080,1677,4,,
1059.225,30690.0,75869420,WSL MemTotal-MemAvailable fallback,0,19483080,1677,4,,
1060.281,30691.0,75865580,WSL MemTotal-MemAvailable fallback,0,19483080,1677,4,,
1061.324,30690.0,75857924,WSL MemTotal-MemAvailable fallback,0,19483080,1677,4,,
1062.36,30690.0,75861468,WSL MemTotal-MemAvailable fallback,0,19483080,1677,4,,
1063.41,30690.0,75862268,WSL MemTotal-MemAvailable fallback,0,19483080,1677,4,,
1064.45,30690.0,75859728,WSL MemTotal-MemAvailable fallback,0,19483080,1677,4,,
1065.485,30690.0,75859584,WSL MemTotal-MemAvailable fallback,0,19483080,1677,4,,
1066.522,30690.0,75862648,WSL MemTotal-MemAvailable fallback,0,19483080,1677,4,,
1067.556,30690.0,75862856,WSL MemTotal-MemAvailable fallback,0,19483080,1677,4,,
1068.601,30690.0,75869660,WSL MemTotal-MemAvailable fallback,0,19483080,1677,4,,
1069.638,30690.0,75870564,WSL MemTotal-MemAvailable fallback,0,19483080,1677,4,,
1070.682,30690.0,75867540,WSL MemTotal-MemAvailable fallback,0,19483080,1677,4,,
1071.724,30690.0,75867760,WSL MemTotal-MemAvailable fallback,0,19483080,1677,4,,
1072.779,30690.0,75870628,WSL MemTotal-MemAvailable fallback,0,19483080,1677,4,,
1073.815,30690.0,75870628,WSL MemTotal-MemAvailable fallback,0,19483080,1677,4,,
1074.849,30690.0,75885728,WSL MemTotal-MemAvailable fallback,0,19483080,1677,4,,
1075.889,30690.0,75869304,WSL MemTotal-MemAvailable fallback,0,19483080,1677,4,,
1076.922,30691.0,75864916,WSL MemTotal-MemAvailable fallback,0,19483080,1677,4,,
1077.963,30690.0,75870976,WSL MemTotal-MemAvailable fallback,0,19483080,1677,4,,
1079.016,30690.0,75863664,WSL MemTotal-MemAvailable fallback,0,19483080,1677,4,,
1080.067,30691.0,75870420,WSL MemTotal-MemAvailable fallback,0,19483080,1677,4,,
1081.11,30691.0,75869728,WSL MemTotal-MemAvailable fallback,0,19483080,1677,4,,
1082.146,30691.0,75868744,WSL MemTotal-MemAvailable fallback,0,19483080,1677,4,,
1083.191,30691.0,75868736,WSL MemTotal-MemAvailable fallback,0,19483080,1677,4,,
1084.232,30691.0,75864540,WSL MemTotal-MemAvailable fallback,0,19483080,1677,4,,
1085.291,30691.0,75864456,WSL MemTotal-MemAvailable fallback,0,19483080,1677,4,,
1086.342,30691.0,75869136,WSL MemTotal-MemAvailable fallback,0,19483080,1677,4,,
1087.392,30691.0,75860920,WSL MemTotal-MemAvailable fallback,0,19483080,1677,4,,
1088.44,30691.0,75877808,WSL MemTotal-MemAvailable fallback,0,19483080,1677,4,,
1089.485,30691.0,75867372,WSL MemTotal-MemAvailable fallback,0,19483080,1677,4,,
1090.526,30691.0,75873708,WSL MemTotal-MemAvailable fallback,0,19483080,1677,4,,
1091.579,30691.0,75873756,WSL MemTotal-MemAvailable fallback,0,19483080,1677,4,,
1092.642,30691.0,75868924,WSL MemTotal-MemAvailable fallback,0,19483080,1677,4,,
1093.691,30691.0,75876232,WSL MemTotal-MemAvailable fallback,0,19483080,1677,4,,
1094.75,30691.0,75874888,WSL MemTotal-MemAvailable fallback,0,19483080,1677,4,,
1095.805,30690.0,75874384,WSL MemTotal-MemAvailable fallback,0,19483080,1677,4,,
1096.86,30691.0,75872824,WSL MemTotal-MemAvailable fallback,0,19483221,1677,4,,
1097.906,30691.0,75871748,WSL MemTotal-MemAvailable fallback,0,19483221,1677,4,,
1098.945,30691.0,75870936,WSL MemTotal-MemAvailable fallback,0,19483221,1677,4,,
1100.0,30691.0,75870708,WSL MemTotal-MemAvailable fallback,0,19483221,1677,4,,
1101.059,30691.0,75872280,WSL MemTotal-MemAvailable fallback,0,19483221,1677,4,,
1102.101,30690.0,75863580,WSL MemTotal-MemAvailable fallback,0,19483221,1677,4,,
1103.149,30691.0,75866568,WSL MemTotal-MemAvailable fallback,0,19483221,1677,4,,
1104.189,30692.0,75873856,WSL MemTotal-MemAvailable fallback,0,19483221,1677,4,,
1105.236,30691.0,75874492,WSL MemTotal-MemAvailable fallback,0,19483221,1677,4,,
1106.283,30691.0,75870844,WSL MemTotal-MemAvailable fallback,0,19483221,1677,4,,
1107.322,30691.0,75869684,WSL MemTotal-MemAvailable fallback,0,19483221,1677,4,,
1108.369,30696.0,75878300,WSL MemTotal-MemAvailable fallback,0,19483221,1677,4,,
1109.412,30690.0,75876560,WSL MemTotal-MemAvailable fallback,0,19483221,1677,4,,
1110.449,30690.0,75871164,WSL MemTotal-MemAvailable fallback,0,19483221,1677,4,,
1111.492,30690.0,75871764,WSL MemTotal-MemAvailable fallback,0,19483221,1677,4,,
1112.539,30690.0,75867516,WSL MemTotal-MemAvailable fallback,0,19483221,1677,4,,
1113.573,30690.0,75870060,WSL MemTotal-MemAvailable fallback,0,19483221,1677,4,,
1114.613,30690.0,75871780,WSL MemTotal-MemAvailable fallback,0,19483221,1677,4,,
1115.65,30690.0,75868352,WSL MemTotal-MemAvailable fallback,0,19483221,1677,4,,
1116.692,30691.0,75869616,WSL MemTotal-MemAvailable fallback,0,19483221,1677,4,,
1117.732,30690.0,75865248,WSL MemTotal-MemAvailable fallback,0,19483221,1677,4,,
1118.779,30690.0,75871548,WSL MemTotal-MemAvailable fallback,0,19483221,1677,4,,
1119.827,30690.0,75870476,WSL MemTotal-MemAvailable fallback,0,19483221,1677,4,,
1120.861,30690.0,75870684,WSL MemTotal-MemAvailable fallback,0,19483221,1677,4,,
1121.898,30691.0,75867744,WSL MemTotal-MemAvailable fallback,0,19483221,1677,4,,
1122.944,30691.0,75867968,WSL MemTotal-MemAvailable fallback,0,19483221,1677,4,,
1123.979,30691.0,75865452,WSL MemTotal-MemAvailable fallback,0,19483221,1677,4,,
1125.022,30691.0,75865608,WSL MemTotal-MemAvailable fallback,0,19483221,1677,4,,
1126.066,30691.0,75874620,WSL MemTotal-MemAvailable fallback,0,19483221,1677,4,,
1127.112,30691.0,75890496,WSL MemTotal-MemAvailable fallback,0,19483221,1677,4,,
1128.157,30691.0,75873360,WSL MemTotal-MemAvailable fallback,0,19483221,1677,4,,
1129.194,30691.0,75875580,WSL MemTotal-MemAvailable fallback,0,19483221,1677,4,,
1130.235,30690.0,75874116,WSL MemTotal-MemAvailable fallback,0,19483221,1677,4,,
1131.278,30690.0,75875712,WSL MemTotal-MemAvailable fallback,0,19483221,1677,4,,
1132.314,30691.0,75874356,WSL MemTotal-MemAvailable fallback,0,19483221,1677,4,,
1133.357,30690.0,75874432,WSL MemTotal-MemAvailable fallback,0,19483221,1677,4,,
1134.396,30690.0,75874848,WSL MemTotal-MemAvailable fallback,0,19483221,1677,4,,
1135.454,30690.0,75882940,WSL MemTotal-MemAvailable fallback,0,19483221,1677,4,,
1136.502,30691.0,75880420,WSL MemTotal-MemAvailable fallback,0,19483221,1677,4,,
1137.541,30690.0,75883600,WSL MemTotal-MemAvailable fallback,0,19483221,1677,4,,
1138.58,30690.0,75881336,WSL MemTotal-MemAvailable fallback,0,19483221,1677,4,,
1139.614,30690.0,75880108,WSL MemTotal-MemAvailable fallback,0,19483221,1677,4,,
1140.658,30690.0,75882256,WSL MemTotal-MemAvailable fallback,0,19483221,1677,4,,
1141.698,30690.0,75873736,WSL MemTotal-MemAvailable fallback,0,19483221,1677,4,,
1142.737,30685.0,75872068,WSL MemTotal-MemAvailable fallback,0,19483221,1677,4,,
1143.78,30685.0,75883264,WSL MemTotal-MemAvailable fallback,0,19483221,1677,4,,
1144.82,30690.0,75879400,WSL MemTotal-MemAvailable fallback,0,19483221,1677,4,,
1145.873,30690.0,75880268,WSL MemTotal-MemAvailable fallback,0,19483221,1677,4,,
1146.911,30690.0,75879112,WSL MemTotal-MemAvailable fallback,0,19483221,1677,4,,
1147.97,30690.0,75880916,WSL MemTotal-MemAvailable fallback,0,19483221,1677,4,,
1149.005,30690.0,75879432,WSL MemTotal-MemAvailable fallback,0,19483221,1677,4,,
1150.039,30690.0,75872576,WSL MemTotal-MemAvailable fallback,0,19483221,1677,4,,
1151.073,30690.0,75873464,WSL MemTotal-MemAvailable fallback,0,19483221,1677,4,,
1152.121,30691.0,75877804,WSL MemTotal-MemAvailable fallback,0,19483221,1677,4,,
1153.157,30690.0,75872308,WSL MemTotal-MemAvailable fallback,0,19483221,1677,4,,
1154.21,30691.0,75875920,WSL MemTotal-MemAvailable fallback,0,19483221,1677,4,,
1155.256,30690.0,75878824,WSL MemTotal-MemAvailable fallback,0,19483221,1677,4,,
1156.295,30690.0,75870708,WSL MemTotal-MemAvailable fallback,0,19483221,1677,4,,
1157.344,30690.0,75868972,WSL MemTotal-MemAvailable fallback,0,19483221,1677,4,,
1158.387,30685.0,75870700,WSL MemTotal-MemAvailable fallback,0,19483221,1677,4,,
1159.436,30685.0,75867936,WSL MemTotal-MemAvailable fallback,0,19483221,1677,4,,
1160.488,30690.0,75874504,WSL MemTotal-MemAvailable fallback,0,19483221,1677,4,,
1161.525,30690.0,75874348,WSL MemTotal-MemAvailable fallback,0,19483221,1677,4,,
1162.57,30690.0,75878884,WSL MemTotal-MemAvailable fallback,0,19483221,1677,4,,
1163.61,30690.0,75873996,WSL MemTotal-MemAvailable fallback,0,19483221,1677,4,,
1164.646,30690.0,75872448,WSL MemTotal-MemAvailable fallback,0,19483221,1677,4,,
1165.683,30690.0,75874924,WSL MemTotal-MemAvailable fallback,0,19483221,1677,4,,
1166.718,30690.0,75875704,WSL MemTotal-MemAvailable fallback,0,19483221,1677,4,,
1167.758,30690.0,75865356,WSL MemTotal-MemAvailable fallback,0,19483221,1677,4,,
1168.805,30691.0,75867400,WSL MemTotal-MemAvailable fallback,0,19483221,1677,4,,
1169.867,30693.0,75870968,WSL MemTotal-MemAvailable fallback,0,19483221,1677,4,,
1170.917,30693.0,75870992,WSL MemTotal-MemAvailable fallback,0,19483221,1677,4,,
1171.962,30693.0,75868056,WSL MemTotal-MemAvailable fallback,0,19483221,1677,4,,
1173.014,30693.0,75872856,WSL MemTotal-MemAvailable fallback,0,19483221,1677,4,,
1174.058,30693.0,75876016,WSL MemTotal-MemAvailable fallback,0,19483221,1677,4,,
1175.108,30690.0,75881636,WSL MemTotal-MemAvailable fallback,0,19483221,1677,4,,
1176.166,30690.0,75881816,WSL MemTotal-MemAvailable fallback,0,19483221,1677,4,,
1177.2,30690.0,75878508,WSL MemTotal-MemAvailable fallback,0,19483221,1677,4,,
1178.24,30690.0,75874908,WSL MemTotal-MemAvailable fallback,0,19483221,1677,4,,
1179.276,30690.0,75874944,WSL MemTotal-MemAvailable fallback,0,19483221,1677,4,,
1180.311,30690.0,75871196,WSL MemTotal-MemAvailable fallback,0,19483221,1677,4,,
1181.344,30690.0,75871336,WSL MemTotal-MemAvailable fallback,0,19483221,1677,4,,
1182.397,30690.0,75875652,WSL MemTotal-MemAvailable fallback,0,19483221,1677,4,,
1183.442,30690.0,75892668,WSL MemTotal-MemAvailable fallback,0,19483221,1677,4,,
1184.496,30690.0,75899004,WSL MemTotal-MemAvailable fallback,0,19483221,1677,4,,
1185.535,30690.0,75897896,WSL MemTotal-MemAvailable fallback,0,19483221,1677,4,,
1186.587,30690.0,75893420,WSL MemTotal-MemAvailable fallback,0,19483221,1677,4,,
1187.637,30690.0,75878872,WSL MemTotal-MemAvailable fallback,0,19483221,1677,4,,
1188.674,30690.0,75876636,WSL MemTotal-MemAvailable fallback,0,19483221,1677,4,,
1189.724,30690.0,75876148,WSL MemTotal-MemAvailable fallback,0,19483221,1677,4,,
1190.78,30690.0,75876960,WSL MemTotal-MemAvailable fallback,0,19483221,1677,4,,
1191.819,30690.0,75872884,WSL MemTotal-MemAvailable fallback,0,19483221,1677,4,,
1192.867,30690.0,75870868,WSL MemTotal-MemAvailable fallback,0,19483221,1677,4,,
1193.907,30690.0,75868560,WSL MemTotal-MemAvailable fallback,0,19483221,1677,4,,
1194.955,30690.0,75884212,WSL MemTotal-MemAvailable fallback,0,19483221,1677,4,,
1195.99,30690.0,75870856,WSL MemTotal-MemAvailable fallback,0,19483221,1677,4,,
1197.04,30690.0,75867856,WSL MemTotal-MemAvailable fallback,0,19483221,1677,4,,
1198.082,30690.0,75870760,WSL MemTotal-MemAvailable fallback,0,19483221,1677,4,,
1199.129,30691.0,75870204,WSL MemTotal-MemAvailable fallback,0,19483221,1677,4,,
1200.173,30691.0,75888536,WSL MemTotal-MemAvailable fallback,0,19483225,1677,4,,
1201.212,30690.0,75894992,WSL MemTotal-MemAvailable fallback,0,19483225,1677,4,,
1202.252,30690.0,75896360,WSL MemTotal-MemAvailable fallback,0,19483225,1677,4,,
1203.29,30690.0,75899056,WSL MemTotal-MemAvailable fallback,0,19483225,1677,4,,
1204.329,30691.0,75968384,WSL MemTotal-MemAvailable fallback,0,19483225,1677,4,,
1205.364,30690.0,75985144,WSL MemTotal-MemAvailable fallback,0,19483225,1677,4,,
1206.419,30690.0,76073200,WSL MemTotal-MemAvailable fallback,0,19513704,1677,4,,
1207.459,30690.0,76073180,WSL MemTotal-MemAvailable fallback,0,19513704,1677,4,,
1208.498,30691.0,76063816,WSL MemTotal-MemAvailable fallback,0,19513704,1677,4,,
1209.536,30690.0,76065012,WSL MemTotal-MemAvailable fallback,0,19513704,1677,4,,
1210.571,30685.0,76061632,WSL MemTotal-MemAvailable fallback,0,19513704,1677,4,,
1211.614,30685.0,76062912,WSL MemTotal-MemAvailable fallback,0,19513704,1677,4,,
1212.66,30685.0,76059060,WSL MemTotal-MemAvailable fallback,0,19513704,1677,4,,
1213.702,30690.0,76050992,WSL MemTotal-MemAvailable fallback,0,19513704,1677,4,,
1214.737,30690.0,76053428,WSL MemTotal-MemAvailable fallback,0,19513704,1677,4,,
1215.772,30690.0,76055648,WSL MemTotal-MemAvailable fallback,0,19513704,1677,4,,
1216.821,30690.0,76057748,WSL MemTotal-MemAvailable fallback,0,19513704,1677,4,,
1217.867,30690.0,76059916,WSL MemTotal-MemAvailable fallback,0,19513704,1677,4,,
1218.916,30685.0,76065712,WSL MemTotal-MemAvailable fallback,0,19513704,1677,4,,
1219.961,30685.0,76064388,WSL MemTotal-MemAvailable fallback,0,19513704,1677,4,,
1221.004,30690.0,76071756,WSL MemTotal-MemAvailable fallback,0,19513704,1677,4,,
1222.045,30690.0,76063224,WSL MemTotal-MemAvailable fallback,0,19513704,1677,4,,
1223.085,30690.0,76072532,WSL MemTotal-MemAvailable fallback,0,19513704,1677,4,,
1224.123,30690.0,76068484,WSL MemTotal-MemAvailable fallback,0,19513704,1677,4,,
1225.162,30691.0,76070920,WSL MemTotal-MemAvailable fallback,0,19513704,1677,4,,
1226.207,30690.0,76064504,WSL MemTotal-MemAvailable fallback,0,19513704,1677,4,,
1227.249,30690.0,76061564,WSL MemTotal-MemAvailable fallback,0,19513704,1677,4,,
1228.286,30690.0,76060416,WSL MemTotal-MemAvailable fallback,0,19513704,1677,4,,
1229.329,30690.0,76064636,WSL MemTotal-MemAvailable fallback,0,19513704,1677,4,,
1230.367,30690.0,76061776,WSL MemTotal-MemAvailable fallback,0,19513704,1677,4,,
1231.403,30690.0,76062836,WSL MemTotal-MemAvailable fallback,0,19513704,1677,4,,
1232.443,30690.0,76075316,WSL MemTotal-MemAvailable fallback,0,19513704,1677,4,,
1233.48,30690.0,76072728,WSL MemTotal-MemAvailable fallback,0,19513704,1677,4,,
1234.525,30690.0,76070452,WSL MemTotal-MemAvailable fallback,0,19513704,1677,4,,
1235.56,30690.0,76061404,WSL MemTotal-MemAvailable fallback,0,19513704,1677,4,,
1236.599,30690.0,76062636,WSL MemTotal-MemAvailable fallback,0,19513704,1677,4,,
1237.645,30690.0,76068208,WSL MemTotal-MemAvailable fallback,0,19513704,1677,4,,
1238.694,30690.0,76056836,WSL MemTotal-MemAvailable fallback,0,19513704,1677,4,,
1239.746,30705.0,76053756,WSL MemTotal-MemAvailable fallback,0,19513704,1677,4,,
1240.793,30704.0,76054952,WSL MemTotal-MemAvailable fallback,0,19513704,1677,4,,
1241.834,30703.0,76050628,WSL MemTotal-MemAvailable fallback,0,19513704,1677,4,,
1242.875,30703.0,76046160,WSL MemTotal-MemAvailable fallback,0,19513704,1677,4,,
1243.919,30703.0,76047308,WSL MemTotal-MemAvailable fallback,0,19513704,1677,4,,
1244.97,30691.0,76044852,WSL MemTotal-MemAvailable fallback,0,19513704,1677,4,,
1246.014,30690.0,76042332,WSL MemTotal-MemAvailable fallback,0,19513704,1677,4,,
1247.066,30690.0,76045084,WSL MemTotal-MemAvailable fallback,0,19513704,1677,4,,
1248.113,30690.0,76048688,WSL MemTotal-MemAvailable fallback,0,19513704,1677,4,,
1249.165,30690.0,76041784,WSL MemTotal-MemAvailable fallback,0,19513704,1677,4,,
1250.21,30690.0,76043560,WSL MemTotal-MemAvailable fallback,0,19513704,1677,4,,
1251.245,30690.0,76044212,WSL MemTotal-MemAvailable fallback,0,19513704,1677,4,,
1252.285,30691.0,76043008,WSL MemTotal-MemAvailable fallback,0,19513704,1677,4,,
1253.32,30690.0,76048672,WSL MemTotal-MemAvailable fallback,0,19513704,1677,4,,
1254.363,30690.0,76046508,WSL MemTotal-MemAvailable fallback,0,19513704,1677,4,,
1255.4,30690.0,76042432,WSL MemTotal-MemAvailable fallback,0,19513704,1677,4,,
1256.435,30691.0,76042848,WSL MemTotal-MemAvailable fallback,0,19513704,1677,4,,
1257.474,30690.0,76038308,WSL MemTotal-MemAvailable fallback,0,19513704,1677,4,,
1258.516,30690.0,76039316,WSL MemTotal-MemAvailable fallback,0,19513704,1677,4,,
1259.558,30690.0,76042864,WSL MemTotal-MemAvailable fallback,0,19513704,1677,4,,
1260.594,30691.0,76040216,WSL MemTotal-MemAvailable fallback,0,19513704,1677,4,,
1261.633,30690.0,76044800,WSL MemTotal-MemAvailable fallback,0,19513704,1677,4,,
1262.673,30690.0,76041100,WSL MemTotal-MemAvailable fallback,0,19513704,1677,4,,
1263.711,30691.0,76042276,WSL MemTotal-MemAvailable fallback,0,19513704,1677,4,,
1264.76,30691.0,76045284,WSL MemTotal-MemAvailable fallback,0,19513704,1677,4,,
1265.805,30691.0,76049196,WSL MemTotal-MemAvailable fallback,0,19513704,1677,4,,
1266.849,30691.0,76056788,WSL MemTotal-MemAvailable fallback,0,19513704,1677,4,,
1267.885,30690.0,76055444,WSL MemTotal-MemAvailable fallback,0,19513704,1677,4,,
1268.926,30691.0,76047404,WSL MemTotal-MemAvailable fallback,0,19513704,1677,4,,
1269.971,30691.0,76047392,WSL MemTotal-MemAvailable fallback,0,19513704,1677,4,,
1271.015,30691.0,76040856,WSL MemTotal-MemAvailable fallback,0,19513704,1677,4,,
1272.058,30691.0,76043236,WSL MemTotal-MemAvailable fallback,0,19513704,1677,4,,
1273.11,30691.0,76044628,WSL MemTotal-MemAvailable fallback,0,19513704,1677,4,,
1274.157,30691.0,76041336,WSL MemTotal-MemAvailable fallback,0,19513704,1677,4,,
1275.216,30690.0,76037864,WSL MemTotal-MemAvailable fallback,0,19513704,1677,4,,
1276.264,30691.0,76041384,WSL MemTotal-MemAvailable fallback,0,19513704,1677,4,,
1277.308,30690.0,76044280,WSL MemTotal-MemAvailable fallback,0,19513704,1677,4,,
1278.358,30690.0,76042892,WSL MemTotal-MemAvailable fallback,0,19513704,1677,4,,
1279.404,30690.0,76041040,WSL MemTotal-MemAvailable fallback,0,19513704,1677,4,,
1280.442,30691.0,76037320,WSL MemTotal-MemAvailable fallback,0,19513704,1677,4,,
1281.479,30690.0,76039084,WSL MemTotal-MemAvailable fallback,0,19513704,1677,4,,
1282.517,30690.0,76042132,WSL MemTotal-MemAvailable fallback,0,19513704,1677,4,,
1283.551,30690.0,76043240,WSL MemTotal-MemAvailable fallback,0,19513704,1677,4,,
1284.586,30691.0,76042204,WSL MemTotal-MemAvailable fallback,0,19513704,1677,4,,
1285.627,30690.0,76041924,WSL MemTotal-MemAvailable fallback,0,19513704,1677,4,,
1286.661,30691.0,76043956,WSL MemTotal-MemAvailable fallback,0,19513704,1677,4,,
1287.715,30690.0,76038776,WSL MemTotal-MemAvailable fallback,0,19513704,1677,4,,
1288.758,30690.0,76039488,WSL MemTotal-MemAvailable fallback,0,19513704,1677,4,,
1289.803,30690.0,76042764,WSL MemTotal-MemAvailable fallback,0,19513704,1677,4,,
1290.843,30691.0,76041996,WSL MemTotal-MemAvailable fallback,0,19513704,1677,4,,
1291.88,30691.0,76049224,WSL MemTotal-MemAvailable fallback,0,19513704,1677,4,,
1292.946,30691.0,76047872,WSL MemTotal-MemAvailable fallback,0,19513704,1677,4,,
1293.986,30691.0,76059144,WSL MemTotal-MemAvailable fallback,0,19513704,1677,4,,
1295.046,30691.0,76054356,WSL MemTotal-MemAvailable fallback,0,19513704,1677,4,,
1296.086,30691.0,76056204,WSL MemTotal-MemAvailable fallback,0,19513704,1677,4,,
1297.131,30691.0,76056596,WSL MemTotal-MemAvailable fallback,0,19513704,1677,4,,
1298.179,30691.0,76052564,WSL MemTotal-MemAvailable fallback,0,19513704,1677,4,,
1299.232,30690.0,76047748,WSL MemTotal-MemAvailable fallback,0,19513704,1677,4,,
1300.275,30691.0,76051220,WSL MemTotal-MemAvailable fallback,0,19513704,1677,4,,
1301.316,30690.0,76061324,WSL MemTotal-MemAvailable fallback,0,19513704,1677,4,,
1302.373,30691.0,76059048,WSL MemTotal-MemAvailable fallback,0,19513704,1677,4,,
1303.423,30691.0,76054708,WSL MemTotal-MemAvailable fallback,0,19513704,1677,4,,
1304.469,30691.0,76049332,WSL MemTotal-MemAvailable fallback,0,19513704,1677,4,,
1305.507,30690.0,76051652,WSL MemTotal-MemAvailable fallback,0,19513704,1677,4,,
1306.551,30692.0,76057760,WSL MemTotal-MemAvailable fallback,0,19513704,1677,4,,
1307.592,30692.0,76053452,WSL MemTotal-MemAvailable fallback,0,19513704,1677,4,,
1308.626,30692.0,76049712,WSL MemTotal-MemAvailable fallback,0,19513704,1677,4,,
1309.66,30692.0,76042996,WSL MemTotal-MemAvailable fallback,0,19513704,1677,4,,
1310.694,30692.0,76048240,WSL MemTotal-MemAvailable fallback,0,19513704,1677,4,,
1311.738,30691.0,76045388,WSL MemTotal-MemAvailable fallback,0,19513704,1677,4,,
1312.776,30690.0,76046356,WSL MemTotal-MemAvailable fallback,0,19513704,1677,4,,
1313.812,30690.0,76050284,WSL MemTotal-MemAvailable fallback,0,19513704,1677,4,,
1314.847,30690.0,76050288,WSL MemTotal-MemAvailable fallback,0,19513704,1677,4,,
1315.884,30690.0,76050464,WSL MemTotal-MemAvailable fallback,0,19513704,1677,4,,
1316.919,30690.0,76045328,WSL MemTotal-MemAvailable fallback,0,19513704,1677,4,,
1317.96,30690.0,76045368,WSL MemTotal-MemAvailable fallback,0,19513704,1677,4,,
1319.013,30690.0,76057044,WSL MemTotal-MemAvailable fallback,0,19513704,1677,4,,
1320.07,30690.0,76060824,WSL MemTotal-MemAvailable fallback,0,19513704,1677,4,,
1321.115,30690.0,76064356,WSL MemTotal-MemAvailable fallback,0,19513704,1677,4,,
1322.15,30690.0,76061068,WSL MemTotal-MemAvailable fallback,0,19513704,1677,4,,
1323.194,30690.0,76055288,WSL MemTotal-MemAvailable fallback,0,19513704,1677,4,,
1324.231,30691.0,76058264,WSL MemTotal-MemAvailable fallback,0,19513704,1677,4,,
1325.266,30691.0,76055716,WSL MemTotal-MemAvailable fallback,0,19513704,1677,4,,
1326.307,30690.0,76055228,WSL MemTotal-MemAvailable fallback,0,19513704,1677,4,,
1327.347,30690.0,76055072,WSL MemTotal-MemAvailable fallback,0,19513704,1677,4,,
1328.399,30690.0,76052924,WSL MemTotal-MemAvailable fallback,0,19513704,1677,4,,
1329.443,30690.0,76060456,WSL MemTotal-MemAvailable fallback,0,19513704,1677,4,,
1330.49,30690.0,76042300,WSL MemTotal-MemAvailable fallback,0,19513704,1677,4,,
1331.534,30690.0,76051348,WSL MemTotal-MemAvailable fallback,0,19513704,1677,4,,
1332.578,30690.0,76057992,WSL MemTotal-MemAvailable fallback,0,19513704,1677,4,,
1333.62,30690.0,76051932,WSL MemTotal-MemAvailable fallback,0,19513704,1677,4,,
1334.669,30690.0,76054800,WSL MemTotal-MemAvailable fallback,0,19513704,1677,4,,
1335.71,30690.0,76058316,WSL MemTotal-MemAvailable fallback,0,19513704,1677,4,,
1336.754,30690.0,76054840,WSL MemTotal-MemAvailable fallback,0,19513704,1677,4,,
1337.807,30690.0,76056368,WSL MemTotal-MemAvailable fallback,0,19513704,1677,4,,
1338.863,30690.0,76056416,WSL MemTotal-MemAvailable fallback,0,19513704,1677,4,,
1339.917,30690.0,76053132,WSL MemTotal-MemAvailable fallback,0,19513704,1677,4,,
1340.966,30690.0,76055456,WSL MemTotal-MemAvailable fallback,0,19513704,1677,4,,
1342.024,30690.0,76051540,WSL MemTotal-MemAvailable fallback,0,19513704,1677,4,,
1343.07,30690.0,76053708,WSL MemTotal-MemAvailable fallback,0,19513704,1677,4,,
1344.118,30691.0,76054808,WSL MemTotal-MemAvailable fallback,0,19513704,1677,4,,
1345.164,30685.0,76059012,WSL MemTotal-MemAvailable fallback,0,19513704,1677,4,,
1346.208,30685.0,76060048,WSL MemTotal-MemAvailable fallback,0,19513704,1677,4,,
1347.266,30685.0,76064628,WSL MemTotal-MemAvailable fallback,0,19513704,1677,4,,
1348.309,30686.0,75947332,WSL MemTotal-MemAvailable fallback,0,19513704,1677,4,,
1349.351,30691.0,75933772,WSL MemTotal-MemAvailable fallback,0,19513704,1677,4,,
1350.411,30691.0,75938684,WSL MemTotal-MemAvailable fallback,0,19513704,1677,4,,
1351.461,30691.0,75935120,WSL MemTotal-MemAvailable fallback,0,19513704,1677,4,,
1352.499,30691.0,75936296,WSL MemTotal-MemAvailable fallback,0,19513704,1677,4,,
1353.539,30691.0,75941888,WSL MemTotal-MemAvailable fallback,0,19513704,1677,4,,
1354.589,30690.0,75941048,WSL MemTotal-MemAvailable fallback,0,19513704,1677,4,,
1355.629,30690.0,75942336,WSL MemTotal-MemAvailable fallback,0,19513704,1677,4,,
1356.666,30691.0,75938608,WSL MemTotal-MemAvailable fallback,0,19513704,1677,4,,
1357.712,30691.0,75935808,WSL MemTotal-MemAvailable fallback,0,19513704,1677,4,,
1358.749,30691.0,75941516,WSL MemTotal-MemAvailable fallback,0,19513704,1677,4,,
1359.786,30691.0,75941700,WSL MemTotal-MemAvailable fallback,0,19513704,1677,4,,
1360.822,30690.0,75940256,WSL MemTotal-MemAvailable fallback,0,19513704,1677,4,,
1361.859,30685.0,75937516,WSL MemTotal-MemAvailable fallback,0,19513704,1677,4,,
1362.897,30685.0,75936268,WSL MemTotal-MemAvailable fallback,0,19513704,1677,4,,
1363.936,30685.0,75941768,WSL MemTotal-MemAvailable fallback,0,19513704,1677,4,,
1364.98,30690.0,75939632,WSL MemTotal-MemAvailable fallback,0,19513704,1677,4,,
1366.015,30690.0,75942120,WSL MemTotal-MemAvailable fallback,0,19513704,1677,4,,
1367.058,30690.0,75935428,WSL MemTotal-MemAvailable fallback,0,19513704,1677,4,,
1368.1,30691.0,75932640,WSL MemTotal-MemAvailable fallback,0,19513704,1677,4,,
1369.148,30690.0,75936336,WSL MemTotal-MemAvailable fallback,0,19513704,1677,4,,
1370.205,30690.0,75939416,WSL MemTotal-MemAvailable fallback,0,19513704,1677,4,,
1371.244,30690.0,75930468,WSL MemTotal-MemAvailable fallback,0,19513704,1677,4,,
1372.283,30691.0,75934808,WSL MemTotal-MemAvailable fallback,0,19513704,1677,4,,
1373.324,30691.0,75927696,WSL MemTotal-MemAvailable fallback,0,19513704,1677,4,,
1374.366,30692.0,75935152,WSL MemTotal-MemAvailable fallback,0,19513704,1677,4,,
1375.405,30692.0,75942712,WSL MemTotal-MemAvailable fallback,0,19513704,1677,4,,
1376.447,30692.0,75938568,WSL MemTotal-MemAvailable fallback,0,19513704,1677,4,,
1377.487,30692.0,75941584,WSL MemTotal-MemAvailable fallback,0,19513704,1677,4,,
1378.541,30692.0,75945024,WSL MemTotal-MemAvailable fallback,0,19513704,1677,4,,
1379.6,30691.0,75944240,WSL MemTotal-MemAvailable fallback,0,19513704,1677,4,,
1380.646,30690.0,75936160,WSL MemTotal-MemAvailable fallback,0,19513704,1677,4,,
1381.693,30690.0,75943248,WSL MemTotal-MemAvailable fallback,0,19513704,1677,4,,
1382.731,30690.0,75942432,WSL MemTotal-MemAvailable fallback,0,19513704,1677,4,,
1383.772,30691.0,75946020,WSL MemTotal-MemAvailable fallback,0,19513704,1677,4,,
1384.817,30691.0,75950304,WSL MemTotal-MemAvailable fallback,0,19513704,1677,4,,
1385.855,30690.0,75952120,WSL MemTotal-MemAvailable fallback,0,19513704,1677,4,,
1386.903,30690.0,75949352,WSL MemTotal-MemAvailable fallback,0,19513704,1677,4,,
1387.942,30691.0,75952556,WSL MemTotal-MemAvailable fallback,0,19513704,1677,4,,
1388.977,30691.0,75948028,WSL MemTotal-MemAvailable fallback,0,19513704,1677,4,,
1390.012,30691.0,75950772,WSL MemTotal-MemAvailable fallback,0,19513704,1677,4,,
1391.047,30691.0,75948644,WSL MemTotal-MemAvailable fallback,0,19513704,1677,4,,
1392.097,30691.0,75950084,WSL MemTotal-MemAvailable fallback,0,19513704,1677,4,,
1393.134,30691.0,75946824,WSL MemTotal-MemAvailable fallback,0,19513704,1677,4,,
1394.18,30691.0,75962904,WSL MemTotal-MemAvailable fallback,0,19513704,1677,4,,
1395.218,30691.0,75964164,WSL MemTotal-MemAvailable fallback,0,19513704,1677,4,,
1396.259,30691.0,75960872,WSL MemTotal-MemAvailable fallback,0,19513704,1677,4,,
1397.294,30691.0,75952620,WSL MemTotal-MemAvailable fallback,0,19513704,1677,4,,
1398.334,30691.0,75953492,WSL MemTotal-MemAvailable fallback,0,19513704,1677,4,,
1399.386,30691.0,75949208,WSL MemTotal-MemAvailable fallback,0,19513704,1677,4,,
1400.434,30691.0,75951400,WSL MemTotal-MemAvailable fallback,0,19513704,1677,4,,
1401.477,30691.0,75950264,WSL MemTotal-MemAvailable fallback,0,19513704,1677,4,,
1402.513,30691.0,75934404,WSL MemTotal-MemAvailable fallback,0,19513704,1677,4,,
1403.547,30691.0,75935800,WSL MemTotal-MemAvailable fallback,0,19513704,1677,4,,
1404.583,30691.0,75938140,WSL MemTotal-MemAvailable fallback,0,19513704,1677,4,,
1405.626,30691.0,75936236,WSL MemTotal-MemAvailable fallback,0,19513704,1677,4,,
1406.675,30691.0,75929240,WSL MemTotal-MemAvailable fallback,0,19513704,1677,4,,
1407.744,30691.0,75943788,WSL MemTotal-MemAvailable fallback,0,19513704,1677,4,,
1408.793,30691.0,75939560,WSL MemTotal-MemAvailable fallback,0,19513704,1677,4,,
1409.831,30691.0,75943012,WSL MemTotal-MemAvailable fallback,0,19513704,1677,4,,
1410.882,30691.0,75940900,WSL MemTotal-MemAvailable fallback,0,19513704,1677,4,,
1411.936,30691.0,75942436,WSL MemTotal-MemAvailable fallback,0,19513704,1677,4,,
1412.978,30691.0,75939916,WSL MemTotal-MemAvailable fallback,0,19513704,1677,4,,
1414.027,30691.0,75944176,WSL MemTotal-MemAvailable fallback,0,19513704,1677,4,,
1415.08,30691.0,75945004,WSL MemTotal-MemAvailable fallback,0,19513704,1677,4,,
1416.125,30691.0,75942264,WSL MemTotal-MemAvailable fallback,0,19513704,1677,4,,
1417.169,30691.0,75940008,WSL MemTotal-MemAvailable fallback,0,19513704,1677,4,,
1418.203,30691.0,75942604,WSL MemTotal-MemAvailable fallback,0,19513704,1677,4,,
1419.237,30691.0,75933472,WSL MemTotal-MemAvailable fallback,0,19513704,1677,4,,
1420.289,30691.0,75933264,WSL MemTotal-MemAvailable fallback,0,19513704,1677,4,,
1421.328,30691.0,75936076,WSL MemTotal-MemAvailable fallback,0,19513704,1677,4,,
1422.365,30691.0,75934192,WSL MemTotal-MemAvailable fallback,0,19513704,1677,4,,
1423.403,30691.0,75937796,WSL MemTotal-MemAvailable fallback,0,19513704,1677,4,,
1424.447,30691.0,75936400,WSL MemTotal-MemAvailable fallback,0,19513704,1677,4,,
1425.506,30691.0,75932428,WSL MemTotal-MemAvailable fallback,0,19513704,1677,4,,
1426.562,30691.0,75933576,WSL MemTotal-MemAvailable fallback,0,19513704,1677,4,,
1427.61,30691.0,75936428,WSL MemTotal-MemAvailable fallback,0,19513704,1677,4,,
1428.649,30691.0,75940392,WSL MemTotal-MemAvailable fallback,0,19513704,1677,4,,
1429.692,30690.0,75938708,WSL MemTotal-MemAvailable fallback,0,19513704,1677,4,,
1430.735,30690.0,75938516,WSL MemTotal-MemAvailable fallback,0,19513704,1677,4,,
1431.773,30690.0,75937112,WSL MemTotal-MemAvailable fallback,0,19513704,1677,4,,
1432.81,30691.0,75940668,WSL MemTotal-MemAvailable fallback,0,19513704,1677,4,,
1433.859,30685.0,75944748,WSL MemTotal-MemAvailable fallback,0,19513704,1677,4,,
1434.896,30685.0,75944280,WSL MemTotal-MemAvailable fallback,0,19513704,1677,4,,
1435.94,30685.0,75941468,WSL MemTotal-MemAvailable fallback,0,19513704,1677,4,,
1436.983,30691.0,75940700,WSL MemTotal-MemAvailable fallback,0,19513704,1677,4,,
1438.034,30690.0,75929360,WSL MemTotal-MemAvailable fallback,0,19513704,1677,4,,
1439.101,30691.0,75934304,WSL MemTotal-MemAvailable fallback,0,19513704,1677,4,,
1440.148,30691.0,75938312,WSL MemTotal-MemAvailable fallback,0,19513704,1677,4,,
1441.192,30691.0,75932304,WSL MemTotal-MemAvailable fallback,0,19513704,1677,4,,
1442.25,30691.0,75930600,WSL MemTotal-MemAvailable fallback,0,19513704,1677,4,,
1443.294,30690.0,75932988,WSL MemTotal-MemAvailable fallback,0,19513704,1677,4,,
1444.334,30691.0,75935436,WSL MemTotal-MemAvailable fallback,0,19513704,1677,4,,
1445.375,30690.0,75930664,WSL MemTotal-MemAvailable fallback,0,19513704,1677,4,,
1446.426,30690.0,75927832,WSL MemTotal-MemAvailable fallback,0,19513704,1677,4,,
1447.484,30690.0,75928936,WSL MemTotal-MemAvailable fallback,0,19513704,1677,4,,
1448.534,30691.0,75933528,WSL MemTotal-MemAvailable fallback,0,19513704,1677,4,,
1449.59,30690.0,75935876,WSL MemTotal-MemAvailable fallback,0,19513704,1677,4,,
1450.632,30690.0,75937392,WSL MemTotal-MemAvailable fallback,0,19513704,1677,4,,
1451.69,30690.0,75932476,WSL MemTotal-MemAvailable fallback,0,19513704,1677,4,,
1452.747,30691.0,75930808,WSL MemTotal-MemAvailable fallback,0,19513704,1677,4,,
1453.782,30690.0,75932328,WSL MemTotal-MemAvailable fallback,0,19513704,1677,4,,
1454.825,30690.0,75939424,WSL MemTotal-MemAvailable fallback,0,19513704,1677,4,,
1455.868,30690.0,75947488,WSL MemTotal-MemAvailable fallback,0,19513704,1677,4,,
1456.916,30691.0,75945724,WSL MemTotal-MemAvailable fallback,0,19513704,1677,4,,
1457.961,30690.0,75949924,WSL MemTotal-MemAvailable fallback,0,19513704,1677,4,,
1459.007,30691.0,75947752,WSL MemTotal-MemAvailable fallback,0,19513704,1677,4,,
1460.042,30691.0,75943128,WSL MemTotal-MemAvailable fallback,0,19513704,1677,4,,
1461.081,30691.0,75935504,WSL MemTotal-MemAvailable fallback,0,19513704,1677,4,,
1462.122,30691.0,75933940,WSL MemTotal-MemAvailable fallback,0,19513704,1677,4,,
1463.171,30691.0,75934312,WSL MemTotal-MemAvailable fallback,0,19513704,1677,4,,
1464.214,30691.0,75941604,WSL MemTotal-MemAvailable fallback,0,19513704,1677,4,,
1465.253,30691.0,75936604,WSL MemTotal-MemAvailable fallback,0,19513704,1677,4,,
1466.286,30691.0,75936276,WSL MemTotal-MemAvailable fallback,0,19513704,1677,4,,
1467.333,30690.0,75934484,WSL MemTotal-MemAvailable fallback,0,19513704,1677,4,,
1468.378,30691.0,75934352,WSL MemTotal-MemAvailable fallback,0,19513704,1677,4,,
1469.415,30690.0,75934304,WSL MemTotal-MemAvailable fallback,0,19513704,1677,4,,
1470.458,30690.0,75933360,WSL MemTotal-MemAvailable fallback,0,19513704,1677,4,,
1471.515,30690.0,75930136,WSL MemTotal-MemAvailable fallback,0,19513704,1677,4,,
1472.561,30690.0,75934576,WSL MemTotal-MemAvailable fallback,0,19513704,1677,4,,
1473.61,30692.0,75940676,WSL MemTotal-MemAvailable fallback,0,19513704,1677,4,,
1474.65,30699.0,75938628,WSL MemTotal-MemAvailable fallback,0,19513704,1677,4,,
1475.694,30699.0,75939456,WSL MemTotal-MemAvailable fallback,0,19513704,1677,4,,
1476.734,30698.0,75938520,WSL MemTotal-MemAvailable fallback,0,19513704,1677,4,,
1477.795,30698.0,75937084,WSL MemTotal-MemAvailable fallback,0,19513704,1677,4,,
1478.841,30697.0,75941116,WSL MemTotal-MemAvailable fallback,0,19513704,1677,4,,
1479.881,30690.0,75940616,WSL MemTotal-MemAvailable fallback,0,19513704,1677,4,,
1480.923,30691.0,75936568,WSL MemTotal-MemAvailable fallback,0,19513704,1677,4,,
1481.959,30690.0,75929052,WSL MemTotal-MemAvailable fallback,0,19513704,1677,4,,
1483.007,30691.0,75928176,WSL MemTotal-MemAvailable fallback,0,19513704,1677,4,,
1484.051,30691.0,75929716,WSL MemTotal-MemAvailable fallback,0,19513704,1677,4,,
1485.089,30691.0,75929432,WSL MemTotal-MemAvailable fallback,0,19513704,1677,4,,
1486.122,30691.0,75931148,WSL MemTotal-MemAvailable fallback,0,19513704,1677,4,,
1487.167,30691.0,75935224,WSL MemTotal-MemAvailable fallback,0,19513704,1677,4,,
1488.204,30691.0,75936768,WSL MemTotal-MemAvailable fallback,0,19513704,1677,4,,
1489.24,30690.0,75930604,WSL MemTotal-MemAvailable fallback,0,19513704,1677,4,,
1490.275,30690.0,75933036,WSL MemTotal-MemAvailable fallback,0,19513704,1677,4,,
1491.31,30690.0,75936392,WSL MemTotal-MemAvailable fallback,0,19513704,1677,4,,
1492.347,30691.0,75937740,WSL MemTotal-MemAvailable fallback,0,19513704,1677,4,,
1493.385,30690.0,75936228,WSL MemTotal-MemAvailable fallback,0,19513704,1677,4,,
1494.431,30685.0,75936848,WSL MemTotal-MemAvailable fallback,0,19513704,1677,4,,
1495.482,30685.0,75940776,WSL MemTotal-MemAvailable fallback,0,19513704,1677,4,,
1496.529,30685.0,75939808,WSL MemTotal-MemAvailable fallback,0,19513704,1677,4,,
1497.588,30690.0,75932600,WSL MemTotal-MemAvailable fallback,0,19513704,1677,4,,
1498.626,30690.0,75936736,WSL MemTotal-MemAvailable fallback,0,19513704,1677,4,,
1499.67,30690.0,75934860,WSL MemTotal-MemAvailable fallback,0,19513704,1677,4,,
1500.714,30690.0,75937636,WSL MemTotal-MemAvailable fallback,0,19513704,1677,4,,
1501.757,30690.0,75936020,WSL MemTotal-MemAvailable fallback,0,19513704,1677,4,,
1502.802,30690.0,75931036,WSL MemTotal-MemAvailable fallback,0,19513704,1677,4,,
1503.844,30690.0,75931348,WSL MemTotal-MemAvailable fallback,0,19513704,1677,4,,
1504.894,30691.0,75929516,WSL MemTotal-MemAvailable fallback,0,19513704,1677,4,,
1505.954,30690.0,75924672,WSL MemTotal-MemAvailable fallback,0,19513704,1677,4,,
1507.011,30690.0,75935044,WSL MemTotal-MemAvailable fallback,0,19513704,1677,4,,
1508.05,30691.0,75936600,WSL MemTotal-MemAvailable fallback,0,19513704,1677,4,,
1509.103,30690.0,75939508,WSL MemTotal-MemAvailable fallback,0,19513704,1677,4,,
1510.137,30690.0,75937488,WSL MemTotal-MemAvailable fallback,0,19513704,1677,4,,
1511.178,30690.0,75941852,WSL MemTotal-MemAvailable fallback,0,19513704,1677,4,,
1512.214,30691.0,75944988,WSL MemTotal-MemAvailable fallback,0,19513704,1677,4,,
1513.25,30690.0,75949028,WSL MemTotal-MemAvailable fallback,0,19513704,1677,4,,
1514.285,30690.0,75950132,WSL MemTotal-MemAvailable fallback,0,19513704,1677,4,,
1515.32,30691.0,75950304,WSL MemTotal-MemAvailable fallback,0,19513704,1677,4,,
1516.355,30691.0,75946776,WSL MemTotal-MemAvailable fallback,0,19513704,1677,4,,
1517.396,30691.0,75947424,WSL MemTotal-MemAvailable fallback,0,19513704,1677,4,,
1518.432,30691.0,75950304,WSL MemTotal-MemAvailable fallback,0,19513704,1677,4,,
1519.471,30691.0,75947008,WSL MemTotal-MemAvailable fallback,0,19513704,1677,4,,
1520.515,30691.0,75949204,WSL MemTotal-MemAvailable fallback,0,19513704,1677,4,,
1521.564,30691.0,75949616,WSL MemTotal-MemAvailable fallback,0,19513704,1677,4,,
1522.623,30691.0,75949604,WSL MemTotal-MemAvailable fallback,0,19513704,1677,4,,
1523.667,30690.0,75953680,WSL MemTotal-MemAvailable fallback,0,19513704,1677,4,,
1524.715,30690.0,75958748,WSL MemTotal-MemAvailable fallback,0,19513704,1677,4,,
1525.759,30690.0,75951496,WSL MemTotal-MemAvailable fallback,0,19513704,1677,4,,
1526.797,30690.0,75939624,WSL MemTotal-MemAvailable fallback,0,19513704,1677,4,,
1527.841,30690.0,75936816,WSL MemTotal-MemAvailable fallback,0,19513704,1677,4,,
1528.894,30691.0,75936764,WSL MemTotal-MemAvailable fallback,0,19513704,1677,4,,
1529.937,30690.0,75940632,WSL MemTotal-MemAvailable fallback,0,19513704,1677,4,,
1530.993,30690.0,75941292,WSL MemTotal-MemAvailable fallback,0,19513704,1677,4,,
1532.029,30691.0,75946836,WSL MemTotal-MemAvailable fallback,0,19513704,1677,4,,
1533.069,30691.0,75946840,WSL MemTotal-MemAvailable fallback,0,19513704,1677,4,,
1534.11,30690.0,75946820,WSL MemTotal-MemAvailable fallback,0,19513704,1677,4,,
1535.146,30690.0,75948672,WSL MemTotal-MemAvailable fallback,0,19513704,1677,4,,
1536.184,30691.0,75946688,WSL MemTotal-MemAvailable fallback,0,19513704,1677,4,,
1537.219,30690.0,75942536,WSL MemTotal-MemAvailable fallback,0,19513704,1677,4,,
1538.256,30690.0,75938364,WSL MemTotal-MemAvailable fallback,0,19513704,1677,4,,
1539.29,30691.0,75938088,WSL MemTotal-MemAvailable fallback,0,19513704,1677,4,,
1540.335,30691.0,75941124,WSL MemTotal-MemAvailable fallback,0,19513704,1677,4,,
1541.376,30699.0,75940044,WSL MemTotal-MemAvailable fallback,0,19513704,1677,4,,
1542.417,30699.0,75940092,WSL MemTotal-MemAvailable fallback,0,19513704,1677,4,,
1543.475,30698.0,75943156,WSL MemTotal-MemAvailable fallback,0,19513704,1677,4,,
1544.511,30698.0,75944520,WSL MemTotal-MemAvailable fallback,0,19513704,1677,4,,
1545.546,30697.0,75942780,WSL MemTotal-MemAvailable fallback,0,19513704,1677,4,,
1546.596,30690.0,75939816,WSL MemTotal-MemAvailable fallback,0,19513704,1677,4,,
1547.646,30690.0,75937320,WSL MemTotal-MemAvailable fallback,0,19513704,1677,4,,
1548.683,30690.0,75942932,WSL MemTotal-MemAvailable fallback,0,19513704,1677,4,,
1549.718,30690.0,75942208,WSL MemTotal-MemAvailable fallback,0,19513704,1677,4,,
1550.752,30690.0,75942832,WSL MemTotal-MemAvailable fallback,0,19513704,1677,4,,
1551.804,30690.0,75945772,WSL MemTotal-MemAvailable fallback,0,19513704,1677,4,,
1552.843,30690.0,75937200,WSL MemTotal-MemAvailable fallback,0,19513704,1677,4,,
1553.89,30690.0,75935712,WSL MemTotal-MemAvailable fallback,0,19513704,1677,4,,
1554.94,30690.0,75938188,WSL MemTotal-MemAvailable fallback,0,19513704,1677,4,,
1555.974,30690.0,75938996,WSL MemTotal-MemAvailable fallback,0,19513704,1677,4,,
1557.029,30691.0,75937188,WSL MemTotal-MemAvailable fallback,0,19513704,1677,4,,
1558.078,30691.0,75939396,WSL MemTotal-MemAvailable fallback,0,19513704,1677,4,,
1559.121,30691.0,75936712,WSL MemTotal-MemAvailable fallback,0,19513704,1677,4,,
1560.162,30691.0,75936236,WSL MemTotal-MemAvailable fallback,0,19513704,1677,4,,
1561.207,30691.0,75935384,WSL MemTotal-MemAvailable fallback,0,19513704,1677,4,,
1562.25,30685.0,75935092,WSL MemTotal-MemAvailable fallback,0,19513704,1677,4,,
1563.299,30685.0,75925808,WSL MemTotal-MemAvailable fallback,0,19513704,1677,4,,
1564.337,30691.0,75928564,WSL MemTotal-MemAvailable fallback,0,19513704,1677,4,,
1565.379,30690.0,75928756,WSL MemTotal-MemAvailable fallback,0,19513704,1677,4,,
1566.423,30690.0,75926872,WSL MemTotal-MemAvailable fallback,0,19513704,1677,4,,
1567.465,30690.0,75921732,WSL MemTotal-MemAvailable fallback,0,19513704,1677,4,,
1568.518,30691.0,75914272,WSL MemTotal-MemAvailable fallback,0,19513704,1677,4,,
1569.553,30690.0,75919420,WSL MemTotal-MemAvailable fallback,0,19513704,1677,4,,
1570.598,30685.0,75916448,WSL MemTotal-MemAvailable fallback,0,19513704,1677,4,,
1571.64,30685.0,75919372,WSL MemTotal-MemAvailable fallback,0,19513704,1677,4,,
1572.693,30691.0,75918596,WSL MemTotal-MemAvailable fallback,0,19513704,1677,4,,
1573.728,30690.0,75918180,WSL MemTotal-MemAvailable fallback,0,19513704,1677,4,,
1574.769,30690.0,75920264,WSL MemTotal-MemAvailable fallback,0,19513704,1677,4,,
1575.805,30690.0,75923404,WSL MemTotal-MemAvailable fallback,0,19513704,1677,4,,
1576.851,30691.0,75919320,WSL MemTotal-MemAvailable fallback,0,19513704,1677,4,,
1577.907,30690.0,75924944,WSL MemTotal-MemAvailable fallback,0,19513704,1677,4,,
1578.951,30690.0,75927764,WSL MemTotal-MemAvailable fallback,0,19513704,1677,4,,
1580.006,30690.0,75925872,WSL MemTotal-MemAvailable fallback,0,19513704,1677,4,,
1581.051,30691.0,75925520,WSL MemTotal-MemAvailable fallback,0,19513704,1677,4,,
1582.099,30691.0,75926888,WSL MemTotal-MemAvailable fallback,0,19513704,1677,4,,
1583.142,30691.0,75917748,WSL MemTotal-MemAvailable fallback,0,19513704,1677,4,,
1584.199,30691.0,75919488,WSL MemTotal-MemAvailable fallback,0,19513704,1677,4,,
1585.25,30691.0,75922140,WSL MemTotal-MemAvailable fallback,0,19513704,1677,4,,
1586.287,30691.0,75919368,WSL MemTotal-MemAvailable fallback,0,19513704,1677,4,,
1587.33,30691.0,75921008,WSL MemTotal-MemAvailable fallback,0,19513704,1677,4,,
1588.368,30691.0,75926236,WSL MemTotal-MemAvailable fallback,0,19513704,1677,4,,
1589.403,30691.0,75924564,WSL MemTotal-MemAvailable fallback,0,19513704,1677,4,,
1590.447,30690.0,75923856,WSL MemTotal-MemAvailable fallback,0,19513704,1677,4,,
1591.488,30690.0,75924960,WSL MemTotal-MemAvailable fallback,0,19513704,1677,4,,
1592.542,30691.0,75924112,WSL MemTotal-MemAvailable fallback,0,19513704,1677,4,,
1593.6,30690.0,75917452,WSL MemTotal-MemAvailable fallback,0,19513704,1677,4,,
1594.641,30690.0,75917688,WSL MemTotal-MemAvailable fallback,0,19513704,1677,4,,
1595.68,30691.0,75916620,WSL MemTotal-MemAvailable fallback,0,19513704,1677,4,,
1596.721,30691.0,75920500,WSL MemTotal-MemAvailable fallback,0,19513704,1677,4,,
1597.787,30691.0,75918524,WSL MemTotal-MemAvailable fallback,0,19513704,1677,4,,
1598.83,30691.0,75922212,WSL MemTotal-MemAvailable fallback,0,19513704,1677,4,,
1599.876,30691.0,75922236,WSL MemTotal-MemAvailable fallback,0,19513704,1677,4,,
1600.92,30690.0,75932260,WSL MemTotal-MemAvailable fallback,0,19513704,1677,4,,
1601.971,30690.0,75924748,WSL MemTotal-MemAvailable fallback,0,19513704,1677,4,,
1603.021,30690.0,75924288,WSL MemTotal-MemAvailable fallback,0,19513704,1677,4,,
1604.061,30691.0,75924980,WSL MemTotal-MemAvailable fallback,0,19513704,1677,4,,
1605.1,30690.0,75926996,WSL MemTotal-MemAvailable fallback,0,19513704,1677,4,,
1606.142,30690.0,75924448,WSL MemTotal-MemAvailable fallback,0,19513704,1677,4,,
1607.176,30690.0,75928948,WSL MemTotal-MemAvailable fallback,0,19513704,1677,4,,
1608.215,30691.0,75928180,WSL MemTotal-MemAvailable fallback,0,19513704,1677,4,,
1609.255,30691.0,75925340,WSL MemTotal-MemAvailable fallback,0,19513704,1677,4,,
1610.291,30691.0,75927552,WSL MemTotal-MemAvailable fallback,0,19513704,1677,4,,
1611.342,30691.0,75925820,WSL MemTotal-MemAvailable fallback,0,19513704,1677,4,,
1612.383,30691.0,75925884,WSL MemTotal-MemAvailable fallback,0,19513704,1677,4,,
1613.425,30691.0,75928400,WSL MemTotal-MemAvailable fallback,0,19513704,1677,4,,
1614.466,30690.0,75930684,WSL MemTotal-MemAvailable fallback,0,19513704,1677,4,,
1615.509,30691.0,75933252,WSL MemTotal-MemAvailable fallback,0,19513704,1677,4,,
1616.549,30691.0,75928276,WSL MemTotal-MemAvailable fallback,0,19513704,1677,4,,
1617.593,30691.0,75914832,WSL MemTotal-MemAvailable fallback,0,19513704,1677,4,,
1618.637,30690.0,75920292,WSL MemTotal-MemAvailable fallback,0,19513704,1677,4,,
1619.676,30690.0,75920912,WSL MemTotal-MemAvailable fallback,0,19513704,1677,4,,
1620.711,30691.0,75918588,WSL MemTotal-MemAvailable fallback,0,19513704,1677,4,,
1621.748,30690.0,75921024,WSL MemTotal-MemAvailable fallback,0,19513704,1677,4,,
1622.781,30690.0,75924872,WSL MemTotal-MemAvailable fallback,0,19513704,1677,4,,
1623.821,30691.0,75920548,WSL MemTotal-MemAvailable fallback,0,19513704,1677,4,,
1624.857,30690.0,75921800,WSL MemTotal-MemAvailable fallback,0,19513704,1677,4,,
1625.904,30690.0,75924640,WSL MemTotal-MemAvailable fallback,0,19513704,1677,4,,
1626.951,30690.0,75940084,WSL MemTotal-MemAvailable fallback,0,19513704,1677,4,,
1628.007,30690.0,75930256,WSL MemTotal-MemAvailable fallback,0,19513704,1677,4,,
1629.059,30690.0,75926048,WSL MemTotal-MemAvailable fallback,0,19513704,1677,4,,
1630.112,30685.0,75930992,WSL MemTotal-MemAvailable fallback,0,19513704,1677,4,,
1631.151,30685.0,75924916,WSL MemTotal-MemAvailable fallback,0,19513704,1677,4,,
1632.203,30691.0,75926928,WSL MemTotal-MemAvailable fallback,0,19513704,1677,4,,
1633.237,30690.0,75932440,WSL MemTotal-MemAvailable fallback,0,19513704,1677,4,,
1634.272,30690.0,75929868,WSL MemTotal-MemAvailable fallback,0,19513704,1677,4,,
1635.315,30690.0,75932856,WSL MemTotal-MemAvailable fallback,0,19513704,1677,4,,
1636.366,30691.0,75928556,WSL MemTotal-MemAvailable fallback,0,19513704,1677,4,,
1637.424,30691.0,75931064,WSL MemTotal-MemAvailable fallback,0,19513704,1677,4,,
1638.469,30691.0,75933776,WSL MemTotal-MemAvailable fallback,0,19513704,1677,4,,
1639.51,30691.0,75936800,WSL MemTotal-MemAvailable fallback,0,19513704,1677,4,,
1640.551,30696.0,75939012,WSL MemTotal-MemAvailable fallback,0,19513704,1677,4,,
1641.6,30698.0,75933688,WSL MemTotal-MemAvailable fallback,0,19513704,1677,4,,
1642.658,30698.0,75937132,WSL MemTotal-MemAvailable fallback,0,19513704,1677,4,,
1643.708,30697.0,75930116,WSL MemTotal-MemAvailable fallback,0,19513704,1677,4,,
1644.754,30698.0,75927392,WSL MemTotal-MemAvailable fallback,0,19513704,1677,4,,
1645.789,30692.0,75931380,WSL MemTotal-MemAvailable fallback,0,19513704,1677,4,,
1646.845,30690.0,75926716,WSL MemTotal-MemAvailable fallback,0,19513704,1677,4,,
1647.88,30690.0,75927668,WSL MemTotal-MemAvailable fallback,0,19513704,1677,4,,
1648.918,30691.0,75930228,WSL MemTotal-MemAvailable fallback,0,19513704,1677,4,,
1649.957,30690.0,75933220,WSL MemTotal-MemAvailable fallback,0,19513704,1677,4,,
1650.997,30690.0,75931132,WSL MemTotal-MemAvailable fallback,0,19513704,1677,4,,
1652.033,30685.0,75927008,WSL MemTotal-MemAvailable fallback,0,19513704,1677,4,,
1653.078,30685.0,75929864,WSL MemTotal-MemAvailable fallback,0,19513704,1677,4,,
1654.128,30685.0,75919028,WSL MemTotal-MemAvailable fallback,0,19513704,1677,4,,
1655.162,30685.0,75929280,WSL MemTotal-MemAvailable fallback,0,19513704,1677,4,,
1656.197,30685.0,75923396,WSL MemTotal-MemAvailable fallback,0,19513704,1677,4,,
1657.247,30685.0,75924248,WSL MemTotal-MemAvailable fallback,0,19513704,1677,4,,
1658.31,30685.0,75928740,WSL MemTotal-MemAvailable fallback,0,19513704,1677,4,,
1659.353,30685.0,75929528,WSL MemTotal-MemAvailable fallback,0,19513704,1677,4,,
1660.404,30685.0,75924404,WSL MemTotal-MemAvailable fallback,0,19513704,1677,4,,
1661.444,30685.0,75926804,WSL MemTotal-MemAvailable fallback,0,19513704,1677,4,,
1662.483,30685.0,75929300,WSL MemTotal-MemAvailable fallback,0,19513704,1677,4,,
1663.529,30685.0,75931840,WSL MemTotal-MemAvailable fallback,0,19513704,1677,4,,
1664.571,30685.0,75920392,WSL MemTotal-MemAvailable fallback,0,19513704,1677,4,,
1665.611,30685.0,75923164,WSL MemTotal-MemAvailable fallback,0,19513704,1677,4,,
1666.646,30685.0,75922108,WSL MemTotal-MemAvailable fallback,0,19513704,1677,4,,
1667.69,30685.0,75926072,WSL MemTotal-MemAvailable fallback,0,19513704,1677,4,,
1668.729,30685.0,75926064,WSL MemTotal-MemAvailable fallback,0,19513704,1677,4,,
1669.766,30685.0,75929648,WSL MemTotal-MemAvailable fallback,0,19513704,1677,4,,
1670.811,30685.0,75929816,WSL MemTotal-MemAvailable fallback,0,19513704,1677,4,,
1671.859,30685.0,75930952,WSL MemTotal-MemAvailable fallback,0,19513704,1677,4,,
1672.92,30685.0,75930824,WSL MemTotal-MemAvailable fallback,0,19513704,1677,4,,
1673.964,30685.0,75930356,WSL MemTotal-MemAvailable fallback,0,19513704,1677,4,,
1675.009,30685.0,75931868,WSL MemTotal-MemAvailable fallback,0,19513704,1677,4,,
1676.072,30685.0,75928028,WSL MemTotal-MemAvailable fallback,0,19513704,1677,4,,
1677.115,30685.0,75928944,WSL MemTotal-MemAvailable fallback,0,19513704,1677,4,,
1678.15,30685.0,75933476,WSL MemTotal-MemAvailable fallback,0,19513704,1677,4,,
1679.199,30685.0,75934508,WSL MemTotal-MemAvailable fallback,0,19513704,1677,4,,
1680.236,30685.0,75933020,WSL MemTotal-MemAvailable fallback,0,19513704,1677,4,,
1681.269,30685.0,75929160,WSL MemTotal-MemAvailable fallback,0,19513704,1677,4,,
1682.312,30685.0,75931596,WSL MemTotal-MemAvailable fallback,0,19513704,1677,4,,
1683.352,30685.0,75936476,WSL MemTotal-MemAvailable fallback,0,19513704,1677,4,,
1684.388,30685.0,75929268,WSL MemTotal-MemAvailable fallback,0,19513704,1677,4,,
1685.423,30685.0,75923236,WSL MemTotal-MemAvailable fallback,0,19513704,1677,4,,
1686.461,30685.0,75917652,WSL MemTotal-MemAvailable fallback,0,19513704,1677,4,,
1687.503,30685.0,75919428,WSL MemTotal-MemAvailable fallback,0,19513704,1677,4,,
1688.546,30685.0,75918960,WSL MemTotal-MemAvailable fallback,0,19513704,1677,4,,
1689.584,30685.0,75923612,WSL MemTotal-MemAvailable fallback,0,19513704,1677,4,,
1690.619,30679.0,75923436,WSL MemTotal-MemAvailable fallback,0,19513704,1677,4,,
1691.655,30679.0,75923160,WSL MemTotal-MemAvailable fallback,0,19513704,1677,4,,
1692.695,30685.0,75925288,WSL MemTotal-MemAvailable fallback,0,19513704,1677,4,,
1693.735,30685.0,75922244,WSL MemTotal-MemAvailable fallback,0,19513704,1677,4,,
1694.785,30685.0,75916716,WSL MemTotal-MemAvailable fallback,0,19513704,1677,4,,
1695.822,30685.0,75919536,WSL MemTotal-MemAvailable fallback,0,19513704,1677,4,,
1696.866,30685.0,75919180,WSL MemTotal-MemAvailable fallback,0,19513704,1677,4,,
1697.925,30685.0,75914620,WSL MemTotal-MemAvailable fallback,0,19513704,1677,4,,
1698.974,30685.0,75915124,WSL MemTotal-MemAvailable fallback,0,19513704,1677,4,,
1700.012,30685.0,75918960,WSL MemTotal-MemAvailable fallback,0,19513704,1677,4,,
1701.071,30684.0,75917556,WSL MemTotal-MemAvailable fallback,0,19513704,1677,4,,
1702.131,30684.0,75917988,WSL MemTotal-MemAvailable fallback,0,19513704,1677,4,,
1703.18,30684.0,75919940,WSL MemTotal-MemAvailable fallback,0,19513704,1677,4,,
1704.217,30685.0,75924104,WSL MemTotal-MemAvailable fallback,0,19513704,1677,4,,
1705.252,30684.0,75933288,WSL MemTotal-MemAvailable fallback,0,19513704,1677,4,,
1706.287,30684.0,75934208,WSL MemTotal-MemAvailable fallback,0,19513704,1677,4,,
1707.327,30684.0,75931184,WSL MemTotal-MemAvailable fallback,0,19513828,1677,4,,
1708.379,30692.0,75920876,WSL MemTotal-MemAvailable fallback,0,19513828,1677,4,,
1709.42,30691.0,75923460,WSL MemTotal-MemAvailable fallback,0,19513828,1677,4,,
1710.459,30691.0,75926476,WSL MemTotal-MemAvailable fallback,0,19513828,1677,4,,
1711.501,30691.0,75930056,WSL MemTotal-MemAvailable fallback,0,19513828,1677,4,,
1712.543,30691.0,75928788,WSL MemTotal-MemAvailable fallback,0,19513828,1677,4,,
1713.581,30696.0,75936468,WSL MemTotal-MemAvailable fallback,0,19513828,1677,4,,
1714.63,30696.0,75931588,WSL MemTotal-MemAvailable fallback,0,19513828,1677,4,,
1715.673,30696.0,75925024,WSL MemTotal-MemAvailable fallback,0,19513828,1677,4,,
1716.722,30696.0,75927768,WSL MemTotal-MemAvailable fallback,0,19513828,1677,4,,
1717.764,30690.0,75925908,WSL MemTotal-MemAvailable fallback,0,19513828,1677,4,,
1718.804,30690.0,75922268,WSL MemTotal-MemAvailable fallback,0,19513828,1677,4,,
1719.854,30690.0,75921816,WSL MemTotal-MemAvailable fallback,0,19513828,1677,4,,
1720.896,30696.0,75923608,WSL MemTotal-MemAvailable fallback,0,19513828,1677,4,,
1721.944,30696.0,75930188,WSL MemTotal-MemAvailable fallback,0,19513828,1677,4,,
1722.988,30696.0,75932048,WSL MemTotal-MemAvailable fallback,0,19513828,1677,4,,
1724.045,30696.0,75930116,WSL MemTotal-MemAvailable fallback,0,19513828,1677,4,,
1725.105,30696.0,75934148,WSL MemTotal-MemAvailable fallback,0,19513828,1677,4,,
1726.151,30690.0,75924396,WSL MemTotal-MemAvailable fallback,0,19513828,1677,4,,
1727.201,30690.0,75920572,WSL MemTotal-MemAvailable fallback,0,19513828,1677,4,,
1728.251,30690.0,75925248,WSL MemTotal-MemAvailable fallback,0,19513828,1677,4,,
1729.287,30690.0,75923124,WSL MemTotal-MemAvailable fallback,0,19513828,1677,4,,
1730.324,30690.0,75920884,WSL MemTotal-MemAvailable fallback,0,19513828,1677,4,,
1731.362,30690.0,75921140,WSL MemTotal-MemAvailable fallback,0,19513828,1677,4,,
1732.42,30690.0,75923460,WSL MemTotal-MemAvailable fallback,0,19513828,1677,4,,
1733.464,30690.0,75936092,WSL MemTotal-MemAvailable fallback,0,19513828,1677,4,,
1734.512,30690.0,75958620,WSL MemTotal-MemAvailable fallback,0,19513828,1677,4,,
1735.57,30690.0,75954028,WSL MemTotal-MemAvailable fallback,0,19513828,1677,4,,
1736.61,30691.0,75956568,WSL MemTotal-MemAvailable fallback,0,19513828,1677,4,,
1737.649,30690.0,75956860,WSL MemTotal-MemAvailable fallback,0,19513828,1677,4,,
1738.689,30690.0,75953096,WSL MemTotal-MemAvailable fallback,0,19513828,1677,4,,
1739.725,30690.0,75950532,WSL MemTotal-MemAvailable fallback,0,19513828,1677,4,,
1740.761,30690.0,75947424,WSL MemTotal-MemAvailable fallback,0,19513828,1677,4,,
1741.801,30690.0,75962232,WSL MemTotal-MemAvailable fallback,0,19513828,1677,4,,
1742.851,30690.0,75956684,WSL MemTotal-MemAvailable fallback,0,19513828,1677,4,,
1743.893,30690.0,75952560,WSL MemTotal-MemAvailable fallback,0,19513828,1677,4,,
1744.933,30690.0,75953060,WSL MemTotal-MemAvailable fallback,0,19513828,1677,4,,
1745.992,30690.0,75948704,WSL MemTotal-MemAvailable fallback,0,19513828,1677,4,,
1747.037,30690.0,75944164,WSL MemTotal-MemAvailable fallback,0,19513828,1677,4,,
1748.089,30691.0,75939680,WSL MemTotal-MemAvailable fallback,0,19513828,1677,4,,
1749.129,30690.0,75941496,WSL MemTotal-MemAvailable fallback,0,19513828,1677,4,,
1750.174,30690.0,75940096,WSL MemTotal-MemAvailable fallback,0,19513828,1677,4,,
1751.211,30690.0,75932052,WSL MemTotal-MemAvailable fallback,0,19513828,1677,4,,
1752.274,30691.0,75932464,WSL MemTotal-MemAvailable fallback,0,19513828,1677,4,,
1753.328,30690.0,75942544,WSL MemTotal-MemAvailable fallback,0,19513828,1677,4,,
1754.377,30690.0,75933904,WSL MemTotal-MemAvailable fallback,0,19513828,1677,4,,
1755.433,30690.0,75931956,WSL MemTotal-MemAvailable fallback,0,19513828,1677,4,,
1756.474,30690.0,75936380,WSL MemTotal-MemAvailable fallback,0,19513828,1677,4,,
1757.52,30690.0,75941064,WSL MemTotal-MemAvailable fallback,0,19513828,1677,4,,
1758.573,30690.0,75940280,WSL MemTotal-MemAvailable fallback,0,19513828,1677,4,,
1759.623,30690.0,75938684,WSL MemTotal-MemAvailable fallback,0,19513828,1677,4,,
1760.667,30690.0,75938308,WSL MemTotal-MemAvailable fallback,0,19513828,1677,4,,
1761.704,30690.0,75939728,WSL MemTotal-MemAvailable fallback,0,19513828,1677,4,,
1762.748,30690.0,75948556,WSL MemTotal-MemAvailable fallback,0,19513828,1677,4,,
1763.8,30691.0,75948796,WSL MemTotal-MemAvailable fallback,0,19513828,1677,4,,
1764.841,30691.0,75957488,WSL MemTotal-MemAvailable fallback,0,19513828,1677,4,,
1765.875,30691.0,75957032,WSL MemTotal-MemAvailable fallback,0,19513828,1677,4,,
1766.91,30691.0,75958372,WSL MemTotal-MemAvailable fallback,0,19513828,1677,4,,
1767.954,30690.0,75965672,WSL MemTotal-MemAvailable fallback,0,19513828,1677,4,,
1769.004,30690.0,75963188,WSL MemTotal-MemAvailable fallback,0,19513834,1677,4,,
1770.055,30690.0,75965552,WSL MemTotal-MemAvailable fallback,0,19513834,1677,4,,
1771.091,30690.0,75968384,WSL MemTotal-MemAvailable fallback,0,19513834,1677,4,,
1772.128,30690.0,75977896,WSL MemTotal-MemAvailable fallback,0,19513834,1677,4,,
1773.168,30690.0,76105280,WSL MemTotal-MemAvailable fallback,0,19515822,1677,4,,
1774.223,30690.0,76119992,WSL MemTotal-MemAvailable fallback,0,19515822,1677,4,,
1775.262,30690.0,76115196,WSL MemTotal-MemAvailable fallback,0,19515822,1677,4,,
1776.307,30690.0,76110580,WSL MemTotal-MemAvailable fallback,0,19515822,1677,4,,
1777.343,30690.0,76110732,WSL MemTotal-MemAvailable fallback,0,19515822,1677,4,,
1778.396,30690.0,76109516,WSL MemTotal-MemAvailable fallback,0,19515822,1677,4,,
1779.445,30690.0,76105884,WSL MemTotal-MemAvailable fallback,0,19515822,1677,4,,
1780.489,30690.0,76106432,WSL MemTotal-MemAvailable fallback,0,19515822,1677,4,,
1781.524,30690.0,76101400,WSL MemTotal-MemAvailable fallback,0,19515822,1677,4,,
1782.567,30690.0,76092832,WSL MemTotal-MemAvailable fallback,0,19515822,1677,4,,
1783.613,30691.0,76093828,WSL MemTotal-MemAvailable fallback,0,19515822,1677,4,,
1784.663,30699.0,76093616,WSL MemTotal-MemAvailable fallback,0,19515822,1677,4,,
1785.709,30698.0,76093864,WSL MemTotal-MemAvailable fallback,0,19515822,1677,4,,
1786.743,30698.0,76087592,WSL MemTotal-MemAvailable fallback,0,19515822,1677,4,,
1787.794,30698.0,76069564,WSL MemTotal-MemAvailable fallback,0,19515822,1677,4,,
1788.838,30698.0,76059220,WSL MemTotal-MemAvailable fallback,0,19515822,1677,4,,
1789.884,30696.0,76059416,WSL MemTotal-MemAvailable fallback,0,19515822,1677,4,,
1790.922,30696.0,76056872,WSL MemTotal-MemAvailable fallback,0,19515822,1677,4,,
1791.971,30696.0,76052532,WSL MemTotal-MemAvailable fallback,0,19515822,1677,4,,
1793.016,30696.0,76055420,WSL MemTotal-MemAvailable fallback,0,19515822,1677,4,,
1794.057,30696.0,76046892,WSL MemTotal-MemAvailable fallback,0,19515822,1677,4,,
1795.093,30690.0,76048200,WSL MemTotal-MemAvailable fallback,0,19515822,1677,4,,
1796.142,30691.0,76049364,WSL MemTotal-MemAvailable fallback,0,19515822,1677,4,,
1797.177,30690.0,76047372,WSL MemTotal-MemAvailable fallback,0,19515822,1677,4,,
1798.213,30691.0,76049224,WSL MemTotal-MemAvailable fallback,0,19515822,1677,4,,
1799.259,30691.0,76044360,WSL MemTotal-MemAvailable fallback,0,19515822,1677,4,,
1800.299,30691.0,76044936,WSL MemTotal-MemAvailable fallback,0,19515822,1677,4,,
1801.339,30690.0,76048848,WSL MemTotal-MemAvailable fallback,0,19515822,1677,4,,
1802.385,30691.0,76046196,WSL MemTotal-MemAvailable fallback,0,19515822,1677,4,,
1803.425,30691.0,76046580,WSL MemTotal-MemAvailable fallback,0,19515822,1677,4,,
1804.461,30691.0,76039624,WSL MemTotal-MemAvailable fallback,0,19515822,1677,4,,
1805.498,30691.0,76044380,WSL MemTotal-MemAvailable fallback,0,19515822,1677,4,,
1806.542,30685.0,76041136,WSL MemTotal-MemAvailable fallback,0,19515822,1677,4,,
1807.583,30685.0,76044412,WSL MemTotal-MemAvailable fallback,0,19515822,1677,4,,
1808.639,30691.0,76043508,WSL MemTotal-MemAvailable fallback,0,19515822,1677,4,,
1809.675,30691.0,76041916,WSL MemTotal-MemAvailable fallback,0,19515822,1677,4,,
1810.718,30691.0,76034348,WSL MemTotal-MemAvailable fallback,0,19515822,1677,4,,
1811.763,30690.0,76037124,WSL MemTotal-MemAvailable fallback,0,19515822,1677,4,,
1812.807,30690.0,76030460,WSL MemTotal-MemAvailable fallback,0,19515822,1677,4,,
1813.852,30690.0,76027748,WSL MemTotal-MemAvailable fallback,0,19515822,1677,4,,
1814.915,30690.0,76034792,WSL MemTotal-MemAvailable fallback,0,19515822,1677,4,,
1815.958,30690.0,76028704,WSL MemTotal-MemAvailable fallback,0,19515822,1677,4,,
1816.997,30691.0,76045068,WSL MemTotal-MemAvailable fallback,0,19515822,1677,4,,
1818.037,30691.0,76053636,WSL MemTotal-MemAvailable fallback,0,19515822,1677,4,,
1819.084,30690.0,76048596,WSL MemTotal-MemAvailable fallback,0,19515822,1677,4,,
1820.119,30690.0,76049288,WSL MemTotal-MemAvailable fallback,0,19515822,1677,4,,
1821.158,30690.0,76052600,WSL MemTotal-MemAvailable fallback,0,19515822,1677,4,,
1822.195,30690.0,76059960,WSL MemTotal-MemAvailable fallback,0,19515822,1677,4,,
1823.237,30690.0,76055460,WSL MemTotal-MemAvailable fallback,0,19515822,1677,4,,
1824.271,30691.0,76055588,WSL MemTotal-MemAvailable fallback,0,19515822,1677,4,,
1825.305,30690.0,76055080,WSL MemTotal-MemAvailable fallback,0,19515822,1677,4,,
1826.35,30690.0,76051940,WSL MemTotal-MemAvailable fallback,0,19515822,1677,4,,
1827.386,30690.0,76048428,WSL MemTotal-MemAvailable fallback,0,19515822,1677,4,,
1828.439,30691.0,76048272,WSL MemTotal-MemAvailable fallback,0,19515822,1677,4,,
1829.49,30690.0,76043536,WSL MemTotal-MemAvailable fallback,0,19515822,1677,4,,
1830.533,30690.0,76039592,WSL MemTotal-MemAvailable fallback,0,19515822,1677,4,,
1831.584,30690.0,76042988,WSL MemTotal-MemAvailable fallback,0,19515822,1677,4,,
1832.628,30690.0,76037084,WSL MemTotal-MemAvailable fallback,0,19515822,1677,4,,
1833.675,30690.0,76039924,WSL MemTotal-MemAvailable fallback,0,19515822,1677,4,,
1834.711,30690.0,76040072,WSL MemTotal-MemAvailable fallback,0,19515822,1677,4,,
1835.756,30690.0,76031380,WSL MemTotal-MemAvailable fallback,0,19515822,1677,4,,
1836.8,30691.0,76024756,WSL MemTotal-MemAvailable fallback,0,19515822,1677,4,,
1837.84,30690.0,76029296,WSL MemTotal-MemAvailable fallback,0,19515822,1677,4,,
1838.881,30690.0,76036544,WSL MemTotal-MemAvailable fallback,0,19515822,1677,4,,
1839.92,30690.0,76030992,WSL MemTotal-MemAvailable fallback,0,19515822,1677,4,,
1840.969,30690.0,76045872,WSL MemTotal-MemAvailable fallback,0,19515822,1677,4,,
1842.019,30690.0,76043104,WSL MemTotal-MemAvailable fallback,0,19515822,1677,4,,
1843.07,30690.0,76043256,WSL MemTotal-MemAvailable fallback,0,19515822,1677,4,,
1844.134,30691.0,76029940,WSL MemTotal-MemAvailable fallback,0,19515822,1677,4,,
1845.183,30690.0,76037828,WSL MemTotal-MemAvailable fallback,0,19515822,1677,4,,
1846.24,30690.0,76036500,WSL MemTotal-MemAvailable fallback,0,19515822,1677,4,,
1847.277,30690.0,76036588,WSL MemTotal-MemAvailable fallback,0,19515822,1677,4,,
1848.325,30690.0,76034876,WSL MemTotal-MemAvailable fallback,0,19515822,1677,4,,
1849.365,30690.0,76036692,WSL MemTotal-MemAvailable fallback,0,19515822,1677,4,,
1850.402,30690.0,76034508,WSL MemTotal-MemAvailable fallback,0,19515822,1677,4,,
1851.437,30690.0,76038048,WSL MemTotal-MemAvailable fallback,0,19515822,1677,4,,
1852.483,30690.0,76043568,WSL MemTotal-MemAvailable fallback,0,19515822,1677,4,,
1853.526,30692.0,76046608,WSL MemTotal-MemAvailable fallback,0,19515822,1677,4,,
1854.573,30692.0,76046600,WSL MemTotal-MemAvailable fallback,0,19515822,1677,4,,
1855.607,30692.0,76046924,WSL MemTotal-MemAvailable fallback,0,19515822,1677,4,,
1856.642,30692.0,76048040,WSL MemTotal-MemAvailable fallback,0,19515822,1677,4,,
1857.679,30692.0,76040944,WSL MemTotal-MemAvailable fallback,0,19515822,1677,4,,
1858.738,30690.0,76054880,WSL MemTotal-MemAvailable fallback,0,19515822,1677,4,,
1859.785,30690.0,76053088,WSL MemTotal-MemAvailable fallback,0,19515822,1677,4,,
1860.838,30691.0,76054132,WSL MemTotal-MemAvailable fallback,0,19515822,1677,4,,
1861.885,30690.0,76055976,WSL MemTotal-MemAvailable fallback,0,19515822,1677,4,,
1862.922,30690.0,76052500,WSL MemTotal-MemAvailable fallback,0,19515822,1677,4,,
1863.965,30690.0,76053928,WSL MemTotal-MemAvailable fallback,0,19515822,1677,4,,
1865.008,30690.0,76061728,WSL MemTotal-MemAvailable fallback,0,19515822,1677,4,,
1866.051,30690.0,76061220,WSL MemTotal-MemAvailable fallback,0,19515822,1677,4,,
1867.09,30690.0,76059224,WSL MemTotal-MemAvailable fallback,0,19515822,1677,4,,
1868.132,30690.0,76054480,WSL MemTotal-MemAvailable fallback,0,19515822,1677,4,,
1869.183,30690.0,76052612,WSL MemTotal-MemAvailable fallback,0,19515822,1677,4,,
1870.219,30690.0,76053860,WSL MemTotal-MemAvailable fallback,0,19515822,1677,4,,
1871.254,30690.0,76051964,WSL MemTotal-MemAvailable fallback,0,19515822,1677,4,,
1872.297,30691.0,76053232,WSL MemTotal-MemAvailable fallback,0,19515822,1677,4,,
1873.339,30690.0,76060036,WSL MemTotal-MemAvailable fallback,0,19515822,1677,4,,
1874.386,30690.0,76060060,WSL MemTotal-MemAvailable fallback,0,19515822,1677,4,,
1875.437,30690.0,76060928,WSL MemTotal-MemAvailable fallback,0,19515822,1677,4,,
1876.478,30690.0,76060796,WSL MemTotal-MemAvailable fallback,0,19515822,1677,4,,
1877.515,30690.0,76055552,WSL MemTotal-MemAvailable fallback,0,19515822,1677,4,,
1878.552,30690.0,76055716,WSL MemTotal-MemAvailable fallback,0,19515822,1677,4,,
1879.592,30690.0,76052192,WSL MemTotal-MemAvailable fallback,0,19515822,1677,4,,
1880.63,30690.0,76049824,WSL MemTotal-MemAvailable fallback,0,19515822,1677,4,,
1881.665,30690.0,76049216,WSL MemTotal-MemAvailable fallback,0,19515822,1677,4,,
1882.703,30690.0,76043752,WSL MemTotal-MemAvailable fallback,0,19515822,1677,4,,
1883.747,30690.0,76044908,WSL MemTotal-MemAvailable fallback,0,19515822,1677,4,,
1884.784,30690.0,76043448,WSL MemTotal-MemAvailable fallback,0,19515822,1677,4,,
1885.84,30690.0,76039976,WSL MemTotal-MemAvailable fallback,0,19515822,1677,4,,
1886.88,30690.0,76037536,WSL MemTotal-MemAvailable fallback,0,19515822,1677,4,,
1887.917,30690.0,76039164,WSL MemTotal-MemAvailable fallback,0,19515822,1677,4,,
1888.951,30690.0,76043816,WSL MemTotal-MemAvailable fallback,0,19515822,1677,4,,
1889.995,30690.0,76042004,WSL MemTotal-MemAvailable fallback,0,19515822,1677,4,,
1891.031,30690.0,76041812,WSL MemTotal-MemAvailable fallback,0,19515822,1677,4,,
1892.078,30690.0,76042712,WSL MemTotal-MemAvailable fallback,0,19515822,1677,4,,
1893.132,30690.0,76047448,WSL MemTotal-MemAvailable fallback,0,19515822,1677,4,,
1894.183,30690.0,76041712,WSL MemTotal-MemAvailable fallback,0,19515822,1677,4,,
1895.23,30690.0,76042324,WSL MemTotal-MemAvailable fallback,0,19515822,1677,4,,
1896.272,30691.0,76047052,WSL MemTotal-MemAvailable fallback,0,19515822,1677,4,,
1897.314,30691.0,76049688,WSL MemTotal-MemAvailable fallback,0,19515822,1677,4,,
1898.365,30691.0,76042680,WSL MemTotal-MemAvailable fallback,0,19515822,1677,4,,
1899.413,30691.0,76039992,WSL MemTotal-MemAvailable fallback,0,19515822,1677,4,,
1900.45,30691.0,76043640,WSL MemTotal-MemAvailable fallback,0,19515822,1677,4,,
1901.494,30690.0,76046796,WSL MemTotal-MemAvailable fallback,0,19515822,1677,4,,
1902.533,30690.0,76055704,WSL MemTotal-MemAvailable fallback,0,19515822,1677,4,,
1903.582,30690.0,76052860,WSL MemTotal-MemAvailable fallback,0,19515822,1677,4,,
1904.632,30691.0,76050592,WSL MemTotal-MemAvailable fallback,0,19515822,1677,4,,
1905.684,30690.0,76053584,WSL MemTotal-MemAvailable fallback,0,19515822,1677,4,,
1906.736,30690.0,76049180,WSL MemTotal-MemAvailable fallback,0,19515822,1677,4,,
1907.793,30690.0,76054668,WSL MemTotal-MemAvailable fallback,0,19515822,1677,4,,
1908.839,30691.0,76045348,WSL MemTotal-MemAvailable fallback,0,19515822,1677,4,,
1909.878,30690.0,76047944,WSL MemTotal-MemAvailable fallback,0,19515822,1677,4,,
1910.924,30690.0,76048856,WSL MemTotal-MemAvailable fallback,0,19515822,1677,4,,
1911.959,30690.0,76047408,WSL MemTotal-MemAvailable fallback,0,19515822,1677,4,,
1912.996,30690.0,76046372,WSL MemTotal-MemAvailable fallback,0,19515822,1677,4,,
1914.033,30690.0,76041136,WSL MemTotal-MemAvailable fallback,0,19515822,1677,4,,
1915.069,30690.0,76042516,WSL MemTotal-MemAvailable fallback,0,19515822,1677,4,,
1916.113,30691.0,76043384,WSL MemTotal-MemAvailable fallback,0,19515822,1677,4,,
1917.153,30690.0,76046996,WSL MemTotal-MemAvailable fallback,0,19515822,1677,4,,
1918.188,30691.0,76044824,WSL MemTotal-MemAvailable fallback,0,19515822,1677,4,,
1919.225,30691.0,76041592,WSL MemTotal-MemAvailable fallback,0,19515822,1677,4,,
1920.264,30691.0,76045936,WSL MemTotal-MemAvailable fallback,0,19515822,1677,4,,
1921.305,30692.0,76037072,WSL MemTotal-MemAvailable fallback,0,19515822,1677,4,,
1922.348,30692.0,76035664,WSL MemTotal-MemAvailable fallback,0,19515822,1677,4,,
1923.384,30692.0,76038620,WSL MemTotal-MemAvailable fallback,0,19515822,1677,4,,
1924.424,30692.0,76038732,WSL MemTotal-MemAvailable fallback,0,19515822,1677,4,,
1925.459,30692.0,76038060,WSL MemTotal-MemAvailable fallback,0,19515822,1677,4,,
1926.494,30691.0,76040804,WSL MemTotal-MemAvailable fallback,0,19515822,1677,4,,
1927.532,30690.0,76039320,WSL MemTotal-MemAvailable fallback,0,19515822,1677,4,,
1928.571,30696.0,76040784,WSL MemTotal-MemAvailable fallback,0,19515822,1677,4,,
1929.618,30696.0,76040928,WSL MemTotal-MemAvailable fallback,0,19515822,1677,4,,
1930.667,30696.0,76044032,WSL MemTotal-MemAvailable fallback,0,19515822,1677,4,,
1931.705,30696.0,76030508,WSL MemTotal-MemAvailable fallback,0,19515822,1677,4,,
1932.742,30696.0,76039876,WSL MemTotal-MemAvailable fallback,0,19515822,1677,4,,
1933.792,30696.0,76040440,WSL MemTotal-MemAvailable fallback,0,19515822,1677,4,,
1934.837,30690.0,76036580,WSL MemTotal-MemAvailable fallback,0,19515822,1677,4,,
1935.878,30690.0,76032960,WSL MemTotal-MemAvailable fallback,0,19515822,1677,4,,
1936.929,30691.0,76030416,WSL MemTotal-MemAvailable fallback,0,19515822,1677,4,,
1937.977,30690.0,76035604,WSL MemTotal-MemAvailable fallback,0,19515822,1677,4,,
1939.024,30690.0,76034144,WSL MemTotal-MemAvailable fallback,0,19515822,1677,4,,
1940.074,30691.0,76030972,WSL MemTotal-MemAvailable fallback,0,19515822,1677,4,,
1941.123,30690.0,76026928,WSL MemTotal-MemAvailable fallback,0,19515822,1677,4,,
1942.161,30690.0,76031620,WSL MemTotal-MemAvailable fallback,0,19515822,1677,4,,
1943.199,30690.0,76028156,WSL MemTotal-MemAvailable fallback,0,19515822,1677,4,,
1944.243,30691.0,76035536,WSL MemTotal-MemAvailable fallback,0,19515822,1677,4,,
1945.278,30690.0,76034392,WSL MemTotal-MemAvailable fallback,0,19515822,1677,4,,
1946.323,30690.0,76030892,WSL MemTotal-MemAvailable fallback,0,19515822,1677,4,,
1947.358,30691.0,76031564,WSL MemTotal-MemAvailable fallback,0,19515822,1677,4,,
1948.394,30691.0,76052484,WSL MemTotal-MemAvailable fallback,0,19515822,1677,4,,
1949.429,30690.0,76057008,WSL MemTotal-MemAvailable fallback,0,19515822,1677,4,,
1950.472,30690.0,76051324,WSL MemTotal-MemAvailable fallback,0,19515822,1677,4,,
1951.506,30690.0,76050868,WSL MemTotal-MemAvailable fallback,0,19515822,1677,4,,
1952.55,30691.0,76051532,WSL MemTotal-MemAvailable fallback,0,19515822,1677,4,,
1953.595,30690.0,76043888,WSL MemTotal-MemAvailable fallback,0,19515822,1677,4,,
1954.65,30690.0,76046868,WSL MemTotal-MemAvailable fallback,0,19515822,1677,4,,
1955.693,30690.0,76044544,WSL MemTotal-MemAvailable fallback,0,19515822,1677,4,,
1956.744,30691.0,76042844,WSL MemTotal-MemAvailable fallback,0,19515822,1677,4,,
1957.788,30691.0,76043912,WSL MemTotal-MemAvailable fallback,0,19515822,1677,4,,
1958.825,30690.0,76042388,WSL MemTotal-MemAvailable fallback,0,19515822,1677,4,,
1959.869,30690.0,76038544,WSL MemTotal-MemAvailable fallback,0,19515822,1677,4,,
1960.906,30690.0,76041752,WSL MemTotal-MemAvailable fallback,0,19515822,1677,4,,
1961.947,30690.0,76034436,WSL MemTotal-MemAvailable fallback,0,19515822,1677,4,,
1962.996,30690.0,76033144,WSL MemTotal-MemAvailable fallback,0,19515822,1677,4,,
1964.057,30691.0,76049204,WSL MemTotal-MemAvailable fallback,0,19515822,1677,4,,
1965.106,30691.0,76044276,WSL MemTotal-MemAvailable fallback,0,19515822,1677,4,,
1966.149,30690.0,76045944,WSL MemTotal-MemAvailable fallback,0,19515822,1677,4,,
1967.19,30690.0,76045132,WSL MemTotal-MemAvailable fallback,0,19515822,1677,4,,
1968.232,30691.0,76047580,WSL MemTotal-MemAvailable fallback,0,19515822,1677,4,,
1969.279,30690.0,76044452,WSL MemTotal-MemAvailable fallback,0,19515822,1677,4,,
1970.322,30690.0,76041644,WSL MemTotal-MemAvailable fallback,0,19515822,1677,4,,
1971.374,30690.0,76042480,WSL MemTotal-MemAvailable fallback,0,19515822,1677,4,,
1972.421,30690.0,76032788,WSL MemTotal-MemAvailable fallback,0,19515822,1677,4,,
1973.473,30690.0,76035980,WSL MemTotal-MemAvailable fallback,0,19515822,1677,4,,
1974.535,30690.0,76032204,WSL MemTotal-MemAvailable fallback,0,19515822,1677,4,,
1975.58,30690.0,76033324,WSL MemTotal-MemAvailable fallback,0,19515822,1677,4,,
1976.619,30690.0,76033480,WSL MemTotal-MemAvailable fallback,0,19515822,1677,4,,
1977.661,30691.0,76032272,WSL MemTotal-MemAvailable fallback,0,19515822,1677,4,,
1978.7,30691.0,76036452,WSL MemTotal-MemAvailable fallback,0,19515822,1677,4,,
1979.739,30691.0,76032888,WSL MemTotal-MemAvailable fallback,0,19515822,1677,4,,
1980.785,30691.0,76029220,WSL MemTotal-MemAvailable fallback,0,19515822,1677,4,,
1981.837,30690.0,76031100,WSL MemTotal-MemAvailable fallback,0,19515822,1677,4,,
1982.885,30690.0,76036540,WSL MemTotal-MemAvailable fallback,0,19515822,1677,4,,
1983.93,30690.0,76039468,WSL MemTotal-MemAvailable fallback,0,19515822,1677,4,,
1984.966,30691.0,76042972,WSL MemTotal-MemAvailable fallback,0,19515822,1677,4,,
1986.001,30691.0,76041392,WSL MemTotal-MemAvailable fallback,0,19515822,1677,4,,
1987.038,30691.0,76042976,WSL MemTotal-MemAvailable fallback,0,19515822,1677,4,,
1988.092,30691.0,76038948,WSL MemTotal-MemAvailable fallback,0,19515822,1677,4,,
1989.142,30691.0,76047964,WSL MemTotal-MemAvailable fallback,0,19515822,1677,4,,
1990.177,30691.0,76049104,WSL MemTotal-MemAvailable fallback,0,19515822,1677,4,,
1991.223,30690.0,76047828,WSL MemTotal-MemAvailable fallback,0,19515822,1677,4,,
1992.262,30691.0,76050868,WSL MemTotal-MemAvailable fallback,0,19515822,1677,4,,
1993.301,30690.0,76048260,WSL MemTotal-MemAvailable fallback,0,19515822,1677,4,,
1994.349,30690.0,76051764,WSL MemTotal-MemAvailable fallback,0,19515822,1677,4,,
1995.404,30690.0,76049380,WSL MemTotal-MemAvailable fallback,0,19515822,1677,4,,
1996.45,30691.0,76049740,WSL MemTotal-MemAvailable fallback,0,19515822,1677,4,,
1997.49,30690.0,76053484,WSL MemTotal-MemAvailable fallback,0,19515822,1677,4,,
1998.538,30690.0,76057344,WSL MemTotal-MemAvailable fallback,0,19515822,1677,4,,
1999.578,30690.0,76052640,WSL MemTotal-MemAvailable fallback,0,19515822,1677,4,,
2000.631,30691.0,76054260,WSL MemTotal-MemAvailable fallback,0,19515822,1677,4,,
2001.679,30692.0,76056456,WSL MemTotal-MemAvailable fallback,0,19515822,1677,4,,
2002.738,30692.0,76053324,WSL MemTotal-MemAvailable fallback,0,19515822,1677,4,,
2003.784,30692.0,76049192,WSL MemTotal-MemAvailable fallback,0,19515822,1677,4,,
2004.823,30692.0,76043192,WSL MemTotal-MemAvailable fallback,0,19515822,1677,4,,
2005.861,30692.0,76043956,WSL MemTotal-MemAvailable fallback,0,19515822,1677,4,,
2006.914,30691.0,76045776,WSL MemTotal-MemAvailable fallback,0,19515822,1677,4,,
2007.959,30690.0,76039452,WSL MemTotal-MemAvailable fallback,0,19515822,1677,4,,
2009.005,30690.0,76040392,WSL MemTotal-MemAvailable fallback,0,19515822,1677,4,,
2010.041,30690.0,76040112,WSL MemTotal-MemAvailable fallback,0,19515822,1677,4,,
2011.085,30690.0,76037892,WSL MemTotal-MemAvailable fallback,0,19515822,1677,4,,
2012.121,30691.0,76031176,WSL MemTotal-MemAvailable fallback,0,19515822,1677,4,,
2013.159,30691.0,76032244,WSL MemTotal-MemAvailable fallback,0,19515822,1677,4,,
2014.196,30685.0,76034196,WSL MemTotal-MemAvailable fallback,0,19515822,1677,4,,
2015.232,30685.0,76035696,WSL MemTotal-MemAvailable fallback,0,19515822,1677,4,,
2016.279,30691.0,76040460,WSL MemTotal-MemAvailable fallback,0,19515822,1677,4,,
2017.314,30690.0,76040796,WSL MemTotal-MemAvailable fallback,0,19515822,1677,4,,
2018.348,30690.0,76039984,WSL MemTotal-MemAvailable fallback,0,19515822,1677,4,,
2019.391,30690.0,76036416,WSL MemTotal-MemAvailable fallback,0,19515822,1677,4,,
2020.431,30691.0,76037732,WSL MemTotal-MemAvailable fallback,0,19515822,1677,4,,
2021.47,30690.0,76039304,WSL MemTotal-MemAvailable fallback,0,19515822,1677,4,,
2022.521,30690.0,76034616,WSL MemTotal-MemAvailable fallback,0,19515822,1677,4,,
2023.569,30690.0,76038856,WSL MemTotal-MemAvailable fallback,0,19515822,1677,4,,
2024.622,30691.0,76039296,WSL MemTotal-MemAvailable fallback,0,19515822,1677,4,,
2025.665,30690.0,76041384,WSL MemTotal-MemAvailable fallback,0,19515822,1677,4,,
2026.71,30691.0,76037592,WSL MemTotal-MemAvailable fallback,0,19515822,1677,4,,
2027.762,30691.0,76040844,WSL MemTotal-MemAvailable fallback,0,19515822,1677,4,,
2028.811,30691.0,76039164,WSL MemTotal-MemAvailable fallback,0,19515822,1677,4,,
2029.873,30691.0,76042848,WSL MemTotal-MemAvailable fallback,0,19515822,1677,4,,
2030.927,30691.0,76045776,WSL MemTotal-MemAvailable fallback,0,19515822,1677,4,,
2031.968,30691.0,76048284,WSL MemTotal-MemAvailable fallback,0,19515822,1677,4,,
2033.006,30691.0,76038648,WSL MemTotal-MemAvailable fallback,0,19515822,1677,4,,
2034.056,30691.0,76040300,WSL MemTotal-MemAvailable fallback,0,19515822,1677,4,,
2035.1,30691.0,76035612,WSL MemTotal-MemAvailable fallback,0,19515822,1677,4,,
2036.154,30691.0,76045580,WSL MemTotal-MemAvailable fallback,0,19515822,1677,4,,
2037.199,30690.0,76033668,WSL MemTotal-MemAvailable fallback,0,19515822,1677,4,,
2038.25,30691.0,76036680,WSL MemTotal-MemAvailable fallback,0,19515822,1677,4,,
2039.298,30691.0,76028620,WSL MemTotal-MemAvailable fallback,0,19515822,1677,4,,
2040.344,30691.0,76030348,WSL MemTotal-MemAvailable fallback,0,19515822,1677,4,,
2041.38,30691.0,76033828,WSL MemTotal-MemAvailable fallback,0,19515822,1677,4,,
2042.433,30691.0,76039032,WSL MemTotal-MemAvailable fallback,0,19515822,1677,4,,
2043.47,30691.0,76040900,WSL MemTotal-MemAvailable fallback,0,19515822,1677,4,,
2044.508,30691.0,76040752,WSL MemTotal-MemAvailable fallback,0,19515822,1677,4,,
2045.546,30691.0,76038492,WSL MemTotal-MemAvailable fallback,0,19515822,1677,4,,
2046.598,30691.0,76042860,WSL MemTotal-MemAvailable fallback,0,19515822,1677,4,,
2047.648,30691.0,76040404,WSL MemTotal-MemAvailable fallback,0,19515822,1677,4,,
2048.693,30691.0,76040484,WSL MemTotal-MemAvailable fallback,0,19515822,1677,4,,
2049.734,30690.0,76037884,WSL MemTotal-MemAvailable fallback,0,19515822,1677,4,,
2050.77,30691.0,76040168,WSL MemTotal-MemAvailable fallback,0,19515822,1677,4,,
2051.821,30691.0,76039324,WSL MemTotal-MemAvailable fallback,0,19515822,1677,4,,
2052.872,30691.0,76042708,WSL MemTotal-MemAvailable fallback,0,19515822,1677,4,,
2053.912,30691.0,76041148,WSL MemTotal-MemAvailable fallback,0,19515822,1677,4,,
2054.946,30691.0,76036904,WSL MemTotal-MemAvailable fallback,0,19515822,1677,4,,
2055.992,30691.0,76045492,WSL MemTotal-MemAvailable fallback,0,19515822,1677,4,,
2057.03,30691.0,76048060,WSL MemTotal-MemAvailable fallback,0,19515822,1677,4,,
2058.088,30691.0,76048540,WSL MemTotal-MemAvailable fallback,0,19515822,1677,4,,
2059.143,30691.0,76054180,WSL MemTotal-MemAvailable fallback,0,19515822,1677,4,,
2060.192,30691.0,76055272,WSL MemTotal-MemAvailable fallback,0,19515822,1677,4,,
2061.234,30691.0,76051496,WSL MemTotal-MemAvailable fallback,0,19515822,1677,4,,
2062.278,30690.0,76053500,WSL MemTotal-MemAvailable fallback,0,19515822,1677,4,,
2063.315,30690.0,76053688,WSL MemTotal-MemAvailable fallback,0,19515822,1677,4,,
2064.355,30691.0,76052380,WSL MemTotal-MemAvailable fallback,0,19515822,1677,4,,
2065.41,30691.0,76047940,WSL MemTotal-MemAvailable fallback,0,19515822,1677,4,,
2066.458,30691.0,76043704,WSL MemTotal-MemAvailable fallback,0,19515822,1677,4,,
2067.497,30691.0,76039784,WSL MemTotal-MemAvailable fallback,0,19515822,1677,4,,
2068.549,30691.0,76037212,WSL MemTotal-MemAvailable fallback,0,19515822,1677,4,,
2069.585,30691.0,76042876,WSL MemTotal-MemAvailable fallback,0,19515822,1677,4,,
2070.626,30691.0,76040484,WSL MemTotal-MemAvailable fallback,0,19515822,1677,4,,
2071.667,30691.0,76037192,WSL MemTotal-MemAvailable fallback,0,19515822,1677,4,,
2072.714,30691.0,76040356,WSL MemTotal-MemAvailable fallback,0,19515822,1677,4,,
2073.753,30691.0,76040544,WSL MemTotal-MemAvailable fallback,0,19515822,1677,4,,
2074.795,30685.0,76043380,WSL MemTotal-MemAvailable fallback,0,19515822,1677,4,,
2075.83,30685.0,76040920,WSL MemTotal-MemAvailable fallback,0,19515822,1677,4,,
2076.87,30691.0,76045428,WSL MemTotal-MemAvailable fallback,0,19515822,1677,4,,
2077.918,30691.0,76044120,WSL MemTotal-MemAvailable fallback,0,19515822,1677,4,,
2078.953,30691.0,76046580,WSL MemTotal-MemAvailable fallback,0,19515822,1677,4,,
2079.988,30691.0,76036988,WSL MemTotal-MemAvailable fallback,0,19515822,1677,4,,
2081.028,30691.0,76040332,WSL MemTotal-MemAvailable fallback,0,19515822,1677,4,,
2082.071,30691.0,76039844,WSL MemTotal-MemAvailable fallback,0,19515822,1677,4,,
2083.119,30691.0,76035936,WSL MemTotal-MemAvailable fallback,0,19515822,1677,4,,
2084.16,30691.0,76039060,WSL MemTotal-MemAvailable fallback,0,19515822,1677,4,,
2085.212,30691.0,76036372,WSL MemTotal-MemAvailable fallback,0,19515822,1677,4,,
2086.259,30691.0,76039256,WSL MemTotal-MemAvailable fallback,0,19515822,1677,4,,
2087.303,30691.0,76038740,WSL MemTotal-MemAvailable fallback,0,19515822,1677,4,,
2088.355,30691.0,76038800,WSL MemTotal-MemAvailable fallback,0,19515822,1677,4,,
2089.413,30691.0,76040872,WSL MemTotal-MemAvailable fallback,0,19515822,1677,4,,
2090.454,30691.0,76038944,WSL MemTotal-MemAvailable fallback,0,19515822,1677,4,,
2091.498,30691.0,76041404,WSL MemTotal-MemAvailable fallback,0,19515822,1677,4,,
2092.54,30691.0,76036140,WSL MemTotal-MemAvailable fallback,0,19515822,1677,4,,
2093.595,30691.0,76034308,WSL MemTotal-MemAvailable fallback,0,19515822,1677,4,,
2094.645,30691.0,76038648,WSL MemTotal-MemAvailable fallback,0,19515822,1677,4,,
2095.699,30691.0,76035432,WSL MemTotal-MemAvailable fallback,0,19515822,1677,4,,
2096.748,30691.0,76038548,WSL MemTotal-MemAvailable fallback,0,19515822,1677,4,,
2097.79,30691.0,76035308,WSL MemTotal-MemAvailable fallback,0,19515822,1677,4,,
2098.826,30691.0,76031368,WSL MemTotal-MemAvailable fallback,0,19515822,1677,4,,
2099.862,30691.0,76033200,WSL MemTotal-MemAvailable fallback,0,19515822,1677,4,,
2100.91,30692.0,76036076,WSL MemTotal-MemAvailable fallback,0,19515822,1677,4,,
2101.957,30699.0,76042980,WSL MemTotal-MemAvailable fallback,0,19515822,1677,4,,
2102.991,30699.0,76045752,WSL MemTotal-MemAvailable fallback,0,19515822,1677,4,,
2104.037,30699.0,76040248,WSL MemTotal-MemAvailable fallback,0,19515822,1677,4,,
2105.07,30698.0,76043188,WSL MemTotal-MemAvailable fallback,0,19515822,1677,4,,
2106.111,30698.0,76044596,WSL MemTotal-MemAvailable fallback,0,19515822,1677,4,,
2107.149,30691.0,76042372,WSL MemTotal-MemAvailable fallback,0,19515822,1677,4,,
2108.188,30691.0,76037892,WSL MemTotal-MemAvailable fallback,0,19515822,1677,4,,
2109.226,30691.0,76037404,WSL MemTotal-MemAvailable fallback,0,19515822,1677,4,,
2110.26,30691.0,76035484,WSL MemTotal-MemAvailable fallback,0,19515822,1677,4,,
2111.297,30691.0,76025952,WSL MemTotal-MemAvailable fallback,0,19515822,1677,4,,
2112.347,30691.0,76027772,WSL MemTotal-MemAvailable fallback,0,19515822,1677,4,,
2113.39,30691.0,76024816,WSL MemTotal-MemAvailable fallback,0,19515822,1677,4,,
2114.431,30691.0,76027488,WSL MemTotal-MemAvailable fallback,0,19515822,1677,4,,
2115.481,30691.0,76024108,WSL MemTotal-MemAvailable fallback,0,19515822,1677,4,,
2116.535,30691.0,76026320,WSL MemTotal-MemAvailable fallback,0,19515822,1677,4,,
2117.573,30691.0,76026960,WSL MemTotal-MemAvailable fallback,0,19515822,1677,4,,
2118.61,30691.0,76029064,WSL MemTotal-MemAvailable fallback,0,19515822,1677,4,,
2119.657,30691.0,76030476,WSL MemTotal-MemAvailable fallback,0,19515822,1677,4,,
2120.701,30691.0,76031700,WSL MemTotal-MemAvailable fallback,0,19515822,1677,4,,
2121.75,30691.0,76030596,WSL MemTotal-MemAvailable fallback,0,19515822,1677,4,,
2122.793,30691.0,76021836,WSL MemTotal-MemAvailable fallback,0,19515822,1677,4,,
2123.829,30691.0,76026276,WSL MemTotal-MemAvailable fallback,0,19515822,1677,4,,
2124.889,30691.0,76023272,WSL MemTotal-MemAvailable fallback,0,19515822,1677,4,,
2125.951,30691.0,76021320,WSL MemTotal-MemAvailable fallback,0,19515822,1677,4,,
2127.004,30691.0,76020608,WSL MemTotal-MemAvailable fallback,0,19515822,1677,4,,
2128.062,30691.0,76020852,WSL MemTotal-MemAvailable fallback,0,19515822,1677,4,,
2129.104,30691.0,76020016,WSL MemTotal-MemAvailable fallback,0,19515822,1677,4,,
2130.145,30691.0,76024376,WSL MemTotal-MemAvailable fallback,0,19515822,1677,4,,
2131.182,30691.0,76020796,WSL MemTotal-MemAvailable fallback,0,19515822,1677,4,,
2132.219,30691.0,76024724,WSL MemTotal-MemAvailable fallback,0,19515822,1677,4,,
2133.263,30690.0,76031668,WSL MemTotal-MemAvailable fallback,0,19515822,1677,4,,
2134.305,30689.0,76031620,WSL MemTotal-MemAvailable fallback,0,19515822,1677,4,,
2135.341,30690.0,76032136,WSL MemTotal-MemAvailable fallback,0,19515822,1677,4,,
2136.378,30690.0,76027348,WSL MemTotal-MemAvailable fallback,0,19515822,1677,4,,
2137.421,30690.0,76028476,WSL MemTotal-MemAvailable fallback,0,19515822,1677,4,,
2138.463,30690.0,76022932,WSL MemTotal-MemAvailable fallback,0,19515822,1677,4,,
2139.509,30690.0,76024976,WSL MemTotal-MemAvailable fallback,0,19515822,1677,4,,
2140.555,30690.0,76026732,WSL MemTotal-MemAvailable fallback,0,19515822,1677,4,,
2141.598,30690.0,76032244,WSL MemTotal-MemAvailable fallback,0,19515822,1677,4,,
2142.643,30690.0,76018540,WSL MemTotal-MemAvailable fallback,0,19515822,1677,4,,
2143.693,30690.0,76018144,WSL MemTotal-MemAvailable fallback,0,19515822,1677,4,,
2144.738,30690.0,76031356,WSL MemTotal-MemAvailable fallback,0,19515822,1677,4,,
2145.805,30690.0,76037152,WSL MemTotal-MemAvailable fallback,0,19515822,1677,4,,
2146.861,30690.0,76032868,WSL MemTotal-MemAvailable fallback,0,19515822,1677,4,,
2147.909,30690.0,76033736,WSL MemTotal-MemAvailable fallback,0,19515822,1677,4,,
2148.947,30690.0,76038472,WSL MemTotal-MemAvailable fallback,0,19515822,1677,4,,
2150.002,30690.0,76042800,WSL MemTotal-MemAvailable fallback,0,19515822,1677,4,,
2151.043,30690.0,76042072,WSL MemTotal-MemAvailable fallback,0,19515822,1677,4,,
2152.08,30690.0,76040832,WSL MemTotal-MemAvailable fallback,0,19515822,1677,4,,
2153.117,30690.0,76041676,WSL MemTotal-MemAvailable fallback,0,19515822,1677,4,,
2154.149,30690.0,76042740,WSL MemTotal-MemAvailable fallback,0,19515822,1677,4,,
2155.195,30690.0,76037080,WSL MemTotal-MemAvailable fallback,0,19515822,1677,4,,
2156.234,30690.0,76035028,WSL MemTotal-MemAvailable fallback,0,19515822,1677,4,,
2157.268,30690.0,76030068,WSL MemTotal-MemAvailable fallback,0,19515822,1677,4,,
2158.322,30690.0,76021808,WSL MemTotal-MemAvailable fallback,0,19515822,1677,4,,
2159.371,30690.0,76019088,WSL MemTotal-MemAvailable fallback,0,19515822,1677,4,,
2160.413,30690.0,76022940,WSL MemTotal-MemAvailable fallback,0,19515822,1677,4,,
2161.453,30690.0,76022068,WSL MemTotal-MemAvailable fallback,0,19515822,1677,4,,
2162.513,30690.0,76022120,WSL MemTotal-MemAvailable fallback,0,19515822,1677,4,,
2163.562,30690.0,76016656,WSL MemTotal-MemAvailable fallback,0,19515822,1677,4,,
2164.613,30690.0,76017756,WSL MemTotal-MemAvailable fallback,0,19515822,1677,4,,
2165.651,30690.0,76028644,WSL MemTotal-MemAvailable fallback,0,19515822,1677,4,,
2166.693,30690.0,76030984,WSL MemTotal-MemAvailable fallback,0,19515822,1677,4,,
2167.734,30690.0,76030472,WSL MemTotal-MemAvailable fallback,0,19515822,1677,4,,
2168.777,30690.0,76029712,WSL MemTotal-MemAvailable fallback,0,19515822,1677,4,,
2169.821,30690.0,76033696,WSL MemTotal-MemAvailable fallback,0,19515822,1677,4,,
2170.857,30691.0,76022780,WSL MemTotal-MemAvailable fallback,0,19515822,1677,4,,
2171.902,30691.0,76037700,WSL MemTotal-MemAvailable fallback,0,19515822,1677,4,,
2172.94,30691.0,76042212,WSL MemTotal-MemAvailable fallback,0,19515822,1677,4,,
2173.974,30691.0,76039432,WSL MemTotal-MemAvailable fallback,0,19515822,1677,4,,
2175.02,30691.0,76042240,WSL MemTotal-MemAvailable fallback,0,19515822,1677,4,,
2176.069,30690.0,76038800,WSL MemTotal-MemAvailable fallback,0,19515822,1677,4,,
2177.119,30690.0,76039252,WSL MemTotal-MemAvailable fallback,0,19515822,1677,4,,
2178.159,30690.0,76043712,WSL MemTotal-MemAvailable fallback,0,19515822,1677,4,,
2179.21,30690.0,76036396,WSL MemTotal-MemAvailable fallback,0,19515822,1677,4,,
2180.255,30690.0,76033528,WSL MemTotal-MemAvailable fallback,0,19515822,1677,4,,
2181.293,30690.0,76055680,WSL MemTotal-MemAvailable fallback,0,19515822,1677,4,,
2182.341,30690.0,76043004,WSL MemTotal-MemAvailable fallback,0,19515822,1677,4,,
2183.383,30690.0,76037136,WSL MemTotal-MemAvailable fallback,0,19515822,1677,4,,
2184.418,30690.0,76045208,WSL MemTotal-MemAvailable fallback,0,19515822,1677,4,,
2185.47,30690.0,76038424,WSL MemTotal-MemAvailable fallback,0,19515822,1677,4,,
2186.506,30690.0,76040844,WSL MemTotal-MemAvailable fallback,0,19515822,1677,4,,
2187.543,30690.0,76038696,WSL MemTotal-MemAvailable fallback,0,19515822,1677,4,,
2188.586,30691.0,76044868,WSL MemTotal-MemAvailable fallback,0,19515822,1677,4,,
2189.633,30690.0,76044112,WSL MemTotal-MemAvailable fallback,0,19515822,1677,4,,
2190.669,30690.0,76042040,WSL MemTotal-MemAvailable fallback,0,19515822,1677,4,,
2191.717,30690.0,76033428,WSL MemTotal-MemAvailable fallback,0,19515822,1677,4,,
2192.759,30691.0,76040160,WSL MemTotal-MemAvailable fallback,0,19515822,1677,4,,
2193.808,30690.0,76042560,WSL MemTotal-MemAvailable fallback,0,19515822,1677,4,,
2194.861,30690.0,76047588,WSL MemTotal-MemAvailable fallback,0,19515822,1677,4,,
2195.898,30690.0,76046604,WSL MemTotal-MemAvailable fallback,0,19515822,1677,4,,
2196.938,30690.0,76045480,WSL MemTotal-MemAvailable fallback,0,19515822,1677,4,,
2197.98,30690.0,76040800,WSL MemTotal-MemAvailable fallback,0,19515822,1677,4,,
2199.017,30690.0,76044048,WSL MemTotal-MemAvailable fallback,0,19515822,1677,4,,
2200.059,30690.0,76043016,WSL MemTotal-MemAvailable fallback,0,19515822,1677,4,,
2201.093,30690.0,76038952,WSL MemTotal-MemAvailable fallback,0,19515822,1677,4,,
2202.13,30690.0,76043840,WSL MemTotal-MemAvailable fallback,0,19515822,1677,4,,
2203.179,30690.0,76043484,WSL MemTotal-MemAvailable fallback,0,19515822,1677,4,,
2204.227,30691.0,76044292,WSL MemTotal-MemAvailable fallback,0,19515822,1677,4,,
2205.271,30690.0,76047112,WSL MemTotal-MemAvailable fallback,0,19515822,1677,4,,
2206.341,30690.0,76048036,WSL MemTotal-MemAvailable fallback,0,19515822,1677,4,,
2207.394,30690.0,76041648,WSL MemTotal-MemAvailable fallback,0,19515822,1677,4,,
2208.431,30690.0,76041812,WSL MemTotal-MemAvailable fallback,0,19515822,1677,4,,
2209.47,30690.0,76039924,WSL MemTotal-MemAvailable fallback,0,19515822,1677,4,,
2210.511,30690.0,76043516,WSL MemTotal-MemAvailable fallback,0,19515822,1677,4,,
2211.557,30690.0,76041036,WSL MemTotal-MemAvailable fallback,0,19515822,1677,4,,
2212.606,30690.0,76044668,WSL MemTotal-MemAvailable fallback,0,19515822,1677,4,,
2213.646,30690.0,76043388,WSL MemTotal-MemAvailable fallback,0,19515822,1677,4,,
2214.682,30684.0,76040640,WSL MemTotal-MemAvailable fallback,0,19515822,1677,4,,
2215.73,30685.0,76039156,WSL MemTotal-MemAvailable fallback,0,19515822,1677,4,,
2216.78,30691.0,76034772,WSL MemTotal-MemAvailable fallback,0,19515822,1677,4,,
2217.839,30690.0,76037404,WSL MemTotal-MemAvailable fallback,0,19515822,1677,4,,
2218.881,30690.0,76035136,WSL MemTotal-MemAvailable fallback,0,19515822,1677,4,,
2219.92,30690.0,76037312,WSL MemTotal-MemAvailable fallback,0,19515822,1677,4,,
2220.959,30690.0,76045564,WSL MemTotal-MemAvailable fallback,0,19515822,1677,4,,
2222.005,30690.0,76052996,WSL MemTotal-MemAvailable fallback,0,19515822,1677,4,,
2223.07,30690.0,76056300,WSL MemTotal-MemAvailable fallback,0,19515822,1677,4,,
2224.127,30690.0,76052980,WSL MemTotal-MemAvailable fallback,0,19515822,1677,4,,
2225.175,30690.0,76053248,WSL MemTotal-MemAvailable fallback,0,19515822,1677,4,,
2226.219,30690.0,76050284,WSL MemTotal-MemAvailable fallback,0,19515822,1677,4,,
2227.264,30690.0,76049560,WSL MemTotal-MemAvailable fallback,0,19515822,1677,4,,
2228.298,30691.0,76042960,WSL MemTotal-MemAvailable fallback,0,19515822,1677,4,,
2229.347,30690.0,76051072,WSL MemTotal-MemAvailable fallback,0,19515822,1677,4,,
2230.382,30690.0,76038484,WSL MemTotal-MemAvailable fallback,0,19515822,1677,4,,
2231.417,30690.0,76039080,WSL MemTotal-MemAvailable fallback,0,19515822,1677,4,,
2232.465,30690.0,76035936,WSL MemTotal-MemAvailable fallback,0,19515822,1677,4,,
2233.507,30690.0,76034116,WSL MemTotal-MemAvailable fallback,0,19515822,1677,4,,
2234.543,30690.0,76036972,WSL MemTotal-MemAvailable fallback,0,19515822,1677,4,,
2235.597,30690.0,76032500,WSL MemTotal-MemAvailable fallback,0,19515822,1677,4,,
2236.647,30690.0,76032500,WSL MemTotal-MemAvailable fallback,0,19515822,1677,4,,
2237.704,30690.0,76032832,WSL MemTotal-MemAvailable fallback,0,19515822,1677,4,,
2238.756,30690.0,76025328,WSL MemTotal-MemAvailable fallback,0,19515822,1677,4,,
2239.809,30690.0,76023088,WSL MemTotal-MemAvailable fallback,0,19515822,1677,4,,
2240.85,30690.0,76025396,WSL MemTotal-MemAvailable fallback,0,19515822,1677,4,,
2241.89,30690.0,76026092,WSL MemTotal-MemAvailable fallback,0,19515822,1677,4,,
2242.928,30690.0,76025324,WSL MemTotal-MemAvailable fallback,0,19515822,1677,4,,
2243.965,30690.0,76027500,WSL MemTotal-MemAvailable fallback,0,19515822,1677,4,,
2245.004,30690.0,76026152,WSL MemTotal-MemAvailable fallback,0,19515822,1677,4,,
2246.057,30690.0,76026524,WSL MemTotal-MemAvailable fallback,0,19515822,1677,4,,
2247.111,30690.0,76024704,WSL MemTotal-MemAvailable fallback,0,19515822,1677,4,,
2248.152,30690.0,76026784,WSL MemTotal-MemAvailable fallback,0,19515822,1677,4,,
2249.197,30690.0,76020940,WSL MemTotal-MemAvailable fallback,0,19515822,1677,4,,
2250.234,30690.0,76019796,WSL MemTotal-MemAvailable fallback,0,19515822,1677,4,,
2251.29,30690.0,76023096,WSL MemTotal-MemAvailable fallback,0,19515822,1677,4,,
2252.335,30690.0,76025888,WSL MemTotal-MemAvailable fallback,0,19515822,1677,4,,
2253.373,30690.0,76024036,WSL MemTotal-MemAvailable fallback,0,19515822,1677,4,,
2254.416,30684.0,76018716,WSL MemTotal-MemAvailable fallback,0,19515822,1677,4,,
2255.477,30685.0,76025424,WSL MemTotal-MemAvailable fallback,0,19515822,1677,4,,
2256.525,30690.0,76017512,WSL MemTotal-MemAvailable fallback,0,19515822,1677,4,,
2257.576,30690.0,76019424,WSL MemTotal-MemAvailable fallback,0,19515822,1677,4,,
2258.628,30690.0,76022064,WSL MemTotal-MemAvailable fallback,0,19515822,1677,4,,
2259.674,30690.0,76024328,WSL MemTotal-MemAvailable fallback,0,19515822,1677,4,,
2260.718,30690.0,76030536,WSL MemTotal-MemAvailable fallback,0,19515822,1677,4,,
2261.773,30690.0,76026548,WSL MemTotal-MemAvailable fallback,0,19515822,1677,4,,
2262.821,30690.0,76024092,WSL MemTotal-MemAvailable fallback,0,19515822,1677,4,,
2263.856,30690.0,76033636,WSL MemTotal-MemAvailable fallback,0,19515822,1677,4,,
2264.901,30690.0,76034460,WSL MemTotal-MemAvailable fallback,0,19515822,1677,4,,
2265.938,30690.0,76031184,WSL MemTotal-MemAvailable fallback,0,19515822,1677,4,,
2266.975,30690.0,76031420,WSL MemTotal-MemAvailable fallback,0,19515822,1677,4,,
2268.034,30690.0,76032260,WSL MemTotal-MemAvailable fallback,0,19515822,1677,4,,
2269.075,30690.0,76036168,WSL MemTotal-MemAvailable fallback,0,19515822,1677,4,,
2270.135,30690.0,76024552,WSL MemTotal-MemAvailable fallback,0,19515822,1677,4,,
2271.173,30690.0,76026412,WSL MemTotal-MemAvailable fallback,0,19515822,1677,4,,
2272.218,30690.0,76028836,WSL MemTotal-MemAvailable fallback,0,19515822,1677,4,,
2273.252,30690.0,76023156,WSL MemTotal-MemAvailable fallback,0,19515822,1677,4,,
2274.287,30690.0,76019872,WSL MemTotal-MemAvailable fallback,0,19515822,1677,4,,
2275.331,30690.0,76022168,WSL MemTotal-MemAvailable fallback,0,19515822,1677,4,,
2276.395,30690.0,76024928,WSL MemTotal-MemAvailable fallback,0,19515822,1677,4,,
2277.436,30690.0,76025936,WSL MemTotal-MemAvailable fallback,0,19515822,1677,4,,
2278.472,30690.0,76027296,WSL MemTotal-MemAvailable fallback,0,19515822,1677,4,,
2279.51,30691.0,76027668,WSL MemTotal-MemAvailable fallback,0,19515822,1677,4,,
2280.551,30692.0,76022408,WSL MemTotal-MemAvailable fallback,0,19515822,1677,4,,
2281.592,30692.0,76017956,WSL MemTotal-MemAvailable fallback,0,19515822,1677,4,,
2282.637,30692.0,76019984,WSL MemTotal-MemAvailable fallback,0,19515822,1677,4,,
2283.682,30692.0,76018776,WSL MemTotal-MemAvailable fallback,0,19515822,1677,4,,
2284.739,30692.0,76023172,WSL MemTotal-MemAvailable fallback,0,19515822,1677,4,,
2285.792,30690.0,76025140,WSL MemTotal-MemAvailable fallback,0,19515822,1677,4,,
2286.851,30690.0,76022672,WSL MemTotal-MemAvailable fallback,0,19515822,1677,4,,
2287.905,30690.0,76020072,WSL MemTotal-MemAvailable fallback,0,19515822,1677,4,,
2288.939,30690.0,76021584,WSL MemTotal-MemAvailable fallback,0,19515822,1677,4,,
2289.981,30690.0,76026972,WSL MemTotal-MemAvailable fallback,0,19515822,1677,4,,
2291.016,30690.0,76015664,WSL MemTotal-MemAvailable fallback,0,19515822,1677,4,,
2292.076,30690.0,76017028,WSL MemTotal-MemAvailable fallback,0,19515822,1677,4,,
2293.127,30690.0,76019580,WSL MemTotal-MemAvailable fallback,0,19515822,1677,4,,
2294.168,30690.0,76019044,WSL MemTotal-MemAvailable fallback,0,19515822,1677,4,,
2295.205,30690.0,76022488,WSL MemTotal-MemAvailable fallback,0,19515822,1677,4,,
2296.245,30690.0,76020240,WSL MemTotal-MemAvailable fallback,0,19515822,1677,4,,
2297.286,30690.0,76027908,WSL MemTotal-MemAvailable fallback,0,19515822,1677,4,,
2298.331,30690.0,76032692,WSL MemTotal-MemAvailable fallback,0,19515822,1677,4,,
2299.37,30690.0,76031048,WSL MemTotal-MemAvailable fallback,0,19515822,1677,4,,
2300.413,30690.0,76030132,WSL MemTotal-MemAvailable fallback,0,19515822,1677,4,,
2301.457,30690.0,76030004,WSL MemTotal-MemAvailable fallback,0,19515822,1677,4,,
2302.506,30690.0,76032472,WSL MemTotal-MemAvailable fallback,0,19515822,1677,4,,
2303.553,30690.0,76020088,WSL MemTotal-MemAvailable fallback,0,19515822,1677,4,,
2304.587,30690.0,76022744,WSL MemTotal-MemAvailable fallback,0,19515822,1677,4,,
2305.622,30690.0,76022300,WSL MemTotal-MemAvailable fallback,0,19515822,1677,4,,
2306.668,30690.0,76025660,WSL MemTotal-MemAvailable fallback,0,19515822,1677,4,,
2307.705,30690.0,76023440,WSL MemTotal-MemAvailable fallback,0,19515822,1677,4,,
2308.747,30691.0,76019764,WSL MemTotal-MemAvailable fallback,0,19515822,1677,4,,
2309.796,30690.0,76021272,WSL MemTotal-MemAvailable fallback,0,19515822,1677,4,,
2310.837,30690.0,76025044,WSL MemTotal-MemAvailable fallback,0,19515822,1677,4,,
2311.886,30690.0,76025740,WSL MemTotal-MemAvailable fallback,0,19515822,1677,4,,
2312.937,30690.0,76026980,WSL MemTotal-MemAvailable fallback,0,19515822,1677,4,,
2313.982,30690.0,76023120,WSL MemTotal-MemAvailable fallback,0,19515822,1677,4,,
2315.031,30690.0,76019252,WSL MemTotal-MemAvailable fallback,0,19515822,1677,4,,
2316.07,30690.0,76020200,WSL MemTotal-MemAvailable fallback,0,19515822,1677,4,,
2317.121,30690.0,76020604,WSL MemTotal-MemAvailable fallback,0,19515822,1677,4,,
2318.159,30690.0,76019776,WSL MemTotal-MemAvailable fallback,0,19515822,1677,4,,
2319.193,30690.0,76027064,WSL MemTotal-MemAvailable fallback,0,19515822,1677,4,,
2320.25,30690.0,76014008,WSL MemTotal-MemAvailable fallback,0,19515822,1677,4,,
2321.31,30690.0,76017912,WSL MemTotal-MemAvailable fallback,0,19515822,1677,4,,
2322.352,30690.0,76017108,WSL MemTotal-MemAvailable fallback,0,19515822,1677,4,,
2323.398,30690.0,76012320,WSL MemTotal-MemAvailable fallback,0,19515822,1677,4,,
2324.449,30690.0,76016292,WSL MemTotal-MemAvailable fallback,0,19515822,1677,4,,
2325.487,30690.0,76016028,WSL MemTotal-MemAvailable fallback,0,19515822,1677,4,,
2326.53,30690.0,76025860,WSL MemTotal-MemAvailable fallback,0,19515822,1677,4,,
2327.571,30690.0,76041056,WSL MemTotal-MemAvailable fallback,0,19515822,1677,4,,
2328.615,30690.0,76040384,WSL MemTotal-MemAvailable fallback,0,19515822,1677,4,,
2329.658,30690.0,76055564,WSL MemTotal-MemAvailable fallback,0,19515822,1677,4,,
2330.711,30690.0,76065912,WSL MemTotal-MemAvailable fallback,0,19515822,1677,4,,
2331.762,30690.0,76062964,WSL MemTotal-MemAvailable fallback,0,19515822,1677,4,,
2332.801,30691.0,76062816,WSL MemTotal-MemAvailable fallback,0,19515822,1677,4,,
2333.843,30690.0,76054908,WSL MemTotal-MemAvailable fallback,0,19515822,1677,4,,
2334.893,30690.0,76052128,WSL MemTotal-MemAvailable fallback,0,19515822,1677,4,,
2335.929,30690.0,76053420,WSL MemTotal-MemAvailable fallback,0,19515822,1677,4,,
2336.974,30691.0,76051936,WSL MemTotal-MemAvailable fallback,0,19515822,1677,4,,
2338.016,30691.0,76039944,WSL MemTotal-MemAvailable fallback,0,19515822,1677,4,,
2339.056,30690.0,76037772,WSL MemTotal-MemAvailable fallback,0,19515822,1677,4,,
2340.101,30691.0,76039168,WSL MemTotal-MemAvailable fallback,0,19515822,1677,4,,
2341.148,30690.0,76029996,WSL MemTotal-MemAvailable fallback,0,19515825,1677,4,,
2342.187,30690.0,76037496,WSL MemTotal-MemAvailable fallback,0,19515825,1677,4,,
2343.235,30690.0,76041488,WSL MemTotal-MemAvailable fallback,0,19515825,1677,4,,
2344.281,30691.0,76030876,WSL MemTotal-MemAvailable fallback,0,19515826,1677,4,,
2345.315,30690.0,76032772,WSL MemTotal-MemAvailable fallback,0,19515826,1677,4,,
2346.358,30690.0,76036916,WSL MemTotal-MemAvailable fallback,0,19515827,1677,4,,
2347.406,30691.0,76034108,WSL MemTotal-MemAvailable fallback,0,19515827,1677,4,,
2348.455,30692.0,76027548,WSL MemTotal-MemAvailable fallback,0,19515827,1677,4,,
2349.498,30692.0,76042588,WSL MemTotal-MemAvailable fallback,0,19515829,1677,4,,
2350.532,30692.0,76044276,WSL MemTotal-MemAvailable fallback,0,19515829,1677,4,,
2351.57,30692.0,76045980,WSL MemTotal-MemAvailable fallback,0,19515829,1677,4,,
2352.608,30698.0,76041392,WSL MemTotal-MemAvailable fallback,0,19515830,1677,4,,
2353.643,30697.0,76060840,WSL MemTotal-MemAvailable fallback,0,19515831,1677,4,,
2354.677,30697.0,76049980,WSL MemTotal-MemAvailable fallback,0,19515831,1677,4,,
2355.713,30696.0,76049508,WSL MemTotal-MemAvailable fallback,0,19515831,1677,4,,
2356.757,30697.0,76045624,WSL MemTotal-MemAvailable fallback,0,19515831,1677,4,,
2357.801,30685.0,76051796,WSL MemTotal-MemAvailable fallback,0,19515832,1677,4,,
2358.838,30685.0,76051156,WSL MemTotal-MemAvailable fallback,0,19515832,1677,4,,
2359.876,30685.0,76048652,WSL MemTotal-MemAvailable fallback,0,19515833,1677,4,,
2360.923,30691.0,76045780,WSL MemTotal-MemAvailable fallback,0,19515834,1677,4,,
2361.962,30691.0,76038824,WSL MemTotal-MemAvailable fallback,0,19515834,1677,4,,
2363.012,30691.0,76037680,WSL MemTotal-MemAvailable fallback,0,19515834,1677,4,,
2364.057,30691.0,76036964,WSL MemTotal-MemAvailable fallback,0,19515834,1677,4,,
2365.097,30691.0,76027856,WSL MemTotal-MemAvailable fallback,0,19515835,1677,4,,
2366.138,30691.0,76033060,WSL MemTotal-MemAvailable fallback,0,19515835,1677,4,,
2367.18,30691.0,76027856,WSL MemTotal-MemAvailable fallback,0,19515835,1677,4,,
2368.222,30691.0,76019780,WSL MemTotal-MemAvailable fallback,0,19515835,1677,4,,
2369.263,30691.0,76031136,WSL MemTotal-MemAvailable fallback,0,19515836,1677,4,,
2370.311,30691.0,76018296,WSL MemTotal-MemAvailable fallback,0,19515836,1677,4,,
2371.356,30691.0,76019496,WSL MemTotal-MemAvailable fallback,0,19515836,1677,4,,
2372.394,30691.0,76018364,WSL MemTotal-MemAvailable fallback,0,19515836,1677,4,,
2373.436,30691.0,76021628,WSL MemTotal-MemAvailable fallback,0,19515836,1677,4,,
2374.474,30691.0,76031268,WSL MemTotal-MemAvailable fallback,0,19515836,1677,4,,
2375.518,30691.0,76033976,WSL MemTotal-MemAvailable fallback,0,19515836,1677,4,,
2376.566,30691.0,76033836,WSL MemTotal-MemAvailable fallback,0,19515836,1677,4,,
2377.609,30691.0,76034892,WSL MemTotal-MemAvailable fallback,0,19515837,1677,4,,
2378.65,30691.0,76039212,WSL MemTotal-MemAvailable fallback,0,19515838,1677,4,,
2379.692,30691.0,76037288,WSL MemTotal-MemAvailable fallback,0,19515838,1677,4,,
2380.732,30691.0,76041796,WSL MemTotal-MemAvailable fallback,0,19515838,1677,4,,
2381.774,30685.0,76038500,WSL MemTotal-MemAvailable fallback,0,19515839,1677,4,,
2382.822,30685.0,76034904,WSL MemTotal-MemAvailable fallback,0,19515839,1677,4,,
2383.856,30685.0,76041728,WSL MemTotal-MemAvailable fallback,0,19515839,1677,4,,
2384.9,30685.0,76043432,WSL MemTotal-MemAvailable fallback,0,19515839,1677,4,,
2385.94,30685.0,76039956,WSL MemTotal-MemAvailable fallback,0,19515840,1677,4,,
2386.985,30696.0,76020556,WSL MemTotal-MemAvailable fallback,0,19515840,1677,4,,
2388.023,30696.0,76026516,WSL MemTotal-MemAvailable fallback,0,19515840,1677,4,,
2389.067,30696.0,76039616,WSL MemTotal-MemAvailable fallback,0,19515841,1677,4,,
2390.103,30696.0,76039652,WSL MemTotal-MemAvailable fallback,0,19515841,1677,4,,
2391.142,30696.0,76043172,WSL MemTotal-MemAvailable fallback,0,19515842,1677,4,,
2392.184,30691.0,76046428,WSL MemTotal-MemAvailable fallback,0,19515842,1677,4,,
2393.225,30691.0,76042700,WSL MemTotal-MemAvailable fallback,0,19515842,1677,4,,
2394.27,30685.0,76038364,WSL MemTotal-MemAvailable fallback,0,19515843,1677,4,,
2395.31,30685.0,76041372,WSL MemTotal-MemAvailable fallback,0,19515843,1677,4,,
2396.355,30685.0,76037920,WSL MemTotal-MemAvailable fallback,0,19515843,1677,4,,
2397.397,30685.0,76047056,WSL MemTotal-MemAvailable fallback,0,19515844,1677,4,,
2398.436,30685.0,76049156,WSL MemTotal-MemAvailable fallback,0,19515845,1677,4,,
2399.483,30685.0,76038800,WSL MemTotal-MemAvailable fallback,0,19515845,1677,4,,
2400.521,30685.0,76038748,WSL MemTotal-MemAvailable fallback,0,19515845,1677,4,,
2401.569,30685.0,76046024,WSL MemTotal-MemAvailable fallback,0,19515845,1677,4,,
2402.613,30685.0,76035660,WSL MemTotal-MemAvailable fallback,0,19515846,1677,4,,
2403.658,30685.0,76038944,WSL MemTotal-MemAvailable fallback,0,19515846,1677,4,,
2404.703,30691.0,76048136,WSL MemTotal-MemAvailable fallback,0,19515846,1677,4,,
2405.74,30690.0,76048492,WSL MemTotal-MemAvailable fallback,0,19515846,1677,4,,
2406.778,30691.0,76042156,WSL MemTotal-MemAvailable fallback,0,19515848,1677,4,,
2407.816,30691.0,76042964,WSL MemTotal-MemAvailable fallback,0,19515848,1677,4,,
2408.857,30691.0,76036520,WSL MemTotal-MemAvailable fallback,0,19515848,1677,4,,
2409.908,30691.0,76035756,WSL MemTotal-MemAvailable fallback,0,19515848,1677,4,,
2410.955,30690.0,76043548,WSL MemTotal-MemAvailable fallback,0,19515849,1677,4,,
2411.997,30690.0,76040492,WSL MemTotal-MemAvailable fallback,0,19515849,1677,4,,
2413.043,30690.0,76034060,WSL MemTotal-MemAvailable fallback,0,19515849,1677,4,,
2414.081,30690.0,76064508,WSL MemTotal-MemAvailable fallback,0,19515849,1677,4,,
2415.216,30692.0,76197296,WSL MemTotal-MemAvailable fallback,0,19515849,1677,4,,
2416.329,30692.0,76200928,WSL MemTotal-MemAvailable fallback,0,19515849,1677,4,,
2417.367,30692.0,76204772,WSL MemTotal-MemAvailable fallback,0,19535038,1677,4,,
2418.421,30692.0,76220444,WSL MemTotal-MemAvailable fallback,0,19535038,1677,4,,
2419.46,30692.0,76197192,WSL MemTotal-MemAvailable fallback,0,19535038,1677,4,,
2420.496,30691.0,76192992,WSL MemTotal-MemAvailable fallback,0,19535038,1677,4,,
2421.531,30691.0,76196052,WSL MemTotal-MemAvailable fallback,0,19535038,1677,4,,
2422.581,30691.0,76196184,WSL MemTotal-MemAvailable fallback,0,19535038,1677,4,,
2423.63,30691.0,76206628,WSL MemTotal-MemAvailable fallback,0,19535038,1677,4,,
2424.67,30691.0,76189216,WSL MemTotal-MemAvailable fallback,0,19535038,1677,4,,
2425.704,30691.0,76184708,WSL MemTotal-MemAvailable fallback,0,19535038,1677,4,,
2426.741,30686.0,76180292,WSL MemTotal-MemAvailable fallback,0,19535038,1677,4,,
2427.783,30686.0,76176316,WSL MemTotal-MemAvailable fallback,0,19535038,1677,4,,
2428.829,30691.0,76178708,WSL MemTotal-MemAvailable fallback,0,19535038,1677,4,,
2429.863,30691.0,76174828,WSL MemTotal-MemAvailable fallback,0,19535038,1677,4,,
2430.911,30691.0,76161444,WSL MemTotal-MemAvailable fallback,0,19535038,1677,4,,
2431.966,30691.0,76170240,WSL MemTotal-MemAvailable fallback,0,19535038,1677,4,,
2433.022,30691.0,76173576,WSL MemTotal-MemAvailable fallback,0,19535038,1677,4,,
2434.064,30691.0,76172764,WSL MemTotal-MemAvailable fallback,0,19535038,1677,4,,
2435.113,30691.0,76166564,WSL MemTotal-MemAvailable fallback,0,19535038,1677,4,,
2436.17,30692.0,76165180,WSL MemTotal-MemAvailable fallback,0,19535038,1677,4,,
2437.21,30691.0,76164148,WSL MemTotal-MemAvailable fallback,0,19535038,1677,4,,
2438.249,30691.0,76158004,WSL MemTotal-MemAvailable fallback,0,19535038,1677,4,,
2439.288,30691.0,76167088,WSL MemTotal-MemAvailable fallback,0,19535038,1677,4,,
2440.345,30691.0,76163516,WSL MemTotal-MemAvailable fallback,0,19535038,1677,4,,
2441.385,30691.0,76166200,WSL MemTotal-MemAvailable fallback,0,19535038,1677,4,,
2442.425,30691.0,76164864,WSL MemTotal-MemAvailable fallback,0,19535038,1677,4,,
2443.464,30691.0,76162236,WSL MemTotal-MemAvailable fallback,0,19535038,1677,4,,
2444.515,30691.0,76162296,WSL MemTotal-MemAvailable fallback,0,19535038,1677,4,,
2445.557,30691.0,76152800,WSL MemTotal-MemAvailable fallback,0,19535038,1677,4,,
2446.592,30691.0,76157840,WSL MemTotal-MemAvailable fallback,0,19535038,1677,4,,
2447.627,30692.0,76153572,WSL MemTotal-MemAvailable fallback,0,19535038,1677,4,,
2448.664,30692.0,76151088,WSL MemTotal-MemAvailable fallback,0,19535038,1677,4,,
2449.708,30698.0,76147424,WSL MemTotal-MemAvailable fallback,0,19535038,1677,4,,
2450.755,30698.0,76147492,WSL MemTotal-MemAvailable fallback,0,19535038,1677,4,,
2451.797,30698.0,76150292,WSL MemTotal-MemAvailable fallback,0,19535038,1677,4,,
2452.84,30698.0,76150240,WSL MemTotal-MemAvailable fallback,0,19535038,1677,4,,
2453.875,30698.0,76154016,WSL MemTotal-MemAvailable fallback,0,19535038,1677,4,,
2454.915,30692.0,76149792,WSL MemTotal-MemAvailable fallback,0,19535038,1677,4,,
2455.949,30696.0,76144616,WSL MemTotal-MemAvailable fallback,0,19535038,1677,4,,
2456.986,30696.0,76148640,WSL MemTotal-MemAvailable fallback,0,19535038,1677,4,,
2458.031,30696.0,76154672,WSL MemTotal-MemAvailable fallback,0,19535038,1677,4,,
2459.087,30696.0,76150988,WSL MemTotal-MemAvailable fallback,0,19535038,1677,4,,
2460.131,30696.0,76146608,WSL MemTotal-MemAvailable fallback,0,19535038,1677,4,,
2461.179,30691.0,76149828,WSL MemTotal-MemAvailable fallback,0,19535038,1677,4,,
2462.234,30691.0,76144644,WSL MemTotal-MemAvailable fallback,0,19535038,1677,4,,
2463.276,30690.0,76152556,WSL MemTotal-MemAvailable fallback,0,19535038,1677,4,,
2464.325,30691.0,76148696,WSL MemTotal-MemAvailable fallback,0,19535038,1677,4,,
2465.372,30691.0,76151208,WSL MemTotal-MemAvailable fallback,0,19535038,1677,4,,
2466.418,30691.0,76154408,WSL MemTotal-MemAvailable fallback,0,19535038,1677,4,,
2467.459,30691.0,76156844,WSL MemTotal-MemAvailable fallback,0,19535038,1677,4,,
2468.503,30691.0,76160712,WSL MemTotal-MemAvailable fallback,0,19535038,1677,4,,
2469.549,30691.0,76145880,WSL MemTotal-MemAvailable fallback,0,19535038,1677,4,,
2470.591,30691.0,76147084,WSL MemTotal-MemAvailable fallback,0,19535038,1677,4,,
2471.641,30691.0,76147508,WSL MemTotal-MemAvailable fallback,0,19535038,1677,4,,
2472.679,30691.0,76148396,WSL MemTotal-MemAvailable fallback,0,19535038,1677,4,,
2473.727,30690.0,76147640,WSL MemTotal-MemAvailable fallback,0,19535038,1677,4,,
2474.761,30690.0,76147764,WSL MemTotal-MemAvailable fallback,0,19535038,1677,4,,
2475.806,30690.0,76146144,WSL MemTotal-MemAvailable fallback,0,19535038,1677,4,,
2476.852,30691.0,76149260,WSL MemTotal-MemAvailable fallback,0,19535038,1677,4,,
2477.903,30690.0,76145880,WSL MemTotal-MemAvailable fallback,0,19535038,1677,4,,
2478.946,30690.0,76139428,WSL MemTotal-MemAvailable fallback,0,19535038,1677,4,,
2479.998,30690.0,76142292,WSL MemTotal-MemAvailable fallback,0,19535038,1677,4,,
2481.043,30690.0,76138620,WSL MemTotal-MemAvailable fallback,0,19535038,1677,4,,
2482.094,30690.0,76138096,WSL MemTotal-MemAvailable fallback,0,19535038,1677,4,,
2483.143,30690.0,76134584,WSL MemTotal-MemAvailable fallback,0,19535038,1677,4,,
2484.182,30691.0,76136892,WSL MemTotal-MemAvailable fallback,0,19535038,1677,4,,
2485.224,30690.0,76138440,WSL MemTotal-MemAvailable fallback,0,19535038,1677,4,,
2486.27,30690.0,76137404,WSL MemTotal-MemAvailable fallback,0,19535038,1677,4,,
2487.324,30691.0,76134712,WSL MemTotal-MemAvailable fallback,0,19535038,1677,4,,
2488.366,30690.0,76133956,WSL MemTotal-MemAvailable fallback,0,19535038,1677,4,,
2489.415,30690.0,76131488,WSL MemTotal-MemAvailable fallback,0,19535038,1677,4,,
2490.48,30690.0,76133340,WSL MemTotal-MemAvailable fallback,0,19535038,1677,4,,
2491.536,30690.0,76132780,WSL MemTotal-MemAvailable fallback,0,19535038,1677,4,,
2492.572,30690.0,76133464,WSL MemTotal-MemAvailable fallback,0,19535038,1677,4,,
2493.606,30691.0,76131676,WSL MemTotal-MemAvailable fallback,0,19535038,1677,4,,
2494.641,30691.0,76136324,WSL MemTotal-MemAvailable fallback,0,19535038,1677,4,,
2495.675,30691.0,76159920,WSL MemTotal-MemAvailable fallback,0,19535038,1677,4,,
2496.709,30691.0,76162416,WSL MemTotal-MemAvailable fallback,0,19535038,1677,4,,
2497.752,30691.0,76163800,WSL MemTotal-MemAvailable fallback,0,19535038,1677,4,,
2498.799,30691.0,76164856,WSL MemTotal-MemAvailable fallback,0,19535038,1677,4,,
2499.835,30691.0,76164528,WSL MemTotal-MemAvailable fallback,0,19535038,1677,4,,
2500.891,30691.0,76164788,WSL MemTotal-MemAvailable fallback,0,19535038,1677,4,,
2501.942,30691.0,76163188,WSL MemTotal-MemAvailable fallback,0,19535038,1677,4,,
2502.995,30691.0,76153612,WSL MemTotal-MemAvailable fallback,0,19535038,1677,4,,
2504.044,30690.0,76152520,WSL MemTotal-MemAvailable fallback,0,19535038,1677,4,,
2505.098,30690.0,76148220,WSL MemTotal-MemAvailable fallback,0,19535038,1677,4,,
2506.14,30690.0,76148628,WSL MemTotal-MemAvailable fallback,0,19535038,1677,4,,
2507.182,30691.0,76154660,WSL MemTotal-MemAvailable fallback,0,19535038,1677,4,,
2508.224,30691.0,76155620,WSL MemTotal-MemAvailable fallback,0,19535038,1677,4,,
2509.257,30691.0,76156280,WSL MemTotal-MemAvailable fallback,0,19535038,1677,4,,
2510.302,30691.0,76157948,WSL MemTotal-MemAvailable fallback,0,19535038,1677,4,,
2511.346,30691.0,76158132,WSL MemTotal-MemAvailable fallback,0,19535038,1677,4,,
2512.385,30691.0,76163172,WSL MemTotal-MemAvailable fallback,0,19535038,1677,4,,
2513.428,30690.0,76161076,WSL MemTotal-MemAvailable fallback,0,19535038,1677,4,,
2514.471,30690.0,76160292,WSL MemTotal-MemAvailable fallback,0,19535038,1677,4,,
2515.513,30690.0,76160136,WSL MemTotal-MemAvailable fallback,0,19535038,1677,4,,
2516.56,30690.0,76160724,WSL MemTotal-MemAvailable fallback,0,19535038,1677,4,,
2517.6,30690.0,76160680,WSL MemTotal-MemAvailable fallback,0,19535038,1677,4,,
2518.638,30692.0,76157300,WSL MemTotal-MemAvailable fallback,0,19535038,1677,4,,
2519.679,30692.0,76162088,WSL MemTotal-MemAvailable fallback,0,19535038,1677,4,,
2520.718,30692.0,76168940,WSL MemTotal-MemAvailable fallback,0,19535038,1677,4,,
2521.754,30692.0,76172952,WSL MemTotal-MemAvailable fallback,0,19535038,1677,4,,
2522.788,30692.0,76168696,WSL MemTotal-MemAvailable fallback,0,19535038,1677,4,,
2523.825,30691.0,76183924,WSL MemTotal-MemAvailable fallback,0,19535038,1677,4,,
2524.881,30691.0,76170596,WSL MemTotal-MemAvailable fallback,0,19535038,1677,4,,
2525.926,30691.0,76167020,WSL MemTotal-MemAvailable fallback,0,19535038,1677,4,,
2526.981,30691.0,76167252,WSL MemTotal-MemAvailable fallback,0,19535038,1677,4,,
2528.021,30691.0,76180144,WSL MemTotal-MemAvailable fallback,0,19535038,1677,4,,
2529.061,30690.0,76158640,WSL MemTotal-MemAvailable fallback,0,19535038,1677,4,,
2530.135,30690.0,76157444,WSL MemTotal-MemAvailable fallback,0,19535038,1677,4,,
2531.177,30690.0,76157864,WSL MemTotal-MemAvailable fallback,0,19535038,1677,4,,
2532.222,30691.0,76158748,WSL MemTotal-MemAvailable fallback,0,19535038,1677,4,,
2533.259,30690.0,76156120,WSL MemTotal-MemAvailable fallback,0,19535038,1677,4,,
2534.297,30690.0,76151564,WSL MemTotal-MemAvailable fallback,0,19535038,1677,4,,
2535.34,30690.0,76151908,WSL MemTotal-MemAvailable fallback,0,19535038,1677,4,,
2536.376,30691.0,76154388,WSL MemTotal-MemAvailable fallback,0,19535038,1677,4,,
2537.426,30696.0,76152392,WSL MemTotal-MemAvailable fallback,0,19535038,1677,4,,
2538.466,30696.0,76154772,WSL MemTotal-MemAvailable fallback,0,19535038,1677,4,,
2539.505,30696.0,76155360,WSL MemTotal-MemAvailable fallback,0,19535038,1677,4,,
2540.554,30696.0,76154828,WSL MemTotal-MemAvailable fallback,0,19535038,1677,4,,
2541.59,30696.0,76161020,WSL MemTotal-MemAvailable fallback,0,19535038,1677,4,,
2542.626,30690.0,76162008,WSL MemTotal-MemAvailable fallback,0,19535038,1677,4,,
2543.661,30690.0,76155824,WSL MemTotal-MemAvailable fallback,0,19535038,1677,4,,
2544.707,30690.0,76154520,WSL MemTotal-MemAvailable fallback,0,19535038,1677,4,,
2545.764,30690.0,76156488,WSL MemTotal-MemAvailable fallback,0,19535038,1677,4,,
2546.825,30691.0,76154388,WSL MemTotal-MemAvailable fallback,0,19535038,1677,4,,
2547.869,30691.0,76149096,WSL MemTotal-MemAvailable fallback,0,19535038,1677,4,,
2548.927,30690.0,76152012,WSL MemTotal-MemAvailable fallback,0,19535038,1677,4,,
2549.967,30690.0,76153668,WSL MemTotal-MemAvailable fallback,0,19535038,1677,4,,
2551.007,30685.0,76153084,WSL MemTotal-MemAvailable fallback,0,19535038,1677,4,,
2552.052,30685.0,76152720,WSL MemTotal-MemAvailable fallback,0,19535038,1677,4,,
2553.087,30696.0,76156076,WSL MemTotal-MemAvailable fallback,0,19535038,1677,4,,
2554.132,30696.0,76156012,WSL MemTotal-MemAvailable fallback,0,19535038,1677,4,,
2555.166,30696.0,76158604,WSL MemTotal-MemAvailable fallback,0,19535038,1677,4,,
2556.227,30696.0,76155196,WSL MemTotal-MemAvailable fallback,0,19535038,1677,4,,
2557.263,30696.0,76158292,WSL MemTotal-MemAvailable fallback,0,19535038,1677,4,,
2558.303,30696.0,76155824,WSL MemTotal-MemAvailable fallback,0,19535038,1677,4,,
2559.342,30696.0,76164292,WSL MemTotal-MemAvailable fallback,0,19535038,1677,4,,
2560.389,30696.0,76149588,WSL MemTotal-MemAvailable fallback,0,19535038,1677,4,,
2561.423,30696.0,76151856,WSL MemTotal-MemAvailable fallback,0,19535038,1677,4,,
2562.471,30690.0,76155280,WSL MemTotal-MemAvailable fallback,0,19535038,1677,4,,
2563.516,30690.0,76159116,WSL MemTotal-MemAvailable fallback,0,19535038,1677,4,,
2564.57,30691.0,76166388,WSL MemTotal-MemAvailable fallback,0,19535038,1677,4,,
2565.632,30690.0,76170420,WSL MemTotal-MemAvailable fallback,0,19535038,1677,4,,
2566.682,30690.0,76164948,WSL MemTotal-MemAvailable fallback,0,19535038,1677,4,,
2567.734,30690.0,76169260,WSL MemTotal-MemAvailable fallback,0,19535038,1677,4,,
2568.783,30691.0,76165224,WSL MemTotal-MemAvailable fallback,0,19535038,1677,4,,
2569.836,30690.0,76165384,WSL MemTotal-MemAvailable fallback,0,19535038,1677,4,,
2570.878,30690.0,76159564,WSL MemTotal-MemAvailable fallback,0,19535038,1677,4,,
2571.915,30691.0,76150476,WSL MemTotal-MemAvailable fallback,0,19535038,1677,4,,
2572.956,30696.0,76157980,WSL MemTotal-MemAvailable fallback,0,19535038,1677,4,,
2573.99,30696.0,76157576,WSL MemTotal-MemAvailable fallback,0,19535038,1677,4,,
2575.029,30696.0,76158876,WSL MemTotal-MemAvailable fallback,0,19535038,1677,4,,
2576.076,30696.0,76157276,WSL MemTotal-MemAvailable fallback,0,19535038,1677,4,,
2577.113,30696.0,76163748,WSL MemTotal-MemAvailable fallback,0,19535038,1677,4,,
2578.147,30690.0,76161252,WSL MemTotal-MemAvailable fallback,0,19535038,1677,4,,
2579.187,30690.0,76162680,WSL MemTotal-MemAvailable fallback,0,19535038,1677,4,,
2580.228,30691.0,76155820,WSL MemTotal-MemAvailable fallback,0,19535038,1677,4,,
2581.262,30690.0,76157984,WSL MemTotal-MemAvailable fallback,0,19535038,1677,4,,
2582.309,30690.0,76155232,WSL MemTotal-MemAvailable fallback,0,19535038,1677,4,,
2583.351,30690.0,76150424,WSL MemTotal-MemAvailable fallback,0,19535038,1677,4,,
2584.392,30691.0,76173880,WSL MemTotal-MemAvailable fallback,0,19535038,1677,4,,
2585.432,30691.0,76174384,WSL MemTotal-MemAvailable fallback,0,19535038,1677,4,,
2586.473,30692.0,76176340,WSL MemTotal-MemAvailable fallback,0,19535038,1677,4,,
2587.515,30692.0,76175600,WSL MemTotal-MemAvailable fallback,0,19535038,1677,4,,
2588.555,30692.0,76178256,WSL MemTotal-MemAvailable fallback,0,19535038,1677,4,,
2589.607,30692.0,76178928,WSL MemTotal-MemAvailable fallback,0,19535038,1677,4,,
2590.648,30691.0,76167488,WSL MemTotal-MemAvailable fallback,0,19535038,1677,4,,
2591.685,30690.0,76174604,WSL MemTotal-MemAvailable fallback,0,19535038,1677,4,,
2592.731,30690.0,76174824,WSL MemTotal-MemAvailable fallback,0,19535038,1677,4,,
2593.774,30690.0,76177392,WSL MemTotal-MemAvailable fallback,0,19535038,1677,4,,
2594.82,30690.0,76169468,WSL MemTotal-MemAvailable fallback,0,19535038,1677,4,,
2595.87,30690.0,76176320,WSL MemTotal-MemAvailable fallback,0,19535038,1677,4,,
2596.906,30690.0,76172092,WSL MemTotal-MemAvailable fallback,0,19535038,1677,4,,
2597.954,30690.0,76171944,WSL MemTotal-MemAvailable fallback,0,19535038,1677,4,,
2599.001,30690.0,76171852,WSL MemTotal-MemAvailable fallback,0,19535038,1677,4,,
2600.037,30690.0,76172780,WSL MemTotal-MemAvailable fallback,0,19535038,1677,4,,
2601.082,30690.0,76166656,WSL MemTotal-MemAvailable fallback,0,19535038,1677,4,,
2602.123,30690.0,76165988,WSL MemTotal-MemAvailable fallback,0,19535038,1677,4,,
2603.162,30691.0,76162372,WSL MemTotal-MemAvailable fallback,0,19535038,1677,4,,
2604.202,30691.0,76170472,WSL MemTotal-MemAvailable fallback,0,19535038,1677,4,,
2605.245,30691.0,76170332,WSL MemTotal-MemAvailable fallback,0,19535038,1677,4,,
2606.284,30691.0,76167692,WSL MemTotal-MemAvailable fallback,0,19535038,1677,4,,
2607.325,30691.0,76168924,WSL MemTotal-MemAvailable fallback,0,19535038,1677,4,,
2608.374,30691.0,76174032,WSL MemTotal-MemAvailable fallback,0,19535038,1677,4,,
2609.417,30691.0,76169680,WSL MemTotal-MemAvailable fallback,0,19535038,1677,4,,
2610.467,30691.0,76174372,WSL MemTotal-MemAvailable fallback,0,19535038,1677,4,,
2611.502,30691.0,76172048,WSL MemTotal-MemAvailable fallback,0,19535038,1677,4,,
2612.55,30690.0,76171576,WSL MemTotal-MemAvailable fallback,0,19535038,1677,4,,
2613.585,30690.0,76173260,WSL MemTotal-MemAvailable fallback,0,19535038,1677,4,,
2614.623,30690.0,76172332,WSL MemTotal-MemAvailable fallback,0,19535038,1677,4,,
2615.667,30690.0,76169760,WSL MemTotal-MemAvailable fallback,0,19535038,1677,4,,
2616.707,30691.0,76167612,WSL MemTotal-MemAvailable fallback,0,19535038,1677,4,,
2617.743,30690.0,76159028,WSL MemTotal-MemAvailable fallback,0,19535038,1677,4,,
2618.786,30690.0,76158480,WSL MemTotal-MemAvailable fallback,0,19535038,1677,4,,
2619.83,30690.0,76168748,WSL MemTotal-MemAvailable fallback,0,19535038,1677,4,,
2620.869,30691.0,76147940,WSL MemTotal-MemAvailable fallback,0,19535038,1677,4,,
2621.914,30691.0,76146056,WSL MemTotal-MemAvailable fallback,0,19535038,1677,4,,
2622.961,30691.0,76144640,WSL MemTotal-MemAvailable fallback,0,19535038,1677,4,,
2624.0,30691.0,76145252,WSL MemTotal-MemAvailable fallback,0,19535038,1677,4,,
2625.062,30691.0,76140252,WSL MemTotal-MemAvailable fallback,0,19535038,1677,4,,
2626.106,30690.0,76141540,WSL MemTotal-MemAvailable fallback,0,19535038,1677,4,,
2627.142,30690.0,76146328,WSL MemTotal-MemAvailable fallback,0,19535038,1677,4,,
2628.182,30691.0,76143776,WSL MemTotal-MemAvailable fallback,0,19535038,1677,4,,
2629.233,30690.0,76144420,WSL MemTotal-MemAvailable fallback,0,19535038,1677,4,,
2630.272,30691.0,76144104,WSL MemTotal-MemAvailable fallback,0,19535038,1677,4,,
2631.317,30691.0,76147672,WSL MemTotal-MemAvailable fallback,0,19535038,1677,4,,
2632.356,30691.0,76153360,WSL MemTotal-MemAvailable fallback,0,19535038,1677,4,,
2633.409,30691.0,76153080,WSL MemTotal-MemAvailable fallback,0,19535038,1677,4,,
2634.453,30691.0,76151432,WSL MemTotal-MemAvailable fallback,0,19535038,1677,4,,
2635.503,30691.0,76150080,WSL MemTotal-MemAvailable fallback,0,19535038,1677,4,,
2636.548,30691.0,76147152,WSL MemTotal-MemAvailable fallback,0,19535038,1677,4,,
2637.595,30690.0,76150212,WSL MemTotal-MemAvailable fallback,0,19535038,1677,4,,
2638.643,30690.0,76148584,WSL MemTotal-MemAvailable fallback,0,19535038,1677,4,,
2639.693,30690.0,76150516,WSL MemTotal-MemAvailable fallback,0,19535038,1677,4,,
2640.749,30690.0,76151144,WSL MemTotal-MemAvailable fallback,0,19535038,1677,4,,
2641.798,30690.0,76148960,WSL MemTotal-MemAvailable fallback,0,19535038,1677,4,,
2642.856,30690.0,76145776,WSL MemTotal-MemAvailable fallback,0,19535038,1677,4,,
2643.92,30690.0,76140700,WSL MemTotal-MemAvailable fallback,0,19535038,1677,4,,
2644.957,30690.0,76141488,WSL MemTotal-MemAvailable fallback,0,19535038,1677,4,,
2645.995,30690.0,76145140,WSL MemTotal-MemAvailable fallback,0,19535038,1677,4,,
2647.031,30690.0,76140084,WSL MemTotal-MemAvailable fallback,0,19535038,1677,4,,
2648.07,30691.0,76142728,WSL MemTotal-MemAvailable fallback,0,19535038,1677,4,,
2649.109,30690.0,76141928,WSL MemTotal-MemAvailable fallback,0,19535038,1677,4,,
2650.148,30691.0,76143708,WSL MemTotal-MemAvailable fallback,0,19535038,1677,4,,
2651.195,30691.0,76142684,WSL MemTotal-MemAvailable fallback,0,19535038,1677,4,,
2652.237,30691.0,76145184,WSL MemTotal-MemAvailable fallback,0,19535038,1677,4,,
2653.275,30690.0,76151392,WSL MemTotal-MemAvailable fallback,0,19535038,1677,4,,
2654.314,30690.0,76147568,WSL MemTotal-MemAvailable fallback,0,19535038,1677,4,,
2655.357,30691.0,76145920,WSL MemTotal-MemAvailable fallback,0,19535038,1677,4,,
2656.41,30691.0,76149148,WSL MemTotal-MemAvailable fallback,0,19535038,1677,4,,
2657.45,30690.0,76152456,WSL MemTotal-MemAvailable fallback,0,19535038,1677,4,,
2658.497,30690.0,76149216,WSL MemTotal-MemAvailable fallback,0,19535038,1677,4,,
2659.544,30690.0,76151088,WSL MemTotal-MemAvailable fallback,0,19535038,1677,4,,
2660.597,30691.0,76154212,WSL MemTotal-MemAvailable fallback,0,19535038,1677,4,,
2661.645,30690.0,76155300,WSL MemTotal-MemAvailable fallback,0,19535038,1677,4,,
2662.685,30690.0,76151152,WSL MemTotal-MemAvailable fallback,0,19535038,1677,4,,
2663.737,30690.0,76156184,WSL MemTotal-MemAvailable fallback,0,19535038,1677,4,,
2664.771,30690.0,76147336,WSL MemTotal-MemAvailable fallback,0,19535038,1677,4,,
2665.807,30692.0,76150376,WSL MemTotal-MemAvailable fallback,0,19535038,1677,4,,
2666.843,30692.0,76158264,WSL MemTotal-MemAvailable fallback,0,19535038,1677,4,,
2667.882,30692.0,76160880,WSL MemTotal-MemAvailable fallback,0,19535038,1677,4,,
2668.918,30692.0,76156772,WSL MemTotal-MemAvailable fallback,0,19535038,1677,4,,
2669.96,30692.0,76153304,WSL MemTotal-MemAvailable fallback,0,19535038,1677,4,,
2670.994,30691.0,76168144,WSL MemTotal-MemAvailable fallback,0,19535038,1677,4,,
2672.037,30696.0,76151156,WSL MemTotal-MemAvailable fallback,0,19535038,1677,4,,
2673.074,30696.0,76148656,WSL MemTotal-MemAvailable fallback,0,19535038,1677,4,,
2674.124,30696.0,76142448,WSL MemTotal-MemAvailable fallback,0,19535038,1677,4,,
2675.168,30696.0,76143924,WSL MemTotal-MemAvailable fallback,0,19535038,1677,4,,
2676.208,30691.0,76145248,WSL MemTotal-MemAvailable fallback,0,19535038,1677,4,,
2677.251,30690.0,76141640,WSL MemTotal-MemAvailable fallback,0,19535038,1677,4,,
2678.296,30690.0,76139148,WSL MemTotal-MemAvailable fallback,0,19535038,1677,4,,
2679.356,30690.0,76141928,WSL MemTotal-MemAvailable fallback,0,19535038,1677,4,,
2680.396,30690.0,76144192,WSL MemTotal-MemAvailable fallback,0,19535038,1677,4,,
2681.435,30690.0,76139356,WSL MemTotal-MemAvailable fallback,0,19535038,1677,4,,
2682.478,30690.0,76140688,WSL MemTotal-MemAvailable fallback,0,19535038,1677,4,,
2683.524,30690.0,76135688,WSL MemTotal-MemAvailable fallback,0,19535038,1677,4,,
2684.559,30690.0,76132668,WSL MemTotal-MemAvailable fallback,0,19535038,1677,4,,
2685.594,30690.0,76139276,WSL MemTotal-MemAvailable fallback,0,19535038,1677,4,,
2686.641,30690.0,76141524,WSL MemTotal-MemAvailable fallback,0,19535038,1677,4,,
2687.684,30690.0,76139824,WSL MemTotal-MemAvailable fallback,0,19535038,1677,4,,
2688.72,30691.0,76139040,WSL MemTotal-MemAvailable fallback,0,19535038,1677,4,,
2689.755,30691.0,76135472,WSL MemTotal-MemAvailable fallback,0,19535038,1677,4,,
2690.802,30691.0,76139504,WSL MemTotal-MemAvailable fallback,0,19535038,1677,4,,
2691.846,30691.0,76140096,WSL MemTotal-MemAvailable fallback,0,19535038,1677,4,,
2692.894,30691.0,76141348,WSL MemTotal-MemAvailable fallback,0,19535038,1677,4,,
2693.94,30691.0,76139216,WSL MemTotal-MemAvailable fallback,0,19535038,1677,4,,
2694.987,30690.0,76138764,WSL MemTotal-MemAvailable fallback,0,19535038,1677,4,,
2696.029,30690.0,76144192,WSL MemTotal-MemAvailable fallback,0,19535038,1677,4,,
2697.069,30691.0,76143144,WSL MemTotal-MemAvailable fallback,0,19535038,1677,4,,
2698.12,30691.0,76146424,WSL MemTotal-MemAvailable fallback,0,19535038,1677,4,,
2699.16,30691.0,76143904,WSL MemTotal-MemAvailable fallback,0,19535038,1677,4,,
2700.217,30691.0,76148848,WSL MemTotal-MemAvailable fallback,0,19535038,1677,4,,
2701.26,30690.0,76137308,WSL MemTotal-MemAvailable fallback,0,19535038,1677,4,,
2702.299,30691.0,76134552,WSL MemTotal-MemAvailable fallback,0,19535038,1677,4,,
2703.341,30691.0,76136000,WSL MemTotal-MemAvailable fallback,0,19535038,1677,4,,
2704.393,30691.0,76141528,WSL MemTotal-MemAvailable fallback,0,19535038,1677,4,,
2705.428,30690.0,76138516,WSL MemTotal-MemAvailable fallback,0,19535038,1677,4,,
2706.467,30690.0,76139500,WSL MemTotal-MemAvailable fallback,0,19535038,1677,4,,
2707.506,30690.0,76140316,WSL MemTotal-MemAvailable fallback,0,19535038,1677,4,,
2708.554,30691.0,76146840,WSL MemTotal-MemAvailable fallback,0,19535038,1677,4,,
2709.588,30691.0,76145824,WSL MemTotal-MemAvailable fallback,0,19535038,1677,4,,
2710.621,30691.0,76144856,WSL MemTotal-MemAvailable fallback,0,19535038,1677,4,,
2711.662,30690.0,76137004,WSL MemTotal-MemAvailable fallback,0,19535038,1677,4,,
2712.705,30691.0,76142632,WSL MemTotal-MemAvailable fallback,0,19535038,1677,4,,
2713.742,30690.0,76142788,WSL MemTotal-MemAvailable fallback,0,19535038,1677,4,,
2714.782,30690.0,76142144,WSL MemTotal-MemAvailable fallback,0,19535038,1677,4,,
2715.82,30690.0,76138576,WSL MemTotal-MemAvailable fallback,0,19535038,1677,4,,
2716.869,30691.0,76138840,WSL MemTotal-MemAvailable fallback,0,19535038,1677,4,,
2717.906,30690.0,76145644,WSL MemTotal-MemAvailable fallback,0,19535038,1677,4,,
2718.94,30690.0,76147868,WSL MemTotal-MemAvailable fallback,0,19535038,1677,4,,
2719.987,30690.0,76146224,WSL MemTotal-MemAvailable fallback,0,19535038,1677,4,,
2721.022,30690.0,76142252,WSL MemTotal-MemAvailable fallback,0,19535038,1677,4,,
2722.057,30690.0,76141624,WSL MemTotal-MemAvailable fallback,0,19535038,1677,4,,
2723.101,30690.0,76147420,WSL MemTotal-MemAvailable fallback,0,19535038,1677,4,,
2724.141,30691.0,76144752,WSL MemTotal-MemAvailable fallback,0,19535038,1677,4,,
2725.182,30691.0,76148584,WSL MemTotal-MemAvailable fallback,0,19535038,1677,4,,
2726.216,30691.0,76145124,WSL MemTotal-MemAvailable fallback,0,19535038,1677,4,,
2727.263,30690.0,76142144,WSL MemTotal-MemAvailable fallback,0,19535038,1677,4,,
2728.303,30691.0,76143716,WSL MemTotal-MemAvailable fallback,0,19535038,1677,4,,
2729.339,30690.0,76138844,WSL MemTotal-MemAvailable fallback,0,19535038,1677,4,,
2730.392,30690.0,76141812,WSL MemTotal-MemAvailable fallback,0,19535038,1677,4,,
2731.444,30691.0,76145284,WSL MemTotal-MemAvailable fallback,0,19535038,1677,4,,
2732.504,30691.0,76142152,WSL MemTotal-MemAvailable fallback,0,19535038,1677,4,,
2733.549,30691.0,76145396,WSL MemTotal-MemAvailable fallback,0,19535038,1677,4,,
2734.587,30690.0,76146008,WSL MemTotal-MemAvailable fallback,0,19535038,1677,4,,
2735.625,30690.0,76153664,WSL MemTotal-MemAvailable fallback,0,19535038,1677,4,,
2736.66,30691.0,76157444,WSL MemTotal-MemAvailable fallback,0,19535038,1677,4,,
2737.698,30690.0,76156176,WSL MemTotal-MemAvailable fallback,0,19535038,1677,4,,
2738.733,30690.0,76151640,WSL MemTotal-MemAvailable fallback,0,19535038,1677,4,,
2739.769,30690.0,76148160,WSL MemTotal-MemAvailable fallback,0,19535038,1677,4,,
2740.804,30691.0,76149400,WSL MemTotal-MemAvailable fallback,0,19535038,1677,4,,
2741.855,30690.0,76142280,WSL MemTotal-MemAvailable fallback,0,19535038,1677,4,,
2742.908,30690.0,76146152,WSL MemTotal-MemAvailable fallback,0,19535038,1677,4,,
2743.953,30691.0,76162040,WSL MemTotal-MemAvailable fallback,0,19535038,1677,4,,
2745.003,30690.0,76160740,WSL MemTotal-MemAvailable fallback,0,19535038,1677,4,,
2746.04,30690.0,76158968,WSL MemTotal-MemAvailable fallback,0,19535038,1677,4,,
2747.077,30690.0,76154520,WSL MemTotal-MemAvailable fallback,0,19535038,1677,4,,
2748.129,30691.0,76152564,WSL MemTotal-MemAvailable fallback,0,19535038,1677,4,,
2749.172,30690.0,76144056,WSL MemTotal-MemAvailable fallback,0,19535038,1677,4,,
2750.215,30690.0,76148640,WSL MemTotal-MemAvailable fallback,0,19535038,1677,4,,
2751.267,30690.0,76144392,WSL MemTotal-MemAvailable fallback,0,19535038,1677,4,,
2752.302,30691.0,76142136,WSL MemTotal-MemAvailable fallback,0,19535038,1677,4,,
2753.337,30690.0,76140916,WSL MemTotal-MemAvailable fallback,0,19535038,1677,4,,
2754.375,30690.0,76143308,WSL MemTotal-MemAvailable fallback,0,19535038,1677,4,,
2755.41,30690.0,76145672,WSL MemTotal-MemAvailable fallback,0,19535038,1677,4,,
2756.457,30690.0,76141056,WSL MemTotal-MemAvailable fallback,0,19535038,1677,4,,
2757.499,30690.0,76140956,WSL MemTotal-MemAvailable fallback,0,19535038,1677,4,,
2758.556,30690.0,76146320,WSL MemTotal-MemAvailable fallback,0,19535038,1677,4,,
2759.601,30690.0,76151108,WSL MemTotal-MemAvailable fallback,0,19535038,1677,4,,
2760.639,30690.0,76149452,WSL MemTotal-MemAvailable fallback,0,19535038,1677,4,,
2761.68,30691.0,76152084,WSL MemTotal-MemAvailable fallback,0,19535038,1677,4,,
2762.715,30691.0,76156548,WSL MemTotal-MemAvailable fallback,0,19535038,1677,4,,
2763.757,30691.0,76158432,WSL MemTotal-MemAvailable fallback,0,19535038,1677,4,,
2764.795,30691.0,76154304,WSL MemTotal-MemAvailable fallback,0,19535038,1677,4,,
2765.832,30691.0,76150120,WSL MemTotal-MemAvailable fallback,0,19535038,1677,4,,
2766.88,30691.0,76148156,WSL MemTotal-MemAvailable fallback,0,19535038,1677,4,,
2767.923,30703.0,76152420,WSL MemTotal-MemAvailable fallback,0,19535038,1677,4,,
2768.964,30703.0,76152540,WSL MemTotal-MemAvailable fallback,0,19535038,1677,4,,
2769.997,30703.0,76147588,WSL MemTotal-MemAvailable fallback,0,19535038,1677,4,,
2771.032,30703.0,76150136,WSL MemTotal-MemAvailable fallback,0,19535038,1677,4,,
2772.073,30703.0,76154608,WSL MemTotal-MemAvailable fallback,0,19535038,1677,4,,
2773.117,30690.0,76152536,WSL MemTotal-MemAvailable fallback,0,19535038,1677,4,,
2774.166,30690.0,76151988,WSL MemTotal-MemAvailable fallback,0,19535038,1677,4,,
2775.211,30690.0,76152988,WSL MemTotal-MemAvailable fallback,0,19535038,1677,4,,
2776.249,30691.0,76155028,WSL MemTotal-MemAvailable fallback,0,19535038,1677,4,,
2777.291,30691.0,76144688,WSL MemTotal-MemAvailable fallback,0,19535038,1677,4,,
2778.338,30691.0,76147136,WSL MemTotal-MemAvailable fallback,0,19535038,1677,4,,
2779.384,30691.0,76148280,WSL MemTotal-MemAvailable fallback,0,19535038,1677,4,,
2780.437,30691.0,76152820,WSL MemTotal-MemAvailable fallback,0,19535038,1677,4,,
2781.471,30690.0,76153608,WSL MemTotal-MemAvailable fallback,0,19535038,1677,4,,
2782.506,30690.0,76161768,WSL MemTotal-MemAvailable fallback,0,19535038,1677,4,,
2783.549,30691.0,76156876,WSL MemTotal-MemAvailable fallback,0,19535038,1677,4,,
2784.61,30691.0,76156156,WSL MemTotal-MemAvailable fallback,0,19535038,1677,4,,
2785.657,30690.0,76156692,WSL MemTotal-MemAvailable fallback,0,19535038,1677,4,,
2786.694,30690.0,76156004,WSL MemTotal-MemAvailable fallback,0,19535038,1677,4,,
2787.728,30690.0,76159056,WSL MemTotal-MemAvailable fallback,0,19535038,1677,4,,
2788.776,30691.0,76151092,WSL MemTotal-MemAvailable fallback,0,19535038,1677,4,,
2789.815,30691.0,76148592,WSL MemTotal-MemAvailable fallback,0,19535038,1677,4,,
2790.859,30690.0,76147784,WSL MemTotal-MemAvailable fallback,0,19535038,1677,4,,
2791.9,30690.0,76152892,WSL MemTotal-MemAvailable fallback,0,19535038,1677,4,,
2792.949,30690.0,76147436,WSL MemTotal-MemAvailable fallback,0,19535038,1677,4,,
2793.988,30690.0,76149624,WSL MemTotal-MemAvailable fallback,0,19535038,1677,4,,
2795.023,30690.0,76145156,WSL MemTotal-MemAvailable fallback,0,19535038,1677,4,,
2796.067,30690.0,76143100,WSL MemTotal-MemAvailable fallback,0,19535038,1677,4,,
2797.11,30690.0,76145956,WSL MemTotal-MemAvailable fallback,0,19535038,1677,4,,
2798.156,30690.0,76148556,WSL MemTotal-MemAvailable fallback,0,19535038,1677,4,,
2799.198,30690.0,76144436,WSL MemTotal-MemAvailable fallback,0,19535038,1677,4,,
2800.248,30691.0,76147096,WSL MemTotal-MemAvailable fallback,0,19535038,1677,4,,
2801.288,30690.0,76148196,WSL MemTotal-MemAvailable fallback,0,19535038,1677,4,,
2802.331,30690.0,76153656,WSL MemTotal-MemAvailable fallback,0,19535038,1677,4,,
2803.39,30690.0,76154060,WSL MemTotal-MemAvailable fallback,0,19535038,1677,4,,
2804.447,30691.0,76154528,WSL MemTotal-MemAvailable fallback,0,19535038,1677,4,,
2805.488,30690.0,76151224,WSL MemTotal-MemAvailable fallback,0,19535038,1677,4,,
2806.528,30690.0,76152600,WSL MemTotal-MemAvailable fallback,0,19535038,1677,4,,
2807.578,30690.0,76156564,WSL MemTotal-MemAvailable fallback,0,19535038,1677,4,,
2808.624,30690.0,76146556,WSL MemTotal-MemAvailable fallback,0,19535038,1677,4,,
2809.671,30691.0,76145860,WSL MemTotal-MemAvailable fallback,0,19535038,1677,4,,
2810.717,30691.0,76149724,WSL MemTotal-MemAvailable fallback,0,19535038,1677,4,,
2811.766,30691.0,76156528,WSL MemTotal-MemAvailable fallback,0,19535038,1677,4,,
2812.815,30691.0,76155612,WSL MemTotal-MemAvailable fallback,0,19535038,1677,4,,
2813.867,30685.0,76158776,WSL MemTotal-MemAvailable fallback,0,19535038,1677,4,,
2814.921,30685.0,76159560,WSL MemTotal-MemAvailable fallback,0,19535038,1677,4,,
2815.959,30691.0,76155172,WSL MemTotal-MemAvailable fallback,0,19535038,1677,4,,
2816.998,30691.0,76157692,WSL MemTotal-MemAvailable fallback,0,19535038,1677,4,,
2818.032,30690.0,76161908,WSL MemTotal-MemAvailable fallback,0,19535038,1677,4,,
2819.087,30690.0,76160020,WSL MemTotal-MemAvailable fallback,0,19535038,1677,4,,
2820.122,30690.0,76154560,WSL MemTotal-MemAvailable fallback,0,19535038,1677,4,,
2821.163,30690.0,76151588,WSL MemTotal-MemAvailable fallback,0,19535038,1677,4,,
2822.214,30690.0,76155180,WSL MemTotal-MemAvailable fallback,0,19535038,1677,4,,
2823.259,30690.0,76151344,WSL MemTotal-MemAvailable fallback,0,19535038,1677,4,,
2824.318,30690.0,76157760,WSL MemTotal-MemAvailable fallback,0,19535038,1677,4,,
2825.359,30690.0,76158656,WSL MemTotal-MemAvailable fallback,0,19535038,1677,4,,
2826.402,30690.0,76155632,WSL MemTotal-MemAvailable fallback,0,19535038,1677,4,,
2827.452,30690.0,76152620,WSL MemTotal-MemAvailable fallback,0,19535038,1677,4,,
2828.511,30691.0,76154684,WSL MemTotal-MemAvailable fallback,0,19535038,1677,4,,
2829.558,30691.0,76156668,WSL MemTotal-MemAvailable fallback,0,19535038,1677,4,,
2830.596,30691.0,76155512,WSL MemTotal-MemAvailable fallback,0,19535038,1677,4,,
2831.632,30691.0,76155512,WSL MemTotal-MemAvailable fallback,0,19535038,1677,4,,
2832.67,30691.0,76154984,WSL MemTotal-MemAvailable fallback,0,19535038,1677,4,,
2833.709,30691.0,76154480,WSL MemTotal-MemAvailable fallback,0,19535038,1677,4,,
2834.749,30691.0,76156248,WSL MemTotal-MemAvailable fallback,0,19535038,1677,4,,
2835.788,30691.0,76155672,WSL MemTotal-MemAvailable fallback,0,19535038,1677,4,,
2836.829,30690.0,76156880,WSL MemTotal-MemAvailable fallback,0,19535038,1677,4,,
2837.885,30692.0,76157180,WSL MemTotal-MemAvailable fallback,0,19535038,1677,4,,
2838.922,30692.0,76164008,WSL MemTotal-MemAvailable fallback,0,19535038,1677,4,,
2839.963,30692.0,76161084,WSL MemTotal-MemAvailable fallback,0,19535038,1677,4,,
2840.998,30692.0,76161676,WSL MemTotal-MemAvailable fallback,0,19535038,1677,4,,
2842.034,30692.0,76150172,WSL MemTotal-MemAvailable fallback,0,19535038,1677,4,,
2843.068,30685.0,76155260,WSL MemTotal-MemAvailable fallback,0,19535038,1677,4,,
2844.105,30691.0,76153868,WSL MemTotal-MemAvailable fallback,0,19535038,1677,4,,
2845.139,30691.0,76154192,WSL MemTotal-MemAvailable fallback,0,19535038,1677,4,,
2846.18,30691.0,76150804,WSL MemTotal-MemAvailable fallback,0,19535038,1677,4,,
2847.219,30691.0,76154900,WSL MemTotal-MemAvailable fallback,0,19535038,1677,4,,
2848.264,30691.0,76159512,WSL MemTotal-MemAvailable fallback,0,19535038,1677,4,,
2849.315,30691.0,76165528,WSL MemTotal-MemAvailable fallback,0,19535038,1677,4,,
2850.354,30691.0,76152112,WSL MemTotal-MemAvailable fallback,0,19535038,1677,4,,
2851.392,30691.0,76154636,WSL MemTotal-MemAvailable fallback,0,19535038,1677,4,,
2852.431,30690.0,76157092,WSL MemTotal-MemAvailable fallback,0,19535038,1677,4,,
2853.466,30691.0,76153868,WSL MemTotal-MemAvailable fallback,0,19535038,1677,4,,
2854.5,30691.0,76155332,WSL MemTotal-MemAvailable fallback,0,19535038,1677,4,,
2855.541,30691.0,76156436,WSL MemTotal-MemAvailable fallback,0,19535038,1677,4,,
2856.587,30691.0,76145372,WSL MemTotal-MemAvailable fallback,0,19535038,1677,4,,
2857.634,30690.0,76144672,WSL MemTotal-MemAvailable fallback,0,19535038,1677,4,,
2858.678,30691.0,76144696,WSL MemTotal-MemAvailable fallback,0,19535038,1677,4,,
2859.713,30691.0,76149364,WSL MemTotal-MemAvailable fallback,0,19535038,1677,4,,
2860.748,30691.0,76147584,WSL MemTotal-MemAvailable fallback,0,19535038,1677,4,,
2861.789,30691.0,76145360,WSL MemTotal-MemAvailable fallback,0,19535038,1677,4,,
2862.823,30691.0,76145828,WSL MemTotal-MemAvailable fallback,0,19535038,1677,4,,
2863.861,30691.0,76148108,WSL MemTotal-MemAvailable fallback,0,19535038,1677,4,,
2864.92,30691.0,76144580,WSL MemTotal-MemAvailable fallback,0,19535038,1677,4,,
2865.975,30691.0,76147116,WSL MemTotal-MemAvailable fallback,0,19535038,1677,4,,
2867.021,30691.0,76140064,WSL MemTotal-MemAvailable fallback,0,19535038,1677,4,,
2868.058,30691.0,76137324,WSL MemTotal-MemAvailable fallback,0,19535038,1677,4,,
2869.102,30690.0,76140340,WSL MemTotal-MemAvailable fallback,0,19535038,1677,4,,
2870.14,30690.0,76136568,WSL MemTotal-MemAvailable fallback,0,19535038,1677,4,,
2871.178,30690.0,76139540,WSL MemTotal-MemAvailable fallback,0,19535038,1677,4,,
2872.219,30696.0,76141832,WSL MemTotal-MemAvailable fallback,0,19535038,1677,4,,
2873.257,30696.0,76135920,WSL MemTotal-MemAvailable fallback,0,19535038,1677,4,,
2874.302,30696.0,76138300,WSL MemTotal-MemAvailable fallback,0,19535038,1677,4,,
2875.351,30696.0,76141780,WSL MemTotal-MemAvailable fallback,0,19535038,1677,4,,
2876.399,30696.0,76130336,WSL MemTotal-MemAvailable fallback,0,19535038,1677,4,,
2877.446,30696.0,76135520,WSL MemTotal-MemAvailable fallback,0,19535038,1677,4,,
2878.489,30691.0,76138672,WSL MemTotal-MemAvailable fallback,0,19535038,1677,4,,
2879.53,30691.0,76137944,WSL MemTotal-MemAvailable fallback,0,19535038,1677,4,,
2880.577,30691.0,76138860,WSL MemTotal-MemAvailable fallback,0,19535038,1677,4,,
2881.628,30685.0,76134072,WSL MemTotal-MemAvailable fallback,0,19535038,1677,4,,
2882.662,30685.0,76132576,WSL MemTotal-MemAvailable fallback,0,19535038,1677,4,,
2883.716,30685.0,76133680,WSL MemTotal-MemAvailable fallback,0,19535038,1677,4,,
2884.751,30685.0,76138956,WSL MemTotal-MemAvailable fallback,0,19535038,1677,4,,
2885.786,30685.0,76138744,WSL MemTotal-MemAvailable fallback,0,19535038,1677,4,,
2886.838,30685.0,76135816,WSL MemTotal-MemAvailable fallback,0,19535038,1677,4,,
2887.874,30685.0,76132288,WSL MemTotal-MemAvailable fallback,0,19535038,1677,4,,
2888.924,30690.0,76132880,WSL MemTotal-MemAvailable fallback,0,19535038,1677,4,,
2889.975,30690.0,76140872,WSL MemTotal-MemAvailable fallback,0,19535038,1677,4,,
2891.029,30690.0,76142608,WSL MemTotal-MemAvailable fallback,0,19535038,1677,4,,
2892.082,30690.0,76141616,WSL MemTotal-MemAvailable fallback,0,19535038,1677,4,,
2893.132,30690.0,76144568,WSL MemTotal-MemAvailable fallback,0,19535038,1677,4,,
2894.17,30690.0,76146308,WSL MemTotal-MemAvailable fallback,0,19535038,1677,4,,
2895.224,30690.0,76143896,WSL MemTotal-MemAvailable fallback,0,19535038,1677,4,,
2896.264,30691.0,76147400,WSL MemTotal-MemAvailable fallback,0,19535038,1677,4,,
2897.306,30690.0,76145292,WSL MemTotal-MemAvailable fallback,0,19535038,1677,4,,
2898.36,30793.0,76136904,WSL MemTotal-MemAvailable fallback,0,19535038,1677,4,,
2899.402,30799.0,76140264,WSL MemTotal-MemAvailable fallback,0,19535038,1677,4,,
2900.445,30799.0,76143004,WSL MemTotal-MemAvailable fallback,0,19535038,1677,4,,
2901.491,30797.0,76144732,WSL MemTotal-MemAvailable fallback,0,19535038,1677,4,,
2902.53,30797.0,76151680,WSL MemTotal-MemAvailable fallback,0,19535038,1677,4,,
2903.567,30797.0,76150712,WSL MemTotal-MemAvailable fallback,0,19535038,1677,4,,
2904.608,30797.0,76140176,WSL MemTotal-MemAvailable fallback,0,19535038,1677,4,,
2905.663,30799.0,76139352,WSL MemTotal-MemAvailable fallback,0,19535038,1677,4,,
2906.708,30799.0,76147592,WSL MemTotal-MemAvailable fallback,0,19535038,1677,4,,
2907.749,30799.0,76136284,WSL MemTotal-MemAvailable fallback,0,19535038,1677,4,,
2908.794,30799.0,76136540,WSL MemTotal-MemAvailable fallback,0,19535038,1677,4,,
2909.841,30799.0,76140532,WSL MemTotal-MemAvailable fallback,0,19535038,1677,4,,
2910.878,30797.0,76141972,WSL MemTotal-MemAvailable fallback,0,19535038,1677,4,,
2911.92,30797.0,76138780,WSL MemTotal-MemAvailable fallback,0,19535038,1677,4,,
2912.964,30797.0,76141160,WSL MemTotal-MemAvailable fallback,0,19535038,1677,4,,
2913.998,30797.0,76144772,WSL MemTotal-MemAvailable fallback,0,19535038,1677,4,,
2915.046,30797.0,76141640,WSL MemTotal-MemAvailable fallback,0,19535038,1677,4,,
2916.084,30797.0,76146304,WSL MemTotal-MemAvailable fallback,0,19535038,1677,4,,
2917.119,30833.0,76144548,WSL MemTotal-MemAvailable fallback,0,19535038,1677,4,,
2918.16,30833.0,76138712,WSL MemTotal-MemAvailable fallback,0,19535038,1677,4,,
2919.203,30830.0,76139240,WSL MemTotal-MemAvailable fallback,0,19535038,1677,4,,
2920.241,30830.0,76135964,WSL MemTotal-MemAvailable fallback,0,19535038,1677,4,,
2921.305,30829.0,76139548,WSL MemTotal-MemAvailable fallback,0,19535038,1677,4,,
2922.351,30828.0,76143848,WSL MemTotal-MemAvailable fallback,0,19535038,1677,4,,
2923.388,30828.0,76143368,WSL MemTotal-MemAvailable fallback,0,19535038,1677,4,,
2924.433,30828.0,76146100,WSL MemTotal-MemAvailable fallback,0,19535038,1677,4,,
2925.476,30828.0,76144904,WSL MemTotal-MemAvailable fallback,0,19535038,1677,4,,
2926.513,30828.0,76145424,WSL MemTotal-MemAvailable fallback,0,19535038,1677,4,,
2927.548,30832.0,76142400,WSL MemTotal-MemAvailable fallback,0,19535038,1677,4,,
2928.583,30832.0,76131432,WSL MemTotal-MemAvailable fallback,0,19535038,1677,4,,
2929.628,30829.0,76136412,WSL MemTotal-MemAvailable fallback,0,19535038,1677,4,,
2930.665,30902.0,76136860,WSL MemTotal-MemAvailable fallback,0,19535038,1677,4,,
2931.701,30900.0,76136864,WSL MemTotal-MemAvailable fallback,0,19535038,1677,4,,
2932.748,30896.0,76135056,WSL MemTotal-MemAvailable fallback,0,19535038,1677,4,,
2933.789,30880.0,76136472,WSL MemTotal-MemAvailable fallback,0,19535038,1677,4,,
2934.823,30876.0,76140016,WSL MemTotal-MemAvailable fallback,0,19535038,1677,4,,
2935.857,30874.0,76138796,WSL MemTotal-MemAvailable fallback,0,19535038,1677,4,,
2936.894,30880.0,76137548,WSL MemTotal-MemAvailable fallback,0,19535038,1677,4,,
2937.932,30876.0,76141284,WSL MemTotal-MemAvailable fallback,0,19535038,1677,4,,
2938.979,30809.0,76137696,WSL MemTotal-MemAvailable fallback,0,19535038,1677,4,,
2940.019,30810.0,76136924,WSL MemTotal-MemAvailable fallback,0,19535038,1677,4,,
2941.073,30809.0,76141044,WSL MemTotal-MemAvailable fallback,0,19535038,1677,4,,
2942.135,30803.0,76142128,WSL MemTotal-MemAvailable fallback,0,19535038,1677,4,,
2943.177,30804.0,76144912,WSL MemTotal-MemAvailable fallback,0,19535038,1677,4,,
2944.221,30804.0,76145204,WSL MemTotal-MemAvailable fallback,0,19535038,1677,4,,
2945.263,30804.0,76146640,WSL MemTotal-MemAvailable fallback,0,19535038,1677,4,,
2946.315,30804.0,76146932,WSL MemTotal-MemAvailable fallback,0,19535038,1677,4,,
2947.359,30804.0,76149020,WSL MemTotal-MemAvailable fallback,0,19535038,1677,4,,
2948.408,30804.0,76162472,WSL MemTotal-MemAvailable fallback,0,19535038,1677,4,,
2949.459,30804.0,76162480,WSL MemTotal-MemAvailable fallback,0,19535038,1677,4,,
2950.503,30804.0,76159588,WSL MemTotal-MemAvailable fallback,0,19535038,1677,4,,
2951.551,30810.0,76159268,WSL MemTotal-MemAvailable fallback,0,19535038,1677,4,,
2952.587,30815.0,76153916,WSL MemTotal-MemAvailable fallback,0,19535038,1677,4,,
2953.632,30815.0,76162420,WSL MemTotal-MemAvailable fallback,0,19535038,1677,4,,
2954.679,30815.0,76160532,WSL MemTotal-MemAvailable fallback,0,19535038,1677,4,,
2955.716,30815.0,76155748,WSL MemTotal-MemAvailable fallback,0,19535038,1677,4,,
2956.75,30810.0,76158808,WSL MemTotal-MemAvailable fallback,0,19535038,1677,4,,
2957.795,30809.0,76163420,WSL MemTotal-MemAvailable fallback,0,19535038,1677,4,,
2958.838,30809.0,76160364,WSL MemTotal-MemAvailable fallback,0,19535038,1677,4,,
2959.886,30809.0,76157828,WSL MemTotal-MemAvailable fallback,0,19535038,1677,4,,
2960.92,30809.0,76157088,WSL MemTotal-MemAvailable fallback,0,19535038,1677,4,,
2961.962,30803.0,76153904,WSL MemTotal-MemAvailable fallback,0,19535038,1677,4,,
2963.017,30803.0,76143488,WSL MemTotal-MemAvailable fallback,0,19535038,1677,4,,
2964.06,30804.0,76148212,WSL MemTotal-MemAvailable fallback,0,19535038,1677,4,,
2965.107,30803.0,76154464,WSL MemTotal-MemAvailable fallback,0,19535038,1677,4,,
2966.163,30704.0,76153528,WSL MemTotal-MemAvailable fallback,0,19535038,1677,4,,
2967.215,30704.0,76156708,WSL MemTotal-MemAvailable fallback,0,19535038,1677,4,,
2968.271,30704.0,76159296,WSL MemTotal-MemAvailable fallback,0,19535038,1677,4,,
2969.306,30704.0,76157544,WSL MemTotal-MemAvailable fallback,0,19535038,1677,4,,
2970.341,30704.0,76156508,WSL MemTotal-MemAvailable fallback,0,19535038,1677,4,,
2971.383,30704.0,76160248,WSL MemTotal-MemAvailable fallback,0,19535038,1677,4,,
2972.421,30704.0,76160032,WSL MemTotal-MemAvailable fallback,0,19535038,1677,4,,
2973.458,30704.0,76159132,WSL MemTotal-MemAvailable fallback,0,19535038,1677,4,,
2974.508,30704.0,76155936,WSL MemTotal-MemAvailable fallback,0,19535038,1677,4,,
2975.542,30704.0,76145764,WSL MemTotal-MemAvailable fallback,0,19535038,1677,4,,
2976.591,30704.0,76144992,WSL MemTotal-MemAvailable fallback,0,19535038,1677,4,,
2977.633,30704.0,76145956,WSL MemTotal-MemAvailable fallback,0,19535038,1677,4,,
2978.686,30704.0,76150224,WSL MemTotal-MemAvailable fallback,0,19535038,1677,4,,
2979.721,30704.0,76155764,WSL MemTotal-MemAvailable fallback,0,19535038,1677,4,,
2980.757,30704.0,76159456,WSL MemTotal-MemAvailable fallback,0,19535038,1677,4,,
2981.795,30704.0,76159328,WSL MemTotal-MemAvailable fallback,0,19535038,1677,4,,
2982.829,30704.0,76156368,WSL MemTotal-MemAvailable fallback,0,19535038,1677,4,,
2983.868,30704.0,76156100,WSL MemTotal-MemAvailable fallback,0,19535038,1677,4,,
2984.918,30704.0,76162564,WSL MemTotal-MemAvailable fallback,0,19535038,1677,4,,
2985.963,30704.0,76163892,WSL MemTotal-MemAvailable fallback,0,19535038,1677,4,,
2987.01,30704.0,76163172,WSL MemTotal-MemAvailable fallback,0,19535038,1677,4,,
2988.069,30704.0,76161204,WSL MemTotal-MemAvailable fallback,0,19535038,1677,4,,
2989.103,30704.0,76160452,WSL MemTotal-MemAvailable fallback,0,19535038,1677,4,,
2990.147,30704.0,76160452,WSL MemTotal-MemAvailable fallback,0,19535039,1677,4,,
2991.181,30704.0,76163192,WSL MemTotal-MemAvailable fallback,0,19535039,1677,4,,
2992.221,30704.0,76167480,WSL MemTotal-MemAvailable fallback,0,19535041,1677,4,,
2993.261,30704.0,76170108,WSL MemTotal-MemAvailable fallback,0,19535041,1677,4,,
2994.301,30704.0,76169024,WSL MemTotal-MemAvailable fallback,0,19535043,1677,4,,
2995.341,30704.0,76168956,WSL MemTotal-MemAvailable fallback,0,19535043,1677,4,,
2996.377,30704.0,76177352,WSL MemTotal-MemAvailable fallback,0,19535043,1677,4,,
2997.416,30704.0,76168756,WSL MemTotal-MemAvailable fallback,0,19535043,1677,4,,
2998.46,30704.0,76163676,WSL MemTotal-MemAvailable fallback,0,19535043,1677,4,,
2999.503,30704.0,76164440,WSL MemTotal-MemAvailable fallback,0,19535043,1677,4,,
3000.546,30704.0,76165084,WSL MemTotal-MemAvailable fallback,0,19535044,1677,4,,
3001.583,30704.0,76155048,WSL MemTotal-MemAvailable fallback,0,19535044,1677,4,,
3002.624,30704.0,76157568,WSL MemTotal-MemAvailable fallback,0,19535044,1677,4,,
3003.667,30704.0,76163012,WSL MemTotal-MemAvailable fallback,0,19535044,1677,4,,
3004.705,30704.0,76163080,WSL MemTotal-MemAvailable fallback,0,19535044,1677,4,,
3005.739,30704.0,76169840,WSL MemTotal-MemAvailable fallback,0,19535044,1677,4,,
3006.777,30704.0,76176236,WSL MemTotal-MemAvailable fallback,0,19535044,1677,4,,
3007.821,30704.0,76177952,WSL MemTotal-MemAvailable fallback,0,19535044,1677,4,,
3008.861,30704.0,76168164,WSL MemTotal-MemAvailable fallback,0,19535044,1677,4,,
3009.897,30704.0,76172040,WSL MemTotal-MemAvailable fallback,0,19535044,1677,4,,
3010.94,30704.0,76168416,WSL MemTotal-MemAvailable fallback,0,19535044,1677,4,,
3011.979,30704.0,76165696,WSL MemTotal-MemAvailable fallback,0,19535044,1677,4,,
3013.023,30704.0,76156568,WSL MemTotal-MemAvailable fallback,0,19535044,1677,4,,
3014.064,30704.0,76155864,WSL MemTotal-MemAvailable fallback,0,19535044,1677,4,,
3015.11,30704.0,76164976,WSL MemTotal-MemAvailable fallback,0,19535044,1677,4,,
3016.153,30704.0,76171368,WSL MemTotal-MemAvailable fallback,0,19535044,1677,4,,
3017.193,30704.0,76171136,WSL MemTotal-MemAvailable fallback,0,19535044,1677,4,,
3018.23,30704.0,76174256,WSL MemTotal-MemAvailable fallback,0,19535044,1677,4,,
3019.275,30704.0,76170040,WSL MemTotal-MemAvailable fallback,0,19535044,1677,4,,
3020.314,30711.0,76168672,WSL MemTotal-MemAvailable fallback,0,19535044,1677,4,,
3021.351,30711.0,76162092,WSL MemTotal-MemAvailable fallback,0,19535044,1677,4,,
3022.391,30711.0,76168752,WSL MemTotal-MemAvailable fallback,0,19535044,1677,4,,
3023.428,30711.0,76174980,WSL MemTotal-MemAvailable fallback,0,19535044,1677,4,,
3024.462,30711.0,76177696,WSL MemTotal-MemAvailable fallback,0,19535044,1677,4,,
3025.496,30704.0,76172380,WSL MemTotal-MemAvailable fallback,0,19535044,1677,4,,
3026.537,30704.0,76178032,WSL MemTotal-MemAvailable fallback,0,19535044,1677,4,,
3027.573,30704.0,76172352,WSL MemTotal-MemAvailable fallback,0,19535044,1677,4,,
3028.614,30704.0,76169196,WSL MemTotal-MemAvailable fallback,0,19535044,1677,4,,
3029.651,30704.0,76163140,WSL MemTotal-MemAvailable fallback,0,19535044,1677,4,,
3030.692,30698.0,76160920,WSL MemTotal-MemAvailable fallback,0,19535044,1677,4,,
3031.728,30698.0,76157100,WSL MemTotal-MemAvailable fallback,0,19535044,1677,4,,
3032.764,30704.0,76157184,WSL MemTotal-MemAvailable fallback,0,19535044,1677,4,,
3033.806,30704.0,76164348,WSL MemTotal-MemAvailable fallback,0,19535044,1677,4,,
3034.85,30704.0,76164992,WSL MemTotal-MemAvailable fallback,0,19535044,1677,4,,
3035.89,30704.0,76149348,WSL MemTotal-MemAvailable fallback,0,19535044,1677,4,,
3036.94,30704.0,76142264,WSL MemTotal-MemAvailable fallback,0,19535044,1677,4,,
3037.975,30704.0,76149736,WSL MemTotal-MemAvailable fallback,0,19535044,1677,4,,
3039.011,30704.0,76150556,WSL MemTotal-MemAvailable fallback,0,19535044,1677,4,,
3040.052,30704.0,76141664,WSL MemTotal-MemAvailable fallback,0,19535044,1677,4,,
3041.091,30704.0,76139720,WSL MemTotal-MemAvailable fallback,0,19535044,1677,4,,
3042.128,30704.0,76163000,WSL MemTotal-MemAvailable fallback,0,19535044,1677,4,,
3043.169,30704.0,76164808,WSL MemTotal-MemAvailable fallback,0,19535044,1677,4,,
3044.208,30704.0,76165628,WSL MemTotal-MemAvailable fallback,0,19535044,1677,4,,
3045.245,30704.0,76164824,WSL MemTotal-MemAvailable fallback,0,19535044,1677,4,,
3046.284,30704.0,76162152,WSL MemTotal-MemAvailable fallback,0,19535044,1677,4,,
3047.332,30704.0,76161608,WSL MemTotal-MemAvailable fallback,0,19535044,1677,4,,
3048.37,30704.0,76168688,WSL MemTotal-MemAvailable fallback,0,19535044,1677,4,,
3049.408,30704.0,76177844,WSL MemTotal-MemAvailable fallback,0,19535044,1677,4,,
3050.446,30704.0,76172916,WSL MemTotal-MemAvailable fallback,0,19535044,1677,4,,
3051.49,30704.0,76161532,WSL MemTotal-MemAvailable fallback,0,19535044,1677,4,,
3052.531,30704.0,76159964,WSL MemTotal-MemAvailable fallback,0,19535044,1677,4,,
3053.568,30704.0,76153412,WSL MemTotal-MemAvailable fallback,0,19535044,1677,4,,
3054.61,30704.0,76157360,WSL MemTotal-MemAvailable fallback,0,19535044,1677,4,,
3055.647,30704.0,76159592,WSL MemTotal-MemAvailable fallback,0,19535044,1677,4,,
3056.684,30704.0,76154904,WSL MemTotal-MemAvailable fallback,0,19535044,1677,4,,
3057.727,30704.0,76155620,WSL MemTotal-MemAvailable fallback,0,19535044,1677,4,,
3058.772,30704.0,76156008,WSL MemTotal-MemAvailable fallback,0,19535044,1677,4,,
3059.81,30704.0,76147928,WSL MemTotal-MemAvailable fallback,0,19535044,1677,4,,
3060.845,30704.0,76146416,WSL MemTotal-MemAvailable fallback,0,19535044,1677,4,,
3061.884,30704.0,76153332,WSL MemTotal-MemAvailable fallback,0,19535044,1677,4,,
3062.929,30704.0,76158240,WSL MemTotal-MemAvailable fallback,0,19535044,1677,4,,
3063.966,30704.0,76157764,WSL MemTotal-MemAvailable fallback,0,19535044,1677,4,,
3065.001,30704.0,76158092,WSL MemTotal-MemAvailable fallback,0,19535044,1677,4,,
3066.046,30704.0,76155692,WSL MemTotal-MemAvailable fallback,0,19535044,1677,4,,
3067.091,30704.0,76156816,WSL MemTotal-MemAvailable fallback,0,19535044,1677,4,,
3068.131,30704.0,76151056,WSL MemTotal-MemAvailable fallback,0,19535044,1677,4,,
3069.171,30704.0,76157488,WSL MemTotal-MemAvailable fallback,0,19535044,1677,4,,
3070.209,30704.0,76159520,WSL MemTotal-MemAvailable fallback,0,19535044,1677,4,,
3071.246,30704.0,76154008,WSL MemTotal-MemAvailable fallback,0,19535044,1677,4,,
3072.283,30704.0,76150652,WSL MemTotal-MemAvailable fallback,0,19535044,1677,4,,
3073.322,30704.0,76156180,WSL MemTotal-MemAvailable fallback,0,19535044,1677,4,,
3074.363,30703.0,76149868,WSL MemTotal-MemAvailable fallback,0,19535044,1677,4,,
3075.403,30703.0,76150468,WSL MemTotal-MemAvailable fallback,0,19535044,1677,4,,
3076.44,30703.0,76147456,WSL MemTotal-MemAvailable fallback,0,19535044,1677,4,,
3077.483,30703.0,76148104,WSL MemTotal-MemAvailable fallback,0,19535044,1677,4,,
3078.526,30703.0,76153720,WSL MemTotal-MemAvailable fallback,0,19535044,1677,4,,
3079.562,30703.0,76149964,WSL MemTotal-MemAvailable fallback,0,19535044,1677,4,,
3080.598,30703.0,76151000,WSL MemTotal-MemAvailable fallback,0,19535044,1677,4,,
3081.636,30703.0,76154040,WSL MemTotal-MemAvailable fallback,0,19535044,1677,4,,
3082.683,30703.0,76159348,WSL MemTotal-MemAvailable fallback,0,19535044,1677,4,,
3083.721,30703.0,76145896,WSL MemTotal-MemAvailable fallback,0,19535044,1677,4,,
3084.756,30703.0,76154000,WSL MemTotal-MemAvailable fallback,0,19535044,1677,4,,
3085.791,30703.0,76152588,WSL MemTotal-MemAvailable fallback,0,19535044,1677,4,,
3086.828,30703.0,76156184,WSL MemTotal-MemAvailable fallback,0,19535044,1677,4,,
3087.87,30705.0,76161268,WSL MemTotal-MemAvailable fallback,0,19535044,1677,4,,
3088.91,30705.0,76231200,WSL MemTotal-MemAvailable fallback,0,19557126,1677,4,,
3089.951,30705.0,76224012,WSL MemTotal-MemAvailable fallback,0,19557396,1677,4,,
3091.004,30705.0,76221140,WSL MemTotal-MemAvailable fallback,0,19557396,1677,4,,
3092.04,30705.0,76217256,WSL MemTotal-MemAvailable fallback,0,19557396,1677,4,,
3093.075,30710.0,76219624,WSL MemTotal-MemAvailable fallback,0,19557396,1677,4,,
3094.117,30710.0,76211848,WSL MemTotal-MemAvailable fallback,0,19557396,1677,4,,
3095.158,30710.0,76210936,WSL MemTotal-MemAvailable fallback,0,19557398,1677,4,,
3096.196,30710.0,76216132,WSL MemTotal-MemAvailable fallback,0,19557398,1677,4,,
3097.235,30709.0,76219880,WSL MemTotal-MemAvailable fallback,0,19557398,1677,4,,
3098.279,30704.0,76208232,WSL MemTotal-MemAvailable fallback,0,19557398,1677,4,,
3099.314,30704.0,76192988,WSL MemTotal-MemAvailable fallback,0,19557398,1677,4,,
3100.358,30704.0,76193932,WSL MemTotal-MemAvailable fallback,0,19557398,1677,4,,
3101.402,30704.0,76193604,WSL MemTotal-MemAvailable fallback,0,19557398,1677,4,,
3102.443,30704.0,76190588,WSL MemTotal-MemAvailable fallback,0,19557398,1677,4,,
3103.481,30704.0,76187332,WSL MemTotal-MemAvailable fallback,0,19557398,1677,4,,
3104.529,30704.0,76203672,WSL MemTotal-MemAvailable fallback,0,19557398,1677,4,,
3105.571,30704.0,76191892,WSL MemTotal-MemAvailable fallback,0,19557398,1677,4,,
3106.617,30704.0,76186092,WSL MemTotal-MemAvailable fallback,0,19557398,1677,4,,
3107.662,30704.0,76180204,WSL MemTotal-MemAvailable fallback,0,19557398,1677,4,,
3108.701,30704.0,76182064,WSL MemTotal-MemAvailable fallback,0,19557398,1677,4,,
3109.742,30704.0,76179488,WSL MemTotal-MemAvailable fallback,0,19557399,1677,4,,
3110.778,30704.0,76185140,WSL MemTotal-MemAvailable fallback,0,19557399,1677,4,,
3111.824,30704.0,76193692,WSL MemTotal-MemAvailable fallback,0,19557399,1677,4,,
3112.866,30704.0,76187004,WSL MemTotal-MemAvailable fallback,0,19557399,1677,4,,
3113.911,30704.0,76185264,WSL MemTotal-MemAvailable fallback,0,19557399,1677,4,,
3114.948,30704.0,76189512,WSL MemTotal-MemAvailable fallback,0,19557399,1677,4,,
3115.985,30704.0,76186772,WSL MemTotal-MemAvailable fallback,0,19557399,1677,4,,
3117.022,30704.0,76185684,WSL MemTotal-MemAvailable fallback,0,19557399,1677,4,,
3118.064,30704.0,76199000,WSL MemTotal-MemAvailable fallback,0,19557399,1677,4,,
3119.103,30704.0,76205684,WSL MemTotal-MemAvailable fallback,0,19557399,1677,4,,
3120.144,30704.0,76213080,WSL MemTotal-MemAvailable fallback,0,19557399,1677,4,,
3121.186,30704.0,76212324,WSL MemTotal-MemAvailable fallback,0,19557399,1677,4,,
3122.228,30704.0,76193432,WSL MemTotal-MemAvailable fallback,0,19557399,1677,4,,
3123.265,30704.0,76191612,WSL MemTotal-MemAvailable fallback,0,19557399,1677,4,,
3124.31,30704.0,76194924,WSL MemTotal-MemAvailable fallback,0,19557399,1677,4,,
3125.359,30704.0,76192896,WSL MemTotal-MemAvailable fallback,0,19557399,1677,4,,
3126.402,30704.0,76200300,WSL MemTotal-MemAvailable fallback,0,19557399,1677,4,,
3127.446,30704.0,76201664,WSL MemTotal-MemAvailable fallback,0,19557399,1677,4,,
3128.488,30704.0,76204028,WSL MemTotal-MemAvailable fallback,0,19557399,1677,4,,
3129.562,30704.0,76208092,WSL MemTotal-MemAvailable fallback,0,19557399,1677,4,,
3130.597,30704.0,76207476,WSL MemTotal-MemAvailable fallback,0,19557399,1677,4,,
3131.638,30704.0,76223092,WSL MemTotal-MemAvailable fallback,0,19557399,1677,4,,
3132.677,30704.0,76214720,WSL MemTotal-MemAvailable fallback,0,19557399,1677,4,,
3133.729,30704.0,76211052,WSL MemTotal-MemAvailable fallback,0,19557399,1677,4,,
3134.767,30704.0,76207712,WSL MemTotal-MemAvailable fallback,0,19557399,1677,4,,
3135.806,30704.0,76208580,WSL MemTotal-MemAvailable fallback,0,19557399,1677,4,,
3136.847,30704.0,76213352,WSL MemTotal-MemAvailable fallback,0,19557399,1677,4,,
3137.887,30704.0,76205200,WSL MemTotal-MemAvailable fallback,0,19557399,1677,4,,
3138.922,30704.0,76213876,WSL MemTotal-MemAvailable fallback,0,19557399,1677,4,,
3139.96,30704.0,76200108,WSL MemTotal-MemAvailable fallback,0,19557399,1677,4,,
3140.999,30704.0,76205212,WSL MemTotal-MemAvailable fallback,0,19557400,1677,4,,
3142.033,30704.0,76219440,WSL MemTotal-MemAvailable fallback,0,19557400,1677,4,,
3143.073,30704.0,76213068,WSL MemTotal-MemAvailable fallback,0,19557400,1677,4,,
3144.119,30704.0,76228092,WSL MemTotal-MemAvailable fallback,0,19557400,1677,4,,
3145.166,30704.0,76235524,WSL MemTotal-MemAvailable fallback,0,19557400,1677,4,,
3146.209,30704.0,76224664,WSL MemTotal-MemAvailable fallback,0,19557400,1677,4,,
3147.246,30704.0,76226664,WSL MemTotal-MemAvailable fallback,0,19557400,1677,4,,
3148.296,30704.0,76220324,WSL MemTotal-MemAvailable fallback,0,19557405,1677,4,,
3149.336,30704.0,76214144,WSL MemTotal-MemAvailable fallback,0,19557405,1677,4,,
3150.379,30703.0,76212900,WSL MemTotal-MemAvailable fallback,0,19557405,1677,4,,
3151.418,30704.0,76221768,WSL MemTotal-MemAvailable fallback,0,19557405,1677,4,,
3152.461,30704.0,76219724,WSL MemTotal-MemAvailable fallback,0,19557405,1677,4,,
3153.509,30704.0,76220696,WSL MemTotal-MemAvailable fallback,0,19557405,1677,4,,
3154.542,30704.0,76221936,WSL MemTotal-MemAvailable fallback,0,19557405,1677,4,,
3155.593,30704.0,76217984,WSL MemTotal-MemAvailable fallback,0,19557405,1677,4,,
3156.639,30709.0,76217644,WSL MemTotal-MemAvailable fallback,0,19557405,1677,4,,
3157.678,30709.0,76215184,WSL MemTotal-MemAvailable fallback,0,19557405,1677,4,,
3158.713,30710.0,76217556,WSL MemTotal-MemAvailable fallback,0,19557405,1677,4,,
3159.749,30710.0,76217120,WSL MemTotal-MemAvailable fallback,0,19557405,1677,4,,
3160.789,30709.0,76214000,WSL MemTotal-MemAvailable fallback,0,19557405,1677,4,,
3161.825,30704.0,76210744,WSL MemTotal-MemAvailable fallback,0,19557405,1677,4,,
3162.87,30704.0,76212096,WSL MemTotal-MemAvailable fallback,0,19557405,1677,4,,
3163.917,30704.0,76210320,WSL MemTotal-MemAvailable fallback,0,19557405,1677,4,,
3164.969,30704.0,76206784,WSL MemTotal-MemAvailable fallback,0,19557405,1677,4,,
3166.005,30704.0,76206644,WSL MemTotal-MemAvailable fallback,0,19557405,1677,4,,
3167.039,30704.0,76203000,WSL MemTotal-MemAvailable fallback,0,19557405,1677,4,,
3168.084,30704.0,76217900,WSL MemTotal-MemAvailable fallback,0,19557405,1677,4,,
3169.124,30704.0,76201152,WSL MemTotal-MemAvailable fallback,0,19557405,1677,4,,
3170.163,30705.0,76205124,WSL MemTotal-MemAvailable fallback,0,19557405,1677,4,,
3171.203,30712.0,76208820,WSL MemTotal-MemAvailable fallback,0,19557405,1677,4,,
3172.251,30712.0,76209256,WSL MemTotal-MemAvailable fallback,0,19557405,1677,4,,
3173.285,30712.0,76223708,WSL MemTotal-MemAvailable fallback,0,19557405,1677,4,,
3174.33,30712.0,76224236,WSL MemTotal-MemAvailable fallback,0,19557405,1677,4,,
3175.371,30712.0,76226628,WSL MemTotal-MemAvailable fallback,0,19557405,1677,4,,
3176.416,30710.0,76236120,WSL MemTotal-MemAvailable fallback,0,19557405,1677,4,,
3177.45,30709.0,76232364,WSL MemTotal-MemAvailable fallback,0,19557405,1677,4,,
3178.491,30709.0,76230628,WSL MemTotal-MemAvailable fallback,0,19557405,1677,4,,
3179.553,30709.0,76239876,WSL MemTotal-MemAvailable fallback,0,19557405,1677,4,,
3180.589,30709.0,76241472,WSL MemTotal-MemAvailable fallback,0,19557405,1677,4,,
3181.625,30709.0,76239344,WSL MemTotal-MemAvailable fallback,0,19557405,1677,4,,
3182.666,30704.0,76235260,WSL MemTotal-MemAvailable fallback,0,19557405,1677,4,,
3183.71,30704.0,76237136,WSL MemTotal-MemAvailable fallback,0,19557405,1677,4,,
3184.747,30704.0,76218872,WSL MemTotal-MemAvailable fallback,0,19557405,1677,4,,
3185.784,30704.0,76220996,WSL MemTotal-MemAvailable fallback,0,19557407,1677,4,,
3186.823,30704.0,76198292,WSL MemTotal-MemAvailable fallback,0,19557407,1677,4,,
3187.863,30704.0,76202508,WSL MemTotal-MemAvailable fallback,0,19557407,1677,4,,
3188.906,30704.0,76207552,WSL MemTotal-MemAvailable fallback,0,19557407,1677,4,,
3189.944,30704.0,76209908,WSL MemTotal-MemAvailable fallback,0,19557407,1677,4,,
3190.98,30704.0,76202804,WSL MemTotal-MemAvailable fallback,0,19557407,1677,4,,
3192.044,30704.0,76203052,WSL MemTotal-MemAvailable fallback,0,19557407,1677,4,,
3193.08,30704.0,76209712,WSL MemTotal-MemAvailable fallback,0,19557407,1677,4,,
3194.121,30704.0,76216324,WSL MemTotal-MemAvailable fallback,0,19557407,1677,4,,
3195.163,30704.0,76216772,WSL MemTotal-MemAvailable fallback,0,19557407,1677,4,,
3196.203,30704.0,76223812,WSL MemTotal-MemAvailable fallback,0,19557407,1677,4,,
3197.245,30704.0,76218068,WSL MemTotal-MemAvailable fallback,0,19557407,1677,4,,
3198.299,30704.0,76223104,WSL MemTotal-MemAvailable fallback,0,19557407,1677,4,,
3199.34,30704.0,76225004,WSL MemTotal-MemAvailable fallback,0,19557407,1677,4,,
3200.381,30704.0,76227152,WSL MemTotal-MemAvailable fallback,0,19557407,1677,4,,
3201.422,30704.0,76225980,WSL MemTotal-MemAvailable fallback,0,19557407,1677,4,,
3202.462,30704.0,76232288,WSL MemTotal-MemAvailable fallback,0,19557407,1677,4,,
3203.516,30704.0,76235788,WSL MemTotal-MemAvailable fallback,0,19557407,1677,4,,
3204.554,30704.0,76240712,WSL MemTotal-MemAvailable fallback,0,19557407,1677,4,,
3205.595,30704.0,76240832,WSL MemTotal-MemAvailable fallback,0,19557407,1677,4,,
3206.634,30704.0,76245568,WSL MemTotal-MemAvailable fallback,0,19557407,1677,4,,
3207.679,30704.0,76236376,WSL MemTotal-MemAvailable fallback,0,19557407,1677,4,,
3208.714,30704.0,76228456,WSL MemTotal-MemAvailable fallback,0,19557407,1677,4,,
3209.749,30704.0,76239772,WSL MemTotal-MemAvailable fallback,0,19557407,1677,4,,
3210.799,30704.0,76238208,WSL MemTotal-MemAvailable fallback,0,19557407,1677,4,,
3211.844,30704.0,76232400,WSL MemTotal-MemAvailable fallback,0,19557407,1677,4,,
3212.883,30704.0,76246404,WSL MemTotal-MemAvailable fallback,0,19557407,1677,4,,
3213.925,30704.0,76250484,WSL MemTotal-MemAvailable fallback,0,19557407,1677,4,,
3214.975,30704.0,76259672,WSL MemTotal-MemAvailable fallback,0,19557407,1677,4,,
3216.009,30704.0,76269892,WSL MemTotal-MemAvailable fallback,0,19557407,1677,4,,
3217.047,30704.0,76284864,WSL MemTotal-MemAvailable fallback,0,19557407,1677,4,,
3218.088,30704.0,76279868,WSL MemTotal-MemAvailable fallback,0,19557407,1677,4,,
3219.14,30704.0,76265924,WSL MemTotal-MemAvailable fallback,0,19557407,1677,4,,
3220.178,30704.0,76267212,WSL MemTotal-MemAvailable fallback,0,19557407,1677,4,,
3221.213,30704.0,76256520,WSL MemTotal-MemAvailable fallback,0,19557407,1677,4,,
3222.249,30704.0,76255236,WSL MemTotal-MemAvailable fallback,0,19557407,1677,4,,
3223.318,30704.0,76244624,WSL MemTotal-MemAvailable fallback,0,19557407,1677,4,,
3224.354,30704.0,76242964,WSL MemTotal-MemAvailable fallback,0,19557407,1677,4,,
3225.398,30704.0,76226152,WSL MemTotal-MemAvailable fallback,0,19557407,1677,4,,
3226.443,30704.0,76228868,WSL MemTotal-MemAvailable fallback,0,19557407,1677,4,,
3227.491,30704.0,76223060,WSL MemTotal-MemAvailable fallback,0,19557407,1677,4,,
3228.531,30704.0,76227484,WSL MemTotal-MemAvailable fallback,0,19557407,1677,4,,
3229.567,30704.0,76225920,WSL MemTotal-MemAvailable fallback,0,19557407,1677,4,,
3230.613,30704.0,76229304,WSL MemTotal-MemAvailable fallback,0,19557407,1677,4,,
3231.654,30704.0,76217412,WSL MemTotal-MemAvailable fallback,0,19557407,1677,4,,
3232.689,30704.0,76220732,WSL MemTotal-MemAvailable fallback,0,19557407,1677,4,,
3233.722,30704.0,76227912,WSL MemTotal-MemAvailable fallback,0,19557407,1677,4,,
3234.759,30704.0,76224892,WSL MemTotal-MemAvailable fallback,0,19557407,1677,4,,
3235.791,30704.0,76216720,WSL MemTotal-MemAvailable fallback,0,19557407,1677,4,,
3236.824,30704.0,76220408,WSL MemTotal-MemAvailable fallback,0,19557407,1677,4,,
3237.861,30704.0,76218660,WSL MemTotal-MemAvailable fallback,0,19557407,1677,4,,
3238.895,30704.0,76216368,WSL MemTotal-MemAvailable fallback,0,19557407,1677,4,,
3239.93,30704.0,76211356,WSL MemTotal-MemAvailable fallback,0,19557407,1677,4,,
3240.969,30704.0,76210068,WSL MemTotal-MemAvailable fallback,0,19557407,1677,4,,
3242.006,30704.0,76207068,WSL MemTotal-MemAvailable fallback,0,19557407,1677,4,,
3243.047,30704.0,76208176,WSL MemTotal-MemAvailable fallback,0,19557407,1677,4,,
3244.081,30707.0,76212472,WSL MemTotal-MemAvailable fallback,0,19557407,1677,4,,
3245.117,30706.0,76213152,WSL MemTotal-MemAvailable fallback,0,19557407,1677,4,,
3246.159,30706.0,76220396,WSL MemTotal-MemAvailable fallback,0,19557407,1677,4,,
3247.202,30706.0,76214744,WSL MemTotal-MemAvailable fallback,0,19557407,1677,4,,
3248.237,30707.0,76217580,WSL MemTotal-MemAvailable fallback,0,19557407,1677,4,,
3249.27,30704.0,76226004,WSL MemTotal-MemAvailable fallback,0,19557407,1677,4,,
3250.304,30704.0,76224528,WSL MemTotal-MemAvailable fallback,0,19557407,1677,4,,
3251.34,30704.0,76222576,WSL MemTotal-MemAvailable fallback,0,19557407,1677,4,,
3252.374,30704.0,76225124,WSL MemTotal-MemAvailable fallback,0,19557407,1677,4,,
3253.409,30704.0,76223692,WSL MemTotal-MemAvailable fallback,0,19557407,1677,4,,
3254.444,30704.0,76221016,WSL MemTotal-MemAvailable fallback,0,19557407,1677,4,,
3255.477,30704.0,76229496,WSL MemTotal-MemAvailable fallback,0,19557407,1677,4,,
3256.514,30704.0,76230844,WSL MemTotal-MemAvailable fallback,0,19557407,1677,4,,
3257.548,30704.0,76233028,WSL MemTotal-MemAvailable fallback,0,19557407,1677,4,,
3258.581,30698.0,76229988,WSL MemTotal-MemAvailable fallback,0,19557407,1677,4,,
3259.615,30698.0,76220148,WSL MemTotal-MemAvailable fallback,0,19557407,1677,4,,
3260.65,30704.0,76221948,WSL MemTotal-MemAvailable fallback,0,19557407,1677,4,,
3261.691,30704.0,76221696,WSL MemTotal-MemAvailable fallback,0,19557407,1677,4,,
3262.723,30704.0,76229400,WSL MemTotal-MemAvailable fallback,0,19557407,1677,4,,
3263.757,30704.0,76225768,WSL MemTotal-MemAvailable fallback,0,19557407,1677,4,,
3264.79,30704.0,76225372,WSL MemTotal-MemAvailable fallback,0,19557407,1677,4,,
3265.825,30704.0,76213144,WSL MemTotal-MemAvailable fallback,0,19557407,1677,4,,
3266.863,30704.0,76213660,WSL MemTotal-MemAvailable fallback,0,19557407,1677,4,,
3267.903,30704.0,76210228,WSL MemTotal-MemAvailable fallback,0,19557407,1677,4,,
3268.938,30704.0,76209276,WSL MemTotal-MemAvailable fallback,0,19557407,1677,4,,
3269.971,30698.0,76207972,WSL MemTotal-MemAvailable fallback,0,19557407,1677,4,,
3271.005,30698.0,76204312,WSL MemTotal-MemAvailable fallback,0,19557407,1677,4,,
3272.039,30704.0,76208204,WSL MemTotal-MemAvailable fallback,0,19557407,1677,4,,
3273.078,30704.0,76204948,WSL MemTotal-MemAvailable fallback,0,19557407,1677,4,,
3274.11,30704.0,76208308,WSL MemTotal-MemAvailable fallback,0,19557407,1677,4,,
3275.143,30704.0,76206216,WSL MemTotal-MemAvailable fallback,0,19557407,1677,4,,
3276.187,30704.0,76209588,WSL MemTotal-MemAvailable fallback,0,19557407,1677,4,,
3277.22,30704.0,76201000,WSL MemTotal-MemAvailable fallback,0,19557407,1677,4,,
3278.253,30704.0,76204120,WSL MemTotal-MemAvailable fallback,0,19557407,1677,4,,
3279.286,30704.0,76205640,WSL MemTotal-MemAvailable fallback,0,19557407,1677,4,,
3280.319,30705.0,76203820,WSL MemTotal-MemAvailable fallback,0,19557407,1677,4,,
3281.356,30706.0,76204496,WSL MemTotal-MemAvailable fallback,0,19557407,1677,4,,
3282.389,30706.0,76207956,WSL MemTotal-MemAvailable fallback,0,19557407,1677,4,,
3283.422,30706.0,76205920,WSL MemTotal-MemAvailable fallback,0,19557407,1677,4,,
3284.458,30707.0,76209796,WSL MemTotal-MemAvailable fallback,0,19557407,1677,4,,
3285.493,30705.0,76209660,WSL MemTotal-MemAvailable fallback,0,19557407,1677,4,,
3286.526,30704.0,76213284,WSL MemTotal-MemAvailable fallback,0,19557407,1677,4,,
3287.564,30704.0,76206768,WSL MemTotal-MemAvailable fallback,0,19557407,1677,4,,
3288.597,30704.0,76209844,WSL MemTotal-MemAvailable fallback,0,19557407,1677,4,,
3289.631,30704.0,76213300,WSL MemTotal-MemAvailable fallback,0,19557407,1677,4,,
3290.665,30704.0,76213832,WSL MemTotal-MemAvailable fallback,0,19557407,1677,4,,
3291.706,30704.0,76213080,WSL MemTotal-MemAvailable fallback,0,19557407,1677,4,,
3292.739,30704.0,76215120,WSL MemTotal-MemAvailable fallback,0,19557407,1677,4,,
3293.772,30699.0,76214868,WSL MemTotal-MemAvailable fallback,0,19557407,1677,4,,
3294.804,30699.0,76216832,WSL MemTotal-MemAvailable fallback,0,19557407,1677,4,,
3295.837,30698.0,76211796,WSL MemTotal-MemAvailable fallback,0,19557407,1677,4,,
3296.87,30704.0,76214540,WSL MemTotal-MemAvailable fallback,0,19557407,1677,4,,
3297.904,30704.0,76215264,WSL MemTotal-MemAvailable fallback,0,19557407,1677,4,,
3298.938,30704.0,76213992,WSL MemTotal-MemAvailable fallback,0,19557407,1677,4,,
3299.972,30704.0,76216852,WSL MemTotal-MemAvailable fallback,0,19557407,1677,4,,
3301.007,30704.0,76214692,WSL MemTotal-MemAvailable fallback,0,19557407,1677,4,,
3302.04,30698.0,76209872,WSL MemTotal-MemAvailable fallback,0,19557407,1677,4,,
3303.074,30698.0,76219452,WSL MemTotal-MemAvailable fallback,0,19557407,1677,4,,
3304.109,30698.0,76218432,WSL MemTotal-MemAvailable fallback,0,19557407,1677,4,,
3305.143,30704.0,76220364,WSL MemTotal-MemAvailable fallback,0,19557407,1677,4,,
3306.188,30704.0,76221572,WSL MemTotal-MemAvailable fallback,0,19557407,1677,4,,
3307.221,30704.0,76217488,WSL MemTotal-MemAvailable fallback,0,19557407,1677,4,,
3308.257,30704.0,76225836,WSL MemTotal-MemAvailable fallback,0,19557407,1677,4,,
3309.291,30704.0,76223336,WSL MemTotal-MemAvailable fallback,0,19557407,1677,4,,
3310.323,30704.0,76222708,WSL MemTotal-MemAvailable fallback,0,19557407,1677,4,,
3311.356,30704.0,76222324,WSL MemTotal-MemAvailable fallback,0,19557407,1677,4,,
3312.388,30704.0,76221256,WSL MemTotal-MemAvailable fallback,0,19557407,1677,4,,
3313.424,30704.0,76228180,WSL MemTotal-MemAvailable fallback,0,19557407,1677,4,,
3314.458,30704.0,76232616,WSL MemTotal-MemAvailable fallback,0,19557407,1677,4,,
3315.494,30704.0,76233024,WSL MemTotal-MemAvailable fallback,0,19557407,1677,4,,
3316.527,30704.0,76232800,WSL MemTotal-MemAvailable fallback,0,19557407,1677,4,,
3317.564,30704.0,76223124,WSL MemTotal-MemAvailable fallback,0,19557407,1677,4,,
3318.598,30704.0,76225004,WSL MemTotal-MemAvailable fallback,0,19557407,1677,4,,
3319.631,30704.0,76225880,WSL MemTotal-MemAvailable fallback,0,19557407,1677,4,,
3320.665,30704.0,76215340,WSL MemTotal-MemAvailable fallback,0,19557407,1677,4,,
3321.711,30704.0,76211684,WSL MemTotal-MemAvailable fallback,0,19557407,1677,4,,
3322.744,30699.0,76215776,WSL MemTotal-MemAvailable fallback,0,19557407,1677,4,,
3323.777,30698.0,76218412,WSL MemTotal-MemAvailable fallback,0,19557407,1677,4,,
3324.81,30704.0,76216312,WSL MemTotal-MemAvailable fallback,0,19557407,1677,4,,
3325.843,30704.0,76211712,WSL MemTotal-MemAvailable fallback,0,19557407,1677,4,,
3326.876,30704.0,76213168,WSL MemTotal-MemAvailable fallback,0,19557407,1677,4,,
3327.911,30704.0,76208672,WSL MemTotal-MemAvailable fallback,0,19557407,1677,4,,
3328.945,30704.0,76212380,WSL MemTotal-MemAvailable fallback,0,19557407,1677,4,,
3329.979,30704.0,76211716,WSL MemTotal-MemAvailable fallback,0,19557407,1677,4,,
3331.015,30704.0,76208292,WSL MemTotal-MemAvailable fallback,0,19557407,1677,4,,
3332.05,30704.0,76211928,WSL MemTotal-MemAvailable fallback,0,19557407,1677,4,,
3333.083,30704.0,76211300,WSL MemTotal-MemAvailable fallback,0,19557407,1677,4,,
3334.117,30704.0,76211772,WSL MemTotal-MemAvailable fallback,0,19557407,1677,4,,
3335.15,30704.0,76212248,WSL MemTotal-MemAvailable fallback,0,19557407,1677,4,,
3336.19,30704.0,76213732,WSL MemTotal-MemAvailable fallback,0,19557407,1677,4,,
3337.225,30704.0,76206996,WSL MemTotal-MemAvailable fallback,0,19557407,1677,4,,
3338.259,30704.0,76209512,WSL MemTotal-MemAvailable fallback,0,19557407,1677,4,,
3339.293,30704.0,76216076,WSL MemTotal-MemAvailable fallback,0,19557407,1677,4,,
3340.329,30704.0,76215760,WSL MemTotal-MemAvailable fallback,0,19557407,1677,4,,
3341.362,30704.0,76217068,WSL MemTotal-MemAvailable fallback,0,19557407,1677,4,,
3342.4,30704.0,76205144,WSL MemTotal-MemAvailable fallback,0,19557407,1677,4,,
3343.436,30704.0,76216616,WSL MemTotal-MemAvailable fallback,0,19557407,1677,4,,
3344.47,30704.0,76218116,WSL MemTotal-MemAvailable fallback,0,19557407,1677,4,,
3345.504,30698.0,76223692,WSL MemTotal-MemAvailable fallback,0,19557407,1677,4,,
3346.538,30698.0,76215152,WSL MemTotal-MemAvailable fallback,0,19557407,1677,4,,
3347.572,30698.0,76218640,WSL MemTotal-MemAvailable fallback,0,19557407,1677,4,,
3348.613,30704.0,76205604,WSL MemTotal-MemAvailable fallback,0,19557407,1677,4,,
3349.649,30704.0,76206656,WSL MemTotal-MemAvailable fallback,0,19557407,1677,4,,
3350.683,30704.0,76210604,WSL MemTotal-MemAvailable fallback,0,19557407,1677,4,,
3351.724,30704.0,76205720,WSL MemTotal-MemAvailable fallback,0,19557407,1677,4,,
3352.757,30704.0,76207300,WSL MemTotal-MemAvailable fallback,0,19557407,1677,4,,
3353.795,30706.0,76204528,WSL MemTotal-MemAvailable fallback,0,19557407,1677,4,,
3354.828,30706.0,76206424,WSL MemTotal-MemAvailable fallback,0,19557407,1677,4,,
3355.862,30706.0,76211092,WSL MemTotal-MemAvailable fallback,0,19557407,1677,4,,
3356.897,30706.0,76204984,WSL MemTotal-MemAvailable fallback,0,19557407,1677,4,,
3357.93,30706.0,76208340,WSL MemTotal-MemAvailable fallback,0,19557407,1677,4,,
3358.968,30704.0,76217988,WSL MemTotal-MemAvailable fallback,0,19557407,1677,4,,
3360.001,30704.0,76210620,WSL MemTotal-MemAvailable fallback,0,19557407,1677,4,,
3361.034,30704.0,76213084,WSL MemTotal-MemAvailable fallback,0,19557407,1677,4,,
3362.068,30704.0,76211116,WSL MemTotal-MemAvailable fallback,0,19557407,1677,4,,
3363.101,30704.0,76212036,WSL MemTotal-MemAvailable fallback,0,19557407,1677,4,,
3364.135,30704.0,76212080,WSL MemTotal-MemAvailable fallback,0,19557407,1677,4,,
3365.169,30704.0,76206892,WSL MemTotal-MemAvailable fallback,0,19557407,1677,4,,
3366.223,30698.0,76206328,WSL MemTotal-MemAvailable fallback,0,19557407,1677,4,,
3367.262,30698.0,76206812,WSL MemTotal-MemAvailable fallback,0,19557407,1677,4,,
3368.299,30704.0,76215668,WSL MemTotal-MemAvailable fallback,0,19557407,1677,4,,
3369.334,30704.0,76212836,WSL MemTotal-MemAvailable fallback,0,19557407,1677,4,,
3370.368,30704.0,76213764,WSL MemTotal-MemAvailable fallback,0,19557407,1677,4,,
3371.4,30704.0,76228872,WSL MemTotal-MemAvailable fallback,0,19557407,1677,4,,
3372.434,30704.0,76216724,WSL MemTotal-MemAvailable fallback,0,19557407,1677,4,,
3373.469,30704.0,76217640,WSL MemTotal-MemAvailable fallback,0,19557407,1677,4,,
3374.502,30704.0,76232896,WSL MemTotal-MemAvailable fallback,0,19557407,1677,4,,
3375.536,30704.0,76215536,WSL MemTotal-MemAvailable fallback,0,19557407,1677,4,,
3376.572,30704.0,76206776,WSL MemTotal-MemAvailable fallback,0,19557407,1677,4,,
3377.607,30704.0,76219572,WSL MemTotal-MemAvailable fallback,0,19557407,1677,4,,
3378.641,30704.0,76228072,WSL MemTotal-MemAvailable fallback,0,19557407,1677,4,,
3379.675,30704.0,76215540,WSL MemTotal-MemAvailable fallback,0,19557407,1677,4,,
3380.708,30704.0,76200096,WSL MemTotal-MemAvailable fallback,0,19557407,1677,4,,
3381.75,30704.0,76205832,WSL MemTotal-MemAvailable fallback,0,19557407,1677,4,,
3382.783,30704.0,76202104,WSL MemTotal-MemAvailable fallback,0,19557407,1677,4,,
3383.815,30704.0,76199428,WSL MemTotal-MemAvailable fallback,0,19557407,1677,4,,
3384.85,30704.0,76215388,WSL MemTotal-MemAvailable fallback,0,19557407,1677,4,,
3385.883,30704.0,76224100,WSL MemTotal-MemAvailable fallback,0,19557407,1677,4,,
3386.916,30704.0,76218556,WSL MemTotal-MemAvailable fallback,0,19557407,1677,4,,
3387.95,30704.0,76221020,WSL MemTotal-MemAvailable fallback,0,19557407,1677,4,,
3388.983,30704.0,76222108,WSL MemTotal-MemAvailable fallback,0,19557407,1677,4,,
3390.017,30704.0,76217768,WSL MemTotal-MemAvailable fallback,0,19557407,1677,4,,
3391.054,30704.0,76220596,WSL MemTotal-MemAvailable fallback,0,19557407,1677,4,,
3392.089,30704.0,76211788,WSL MemTotal-MemAvailable fallback,0,19557407,1677,4,,
3393.123,30704.0,76214040,WSL MemTotal-MemAvailable fallback,0,19557407,1677,4,,
3394.161,30704.0,76215616,WSL MemTotal-MemAvailable fallback,0,19557407,1677,4,,
3395.194,30704.0,76211660,WSL MemTotal-MemAvailable fallback,0,19557407,1677,4,,
3396.256,30704.0,76201124,WSL MemTotal-MemAvailable fallback,0,19557407,1677,4,,
3397.303,30704.0,76197868,WSL MemTotal-MemAvailable fallback,0,19557407,1677,4,,
3398.336,30704.0,76195952,WSL MemTotal-MemAvailable fallback,0,19557407,1677,4,,
3399.372,30704.0,76197900,WSL MemTotal-MemAvailable fallback,0,19557407,1677,4,,
3400.404,30705.0,76204732,WSL MemTotal-MemAvailable fallback,0,19557407,1677,4,,
3401.437,30704.0,76204920,WSL MemTotal-MemAvailable fallback,0,19557407,1677,4,,
3402.47,30704.0,76194220,WSL MemTotal-MemAvailable fallback,0,19557407,1677,4,,
3403.505,30704.0,76198380,WSL MemTotal-MemAvailable fallback,0,19557407,1677,4,,
3404.543,30704.0,76193944,WSL MemTotal-MemAvailable fallback,0,19557407,1677,4,,
3405.577,30704.0,76194296,WSL MemTotal-MemAvailable fallback,0,19557407,1677,4,,
3406.61,30704.0,76198812,WSL MemTotal-MemAvailable fallback,0,19557407,1677,4,,
3407.643,30705.0,76204660,WSL MemTotal-MemAvailable fallback,0,19557407,1677,4,,
3408.682,30704.0,76206508,WSL MemTotal-MemAvailable fallback,0,19557407,1677,4,,
3409.717,30704.0,76201460,WSL MemTotal-MemAvailable fallback,0,19557407,1677,4,,
3410.751,30699.0,76206152,WSL MemTotal-MemAvailable fallback,0,19557407,1677,4,,
3411.796,30699.0,76207720,WSL MemTotal-MemAvailable fallback,0,19557407,1677,4,,
3412.829,30705.0,76214060,WSL MemTotal-MemAvailable fallback,0,19557407,1677,4,,
3413.863,30705.0,76209924,WSL MemTotal-MemAvailable fallback,0,19557407,1677,4,,
3414.895,30704.0,76220872,WSL MemTotal-MemAvailable fallback,0,19557407,1677,4,,
3415.931,30704.0,76199464,WSL MemTotal-MemAvailable fallback,0,19557407,1677,4,,
3416.966,30704.0,76195612,WSL MemTotal-MemAvailable fallback,0,19557407,1677,4,,
3418.0,30704.0,76202508,WSL MemTotal-MemAvailable fallback,0,19557407,1677,4,,
3419.034,30704.0,76220472,WSL MemTotal-MemAvailable fallback,0,19557407,1677,4,,
3420.067,30705.0,76232060,WSL MemTotal-MemAvailable fallback,0,19557407,1677,4,,
3421.102,30704.0,76214892,WSL MemTotal-MemAvailable fallback,0,19557407,1677,4,,
3422.136,30705.0,76219000,WSL MemTotal-MemAvailable fallback,0,19557407,1677,4,,
3423.17,30705.0,76216756,WSL MemTotal-MemAvailable fallback,0,19557407,1677,4,,
3424.205,30705.0,76217204,WSL MemTotal-MemAvailable fallback,0,19557407,1677,4,,
3425.24,30705.0,76214972,WSL MemTotal-MemAvailable fallback,0,19557407,1677,4,,
3426.283,30705.0,76215428,WSL MemTotal-MemAvailable fallback,0,19557407,1677,4,,
3427.321,30710.0,76199048,WSL MemTotal-MemAvailable fallback,0,19557407,1677,4,,
3428.354,30710.0,76216560,WSL MemTotal-MemAvailable fallback,0,19557407,1677,4,,
3429.387,30710.0,76221480,WSL MemTotal-MemAvailable fallback,0,19557407,1677,4,,
3430.418,30710.0,76227976,WSL MemTotal-MemAvailable fallback,0,19557407,1677,4,,
3431.452,30710.0,76220324,WSL MemTotal-MemAvailable fallback,0,19557407,1677,4,,
3432.486,30705.0,76234684,WSL MemTotal-MemAvailable fallback,0,19557407,1677,4,,
3433.522,30704.0,76211780,WSL MemTotal-MemAvailable fallback,0,19557407,1677,4,,
3434.565,30705.0,76222360,WSL MemTotal-MemAvailable fallback,0,19557407,1677,4,,
3435.597,30705.0,76225932,WSL MemTotal-MemAvailable fallback,0,19557407,1677,4,,
3436.631,30704.0,76220100,WSL MemTotal-MemAvailable fallback,0,19557407,1677,4,,
3437.664,30704.0,76221508,WSL MemTotal-MemAvailable fallback,0,19557407,1677,4,,
3438.696,30704.0,76237068,WSL MemTotal-MemAvailable fallback,0,19557407,1677,4,,
3439.729,30704.0,76217656,WSL MemTotal-MemAvailable fallback,0,19557407,1677,4,,
3440.765,30704.0,76218972,WSL MemTotal-MemAvailable fallback,0,19557407,1677,4,,
3441.806,30704.0,76223356,WSL MemTotal-MemAvailable fallback,0,19557407,1677,4,,
3442.839,30704.0,76230320,WSL MemTotal-MemAvailable fallback,0,19557407,1677,4,,
3443.872,30704.0,76229360,WSL MemTotal-MemAvailable fallback,0,19557407,1677,4,,
3444.905,30704.0,76229588,WSL MemTotal-MemAvailable fallback,0,19557407,1677,4,,
3445.943,30704.0,76226504,WSL MemTotal-MemAvailable fallback,0,19557407,1677,4,,
3446.978,30704.0,76215948,WSL MemTotal-MemAvailable fallback,0,19557407,1677,4,,
3448.012,30704.0,76214200,WSL MemTotal-MemAvailable fallback,0,19557407,1677,4,,
3449.045,30704.0,76216284,WSL MemTotal-MemAvailable fallback,0,19557407,1677,4,,
3450.078,30704.0,76230092,WSL MemTotal-MemAvailable fallback,0,19557407,1677,4,,
3451.11,30704.0,76215656,WSL MemTotal-MemAvailable fallback,0,19557407,1677,4,,
3452.143,30704.0,76217740,WSL MemTotal-MemAvailable fallback,0,19557407,1677,4,,
3453.177,30704.0,76208364,WSL MemTotal-MemAvailable fallback,0,19557407,1677,4,,
3454.21,30704.0,76214424,WSL MemTotal-MemAvailable fallback,0,19557407,1677,4,,
3455.244,30704.0,76217952,WSL MemTotal-MemAvailable fallback,0,19557407,1677,4,,
3456.295,30704.0,76210100,WSL MemTotal-MemAvailable fallback,0,19557407,1677,4,,
3457.33,30704.0,76210112,WSL MemTotal-MemAvailable fallback,0,19557407,1677,4,,
3458.363,30704.0,76213956,WSL MemTotal-MemAvailable fallback,0,19557407,1677,4,,
3459.397,30704.0,76228136,WSL MemTotal-MemAvailable fallback,0,19557407,1677,4,,
3460.44,30704.0,76227128,WSL MemTotal-MemAvailable fallback,0,19557407,1677,4,,
3461.473,30704.0,76220756,WSL MemTotal-MemAvailable fallback,0,19557407,1677,4,,
3462.507,30704.0,76211300,WSL MemTotal-MemAvailable fallback,0,19557407,1677,4,,
3463.541,30704.0,76224672,WSL MemTotal-MemAvailable fallback,0,19557407,1677,4,,
3464.576,30704.0,76221116,WSL MemTotal-MemAvailable fallback,0,19557407,1677,4,,
3465.61,30704.0,76228200,WSL MemTotal-MemAvailable fallback,0,19557407,1677,4,,
3466.643,30704.0,76243420,WSL MemTotal-MemAvailable fallback,0,19557407,1677,4,,
3467.682,30704.0,76243908,WSL MemTotal-MemAvailable fallback,0,19557407,1677,4,,
3468.716,30704.0,76236276,WSL MemTotal-MemAvailable fallback,0,19557407,1677,4,,
3469.749,30704.0,76232032,WSL MemTotal-MemAvailable fallback,0,19557407,1677,4,,
3470.786,30704.0,76224752,WSL MemTotal-MemAvailable fallback,0,19557407,1677,4,,
3471.825,30704.0,76224852,WSL MemTotal-MemAvailable fallback,0,19557407,1677,4,,
3472.859,30704.0,76221068,WSL MemTotal-MemAvailable fallback,0,19557407,1677,4,,
3473.891,30704.0,76210796,WSL MemTotal-MemAvailable fallback,0,19557407,1677,4,,
3474.925,30704.0,76218416,WSL MemTotal-MemAvailable fallback,0,19557407,1677,4,,
3475.958,30704.0,76232840,WSL MemTotal-MemAvailable fallback,0,19557407,1677,4,,
3476.994,30704.0,76222928,WSL MemTotal-MemAvailable fallback,0,19557407,1677,4,,
3478.027,30704.0,76211916,WSL MemTotal-MemAvailable fallback,0,19557407,1677,4,,
3479.069,30704.0,76212360,WSL MemTotal-MemAvailable fallback,0,19557407,1677,4,,
3480.103,30704.0,76206000,WSL MemTotal-MemAvailable fallback,0,19557407,1677,4,,
3481.137,30704.0,76207280,WSL MemTotal-MemAvailable fallback,0,19557407,1677,4,,
3482.17,30704.0,76210724,WSL MemTotal-MemAvailable fallback,0,19557407,1677,4,,
3483.204,30704.0,76213792,WSL MemTotal-MemAvailable fallback,0,19557407,1677,4,,
3484.237,30704.0,76211884,WSL MemTotal-MemAvailable fallback,0,19557407,1677,4,,
3485.27,30704.0,76205580,WSL MemTotal-MemAvailable fallback,0,19557407,1677,4,,
3486.314,30704.0,76198744,WSL MemTotal-MemAvailable fallback,0,19557407,1677,4,,
3487.369,30704.0,76201856,WSL MemTotal-MemAvailable fallback,0,19557407,1677,4,,
3488.404,30704.0,76204368,WSL MemTotal-MemAvailable fallback,0,19557407,1677,4,,
3489.437,30704.0,76207992,WSL MemTotal-MemAvailable fallback,0,19557407,1677,4,,
3490.47,30704.0,76207288,WSL MemTotal-MemAvailable fallback,0,19557407,1677,4,,
3491.504,30705.0,76203240,WSL MemTotal-MemAvailable fallback,0,19557407,1677,4,,
3492.536,30705.0,76201536,WSL MemTotal-MemAvailable fallback,0,19557407,1677,4,,
3493.57,30705.0,76204752,WSL MemTotal-MemAvailable fallback,0,19557407,1677,4,,
3494.604,30705.0,76207056,WSL MemTotal-MemAvailable fallback,0,19557407,1677,4,,
3495.638,30705.0,76198528,WSL MemTotal-MemAvailable fallback,0,19557407,1677,4,,
3496.671,30705.0,76200560,WSL MemTotal-MemAvailable fallback,0,19557407,1677,4,,
3497.704,30704.0,76198740,WSL MemTotal-MemAvailable fallback,0,19557407,1677,4,,
3498.738,30699.0,76199472,WSL MemTotal-MemAvailable fallback,0,19557407,1677,4,,
3499.774,30698.0,76197048,WSL MemTotal-MemAvailable fallback,0,19557407,1677,4,,
3500.81,30698.0,76199160,WSL MemTotal-MemAvailable fallback,0,19557407,1677,4,,
3501.854,30698.0,76209948,WSL MemTotal-MemAvailable fallback,0,19557407,1677,4,,
3502.889,30698.0,76206924,WSL MemTotal-MemAvailable fallback,0,19557407,1677,4,,
3503.922,30724.0,76210712,WSL MemTotal-MemAvailable fallback,0,19557407,1677,4,,
3504.959,30717.0,76210192,WSL MemTotal-MemAvailable fallback,0,19557407,1677,4,,
3505.993,30700.0,76222496,WSL MemTotal-MemAvailable fallback,0,19557407,1677,4,,
3507.026,30700.0,76224692,WSL MemTotal-MemAvailable fallback,0,19557407,1677,4,,
3508.06,30700.0,76234268,WSL MemTotal-MemAvailable fallback,0,19557407,1677,4,,
3509.093,30698.0,76234240,WSL MemTotal-MemAvailable fallback,0,19557407,1677,4,,
3510.127,30698.0,76232060,WSL MemTotal-MemAvailable fallback,0,19557407,1677,4,,
3511.165,30698.0,76226416,WSL MemTotal-MemAvailable fallback,0,19557407,1677,4,,
3512.2,30698.0,76229780,WSL MemTotal-MemAvailable fallback,0,19557407,1677,4,,
3513.233,30698.0,76232396,WSL MemTotal-MemAvailable fallback,0,19557407,1677,4,,
3514.267,30706.0,76224348,WSL MemTotal-MemAvailable fallback,0,19557407,1677,4,,
3515.301,30706.0,76224032,WSL MemTotal-MemAvailable fallback,0,19557407,1677,4,,
3516.351,30702.0,76216340,WSL MemTotal-MemAvailable fallback,0,19557407,1677,4,,
3517.388,30700.0,76212684,WSL MemTotal-MemAvailable fallback,0,19557407,1677,4,,
3518.422,30700.0,76201176,WSL MemTotal-MemAvailable fallback,0,19557407,1677,4,,
3519.454,30698.0,76208736,WSL MemTotal-MemAvailable fallback,0,19557407,1677,4,,
3520.487,30698.0,76211004,WSL MemTotal-MemAvailable fallback,0,19557407,1677,4,,
3521.519,30698.0,76212484,WSL MemTotal-MemAvailable fallback,0,19557407,1677,4,,
3522.558,30697.0,76206296,WSL MemTotal-MemAvailable fallback,0,19557407,1677,4,,
3523.594,30697.0,76208696,WSL MemTotal-MemAvailable fallback,0,19557407,1677,4,,
3524.627,30698.0,76204928,WSL MemTotal-MemAvailable fallback,0,19557407,1677,4,,
3525.661,30697.0,76207172,WSL MemTotal-MemAvailable fallback,0,19557407,1677,4,,
3526.696,30697.0,76213804,WSL MemTotal-MemAvailable fallback,0,19557407,1677,4,,
3527.729,30697.0,76215564,WSL MemTotal-MemAvailable fallback,0,19557407,1677,4,,
3528.765,30698.0,76214144,WSL MemTotal-MemAvailable fallback,0,19557407,1677,4,,
3529.803,30697.0,76206916,WSL MemTotal-MemAvailable fallback,0,19557407,1677,4,,
3530.835,30697.0,76206900,WSL MemTotal-MemAvailable fallback,0,19557407,1677,4,,
3531.869,30698.0,76210224,WSL MemTotal-MemAvailable fallback,0,19557407,1677,4,,
3532.902,30697.0,76197392,WSL MemTotal-MemAvailable fallback,0,19557407,1677,4,,
3533.934,30698.0,76204332,WSL MemTotal-MemAvailable fallback,0,19557407,1677,4,,
3534.967,30698.0,76195996,WSL MemTotal-MemAvailable fallback,0,19557407,1677,4,,
3536.001,30698.0,76207148,WSL MemTotal-MemAvailable fallback,0,19557407,1677,4,,
3537.035,30698.0,76211540,WSL MemTotal-MemAvailable fallback,0,19557407,1677,4,,
3538.067,30698.0,76208440,WSL MemTotal-MemAvailable fallback,0,19557407,1677,4,,
3539.101,30698.0,76203004,WSL MemTotal-MemAvailable fallback,0,19557407,1677,4,,
3540.134,30698.0,76205400,WSL MemTotal-MemAvailable fallback,0,19557407,1677,4,,
3541.167,30697.0,76203384,WSL MemTotal-MemAvailable fallback,0,19557407,1677,4,,
3542.201,30698.0,76200012,WSL MemTotal-MemAvailable fallback,0,19557407,1677,4,,
3543.237,30698.0,76202404,WSL MemTotal-MemAvailable fallback,0,19557407,1677,4,,
3544.271,30698.0,76203680,WSL MemTotal-MemAvailable fallback,0,19557407,1677,4,,
3545.306,30698.0,76200652,WSL MemTotal-MemAvailable fallback,0,19557407,1677,4,,
3546.345,30698.0,76193764,WSL MemTotal-MemAvailable fallback,0,19557408,1677,4,,
3547.38,30698.0,76199784,WSL MemTotal-MemAvailable fallback,0,19557408,1677,4,,
3548.414,30698.0,76196084,WSL MemTotal-MemAvailable fallback,0,19557408,1677,4,,
3549.447,30698.0,76195888,WSL MemTotal-MemAvailable fallback,0,19557408,1677,4,,
3550.48,30698.0,76194792,WSL MemTotal-MemAvailable fallback,0,19557408,1677,4,,
3551.513,30698.0,76201964,WSL MemTotal-MemAvailable fallback,0,19557408,1677,4,,
3552.546,30698.0,76205772,WSL MemTotal-MemAvailable fallback,0,19557408,1677,4,,
3553.582,30698.0,76212464,WSL MemTotal-MemAvailable fallback,0,19557408,1677,4,,
3554.617,30698.0,76207892,WSL MemTotal-MemAvailable fallback,0,19557408,1677,4,,
3555.651,30698.0,76204492,WSL MemTotal-MemAvailable fallback,0,19557408,1677,4,,
3556.684,30698.0,76199176,WSL MemTotal-MemAvailable fallback,0,19557408,1677,4,,
3557.718,30698.0,76206248,WSL MemTotal-MemAvailable fallback,0,19557408,1677,4,,
3558.752,30698.0,76206440,WSL MemTotal-MemAvailable fallback,0,19557408,1677,4,,
3559.788,30698.0,76212808,WSL MemTotal-MemAvailable fallback,0,19557408,1677,4,,
3560.821,30698.0,76211628,WSL MemTotal-MemAvailable fallback,0,19557408,1677,4,,
3561.86,30698.0,76213212,WSL MemTotal-MemAvailable fallback,0,19557409,1677,4,,
3562.893,30698.0,76213916,WSL MemTotal-MemAvailable fallback,0,19557409,1677,4,,
3563.929,30698.0,76210156,WSL MemTotal-MemAvailable fallback,0,19557409,1677,4,,
3564.963,30698.0,76213700,WSL MemTotal-MemAvailable fallback,0,19557409,1677,4,,
3565.996,30698.0,76228096,WSL MemTotal-MemAvailable fallback,0,19557409,1677,4,,
3567.029,30698.0,76226504,WSL MemTotal-MemAvailable fallback,0,19557409,1677,4,,
3568.063,30698.0,76219736,WSL MemTotal-MemAvailable fallback,0,19557409,1677,4,,
3569.097,30698.0,76219984,WSL MemTotal-MemAvailable fallback,0,19557409,1677,4,,
3570.13,30698.0,76221732,WSL MemTotal-MemAvailable fallback,0,19557409,1677,4,,
3571.164,30698.0,76224156,WSL MemTotal-MemAvailable fallback,0,19557409,1677,4,,
3572.197,30698.0,76213444,WSL MemTotal-MemAvailable fallback,0,19557409,1677,4,,
3573.235,30699.0,76209212,WSL MemTotal-MemAvailable fallback,0,19557409,1677,4,,
3574.267,30699.0,76211984,WSL MemTotal-MemAvailable fallback,0,19557409,1677,4,,
3575.301,30699.0,76209016,WSL MemTotal-MemAvailable fallback,0,19557409,1677,4,,
3576.342,30699.0,76210492,WSL MemTotal-MemAvailable fallback,0,19557409,1677,4,,
3577.383,30699.0,76204964,WSL MemTotal-MemAvailable fallback,0,19557409,1677,4,,
3578.415,30698.0,76205460,WSL MemTotal-MemAvailable fallback,0,19557409,1677,4,,
3579.45,30698.0,76203676,WSL MemTotal-MemAvailable fallback,0,19557409,1677,4,,
3580.485,30698.0,76207132,WSL MemTotal-MemAvailable fallback,0,19557409,1677,4,,
3581.518,30698.0,76205856,WSL MemTotal-MemAvailable fallback,0,19557409,1677,4,,
3582.553,30698.0,76205400,WSL MemTotal-MemAvailable fallback,0,19557409,1677,4,,
3583.589,30698.0,76202596,WSL MemTotal-MemAvailable fallback,0,19557409,1677,4,,
3584.622,30698.0,76197544,WSL MemTotal-MemAvailable fallback,0,19557409,1677,4,,
3585.657,30698.0,76200800,WSL MemTotal-MemAvailable fallback,0,19557409,1677,4,,
3586.691,30698.0,76200696,WSL MemTotal-MemAvailable fallback,0,19557409,1677,4,,
3587.735,30698.0,76200420,WSL MemTotal-MemAvailable fallback,0,19557409,1677,4,,
3588.769,30698.0,76203676,WSL MemTotal-MemAvailable fallback,0,19557409,1677,4,,
3589.804,30698.0,76209608,WSL MemTotal-MemAvailable fallback,0,19557409,1677,4,,
3590.838,30698.0,76206504,WSL MemTotal-MemAvailable fallback,0,19557409,1677,4,,
3591.88,30698.0,76224832,WSL MemTotal-MemAvailable fallback,0,19557409,1677,4,,
3592.914,30698.0,76212072,WSL MemTotal-MemAvailable fallback,0,19557409,1677,4,,
3593.949,30698.0,76211316,WSL MemTotal-MemAvailable fallback,0,19557409,1677,4,,
3594.983,30698.0,76209484,WSL MemTotal-MemAvailable fallback,0,19557409,1677,4,,
3596.016,30698.0,76217508,WSL MemTotal-MemAvailable fallback,0,19557409,1677,4,,
3597.05,30698.0,76215240,WSL MemTotal-MemAvailable fallback,0,19557409,1677,4,,
3598.083,30698.0,76259060,WSL MemTotal-MemAvailable fallback,0,19557409,1677,4,,
3599.123,30698.0,76239716,WSL MemTotal-MemAvailable fallback,0,19557409,1677,4,,
3600.156,30698.0,76235440,WSL MemTotal-MemAvailable fallback,0,19557409,1677,4,,
3601.191,30698.0,76234524,WSL MemTotal-MemAvailable fallback,0,19557409,1677,4,,
3602.226,30698.0,76228368,WSL MemTotal-MemAvailable fallback,0,19557409,1677,4,,
3603.259,30698.0,76231276,WSL MemTotal-MemAvailable fallback,0,19557409,1677,4,,
3604.292,30698.0,76244560,WSL MemTotal-MemAvailable fallback,0,19557409,1677,4,,
3605.326,30698.0,76257268,WSL MemTotal-MemAvailable fallback,0,19557409,1677,4,,
3606.374,30698.0,76258652,WSL MemTotal-MemAvailable fallback,0,19557409,1677,4,,
3607.433,30698.0,76265944,WSL MemTotal-MemAvailable fallback,0,19557409,1677,4,,
3608.465,30698.0,76261872,WSL MemTotal-MemAvailable fallback,0,19557409,1677,4,,
3609.497,30698.0,76259668,WSL MemTotal-MemAvailable fallback,0,19557409,1677,4,,
3610.53,30698.0,76271592,WSL MemTotal-MemAvailable fallback,0,19557409,1677,4,,
3611.563,30698.0,76267172,WSL MemTotal-MemAvailable fallback,0,19557409,1677,4,,
3612.602,30698.0,76263560,WSL MemTotal-MemAvailable fallback,0,19557409,1677,4,,
3613.637,30698.0,76259784,WSL MemTotal-MemAvailable fallback,0,19557409,1677,4,,
3614.67,30698.0,76254180,WSL MemTotal-MemAvailable fallback,0,19557409,1677,4,,
3615.703,30698.0,76249404,WSL MemTotal-MemAvailable fallback,0,19557409,1677,4,,
3616.737,30698.0,76246732,WSL MemTotal-MemAvailable fallback,0,19557409,1677,4,,
3617.77,30698.0,76231108,WSL MemTotal-MemAvailable fallback,0,19557409,1677,4,,
3618.804,30698.0,76243880,WSL MemTotal-MemAvailable fallback,0,19557409,1677,4,,
3619.838,30698.0,76239164,WSL MemTotal-MemAvailable fallback,0,19557409,1677,4,,
3620.871,30698.0,76235220,WSL MemTotal-MemAvailable fallback,0,19557409,1677,4,,
3621.904,30698.0,76223768,WSL MemTotal-MemAvailable fallback,0,19557409,1677,4,,
3622.937,30698.0,76225008,WSL MemTotal-MemAvailable fallback,0,19557409,1677,4,,
3623.971,30698.0,76216780,WSL MemTotal-MemAvailable fallback,0,19557409,1677,4,,
3625.004,30698.0,76217304,WSL MemTotal-MemAvailable fallback,0,19557409,1677,4,,
3626.037,30698.0,76215552,WSL MemTotal-MemAvailable fallback,0,19557409,1677,4,,
3627.073,30698.0,76205616,WSL MemTotal-MemAvailable fallback,0,19557409,1677,4,,
3628.107,30698.0,76206532,WSL MemTotal-MemAvailable fallback,0,19557409,1677,4,,
3629.141,30698.0,76205744,WSL MemTotal-MemAvailable fallback,0,19557409,1677,4,,
3630.174,30698.0,76208916,WSL MemTotal-MemAvailable fallback,0,19557409,1677,4,,
3631.211,30698.0,76208448,WSL MemTotal-MemAvailable fallback,0,19557409,1677,4,,
3632.245,30698.0,76213544,WSL MemTotal-MemAvailable fallback,0,19557409,1677,4,,
3633.282,30698.0,76210900,WSL MemTotal-MemAvailable fallback,0,19557409,1677,4,,
3634.322,30698.0,76207524,WSL MemTotal-MemAvailable fallback,0,19557409,1677,4,,
3635.358,30698.0,76210464,WSL MemTotal-MemAvailable fallback,0,19557409,1677,4,,
3636.417,30698.0,76204968,WSL MemTotal-MemAvailable fallback,0,19557409,1677,4,,
3637.453,30698.0,76203708,WSL MemTotal-MemAvailable fallback,0,19557409,1677,4,,
3638.486,30698.0,76208160,WSL MemTotal-MemAvailable fallback,0,19557409,1677,4,,
3639.519,30700.0,76197308,WSL MemTotal-MemAvailable fallback,0,19557409,1677,4,,
3640.553,30700.0,76201284,WSL MemTotal-MemAvailable fallback,0,19557409,1677,4,,
3641.587,30700.0,76197832,WSL MemTotal-MemAvailable fallback,0,19557409,1677,4,,
3642.628,30700.0,76199868,WSL MemTotal-MemAvailable fallback,0,19557409,1677,4,,
3643.661,30700.0,76215592,WSL MemTotal-MemAvailable fallback,0,19557409,1677,4,,
3644.693,30698.0,76219968,WSL MemTotal-MemAvailable fallback,0,19557409,1677,4,,
3645.726,30703.0,76209512,WSL MemTotal-MemAvailable fallback,0,19557409,1677,4,,
3646.765,30703.0,76206788,WSL MemTotal-MemAvailable fallback,0,19557409,1677,4,,
3647.799,30703.0,76205000,WSL MemTotal-MemAvailable fallback,0,19557409,1677,4,,
3648.834,30703.0,76200128,WSL MemTotal-MemAvailable fallback,0,19557409,1677,4,,
3649.867,30703.0,76216336,WSL MemTotal-MemAvailable fallback,0,19557409,1677,4,,
3650.901,30698.0,76214840,WSL MemTotal-MemAvailable fallback,0,19557409,1677,4,,
3651.934,30698.0,76209380,WSL MemTotal-MemAvailable fallback,0,19557409,1677,4,,
3652.966,30698.0,76213792,WSL MemTotal-MemAvailable fallback,0,19557409,1677,4,,
3654.0,30698.0,76213888,WSL MemTotal-MemAvailable fallback,0,19557409,1677,4,,
3655.036,30698.0,76213404,WSL MemTotal-MemAvailable fallback,0,19557409,1677,4,,
3656.069,30698.0,76205140,WSL MemTotal-MemAvailable fallback,0,19557409,1677,4,,
3657.103,30698.0,76206204,WSL MemTotal-MemAvailable fallback,0,19557409,1677,4,,
3658.146,30698.0,76205896,WSL MemTotal-MemAvailable fallback,0,19557409,1677,4,,
3659.179,30698.0,76204364,WSL MemTotal-MemAvailable fallback,0,19557409,1677,4,,
3660.214,30698.0,76205164,WSL MemTotal-MemAvailable fallback,0,19557409,1677,4,,
3661.248,30698.0,76205528,WSL MemTotal-MemAvailable fallback,0,19557409,1677,4,,
3662.282,30698.0,76204612,WSL MemTotal-MemAvailable fallback,0,19557409,1677,4,,
3663.316,30699.0,76206600,WSL MemTotal-MemAvailable fallback,0,19557409,1677,4,,
3664.351,30699.0,76221768,WSL MemTotal-MemAvailable fallback,0,19557409,1677,4,,
3665.383,30696.0,76229536,WSL MemTotal-MemAvailable fallback,0,19557409,1677,4,,
3666.432,30697.0,76246492,WSL MemTotal-MemAvailable fallback,0,19557409,1677,4,,
3667.47,30697.0,76254304,WSL MemTotal-MemAvailable fallback,0,19557409,1677,4,,
3668.503,30697.0,76246292,WSL MemTotal-MemAvailable fallback,0,19557409,1677,4,,
3669.535,30697.0,76237084,WSL MemTotal-MemAvailable fallback,0,19557409,1677,4,,
3670.566,30697.0,76232052,WSL MemTotal-MemAvailable fallback,0,19557409,1677,4,,
3671.598,30697.0,76227000,WSL MemTotal-MemAvailable fallback,0,19557409,1677,4,,
3672.633,30697.0,76223540,WSL MemTotal-MemAvailable fallback,0,19557409,1677,4,,
3673.67,30697.0,76220256,WSL MemTotal-MemAvailable fallback,0,19557409,1677,4,,
3674.706,30697.0,76209876,WSL MemTotal-MemAvailable fallback,0,19557409,1677,4,,
3675.74,30697.0,76208964,WSL MemTotal-MemAvailable fallback,0,19557409,1677,4,,
3676.775,30697.0,76206424,WSL MemTotal-MemAvailable fallback,0,19557409,1677,4,,
3677.81,30696.0,76204796,WSL MemTotal-MemAvailable fallback,0,19557409,1677,4,,
3678.845,30697.0,76196316,WSL MemTotal-MemAvailable fallback,0,19557409,1677,4,,
3679.881,30697.0,76201648,WSL MemTotal-MemAvailable fallback,0,19557409,1677,4,,
3680.914,30697.0,76198968,WSL MemTotal-MemAvailable fallback,0,19557409,1677,4,,
3681.95,30697.0,76202796,WSL MemTotal-MemAvailable fallback,0,19557409,1677,4,,
3682.983,30697.0,76206040,WSL MemTotal-MemAvailable fallback,0,19557409,1677,4,,
3684.018,30697.0,76207932,WSL MemTotal-MemAvailable fallback,0,19557409,1677,4,,
3685.05,30696.0,76206428,WSL MemTotal-MemAvailable fallback,0,19557409,1677,4,,
3686.083,30696.0,76203336,WSL MemTotal-MemAvailable fallback,0,19557409,1677,4,,
3687.117,30696.0,76201656,WSL MemTotal-MemAvailable fallback,0,19557409,1677,4,,
3688.15,30697.0,76208284,WSL MemTotal-MemAvailable fallback,0,19557409,1677,4,,
3689.184,30696.0,76203612,WSL MemTotal-MemAvailable fallback,0,19557409,1677,4,,
3690.219,30696.0,76206580,WSL MemTotal-MemAvailable fallback,0,19557409,1677,4,,
3691.252,30696.0,76209900,WSL MemTotal-MemAvailable fallback,0,19557409,1677,4,,
3692.289,30697.0,76213220,WSL MemTotal-MemAvailable fallback,0,19557409,1677,4,,
3693.323,30696.0,76212576,WSL MemTotal-MemAvailable fallback,0,19557409,1677,4,,
3694.37,30696.0,76214160,WSL MemTotal-MemAvailable fallback,0,19557409,1677,4,,
3695.403,30696.0,76220504,WSL MemTotal-MemAvailable fallback,0,19557409,1677,4,,
3696.451,30697.0,76223408,WSL MemTotal-MemAvailable fallback,0,19557409,1677,4,,
3697.493,30696.0,76222132,WSL MemTotal-MemAvailable fallback,0,19557409,1677,4,,
3698.528,30697.0,76217492,WSL MemTotal-MemAvailable fallback,0,19557409,1677,4,,
3699.561,30697.0,76216568,WSL MemTotal-MemAvailable fallback,0,19557409,1677,4,,
3700.596,30697.0,76212856,WSL MemTotal-MemAvailable fallback,0,19557409,1677,4,,
3701.629,30697.0,76218428,WSL MemTotal-MemAvailable fallback,0,19557409,1677,4,,
3702.662,30697.0,76211812,WSL MemTotal-MemAvailable fallback,0,19557409,1677,4,,
3703.701,30697.0,76205748,WSL MemTotal-MemAvailable fallback,0,19557409,1677,4,,
3704.734,30697.0,76204360,WSL MemTotal-MemAvailable fallback,0,19557409,1677,4,,
3705.768,30697.0,76210396,WSL MemTotal-MemAvailable fallback,0,19557409,1677,4,,
3706.802,30697.0,76209872,WSL MemTotal-MemAvailable fallback,0,19557409,1677,4,,
3707.835,30697.0,76208416,WSL MemTotal-MemAvailable fallback,0,19557409,1677,4,,
3708.87,30698.0,76213420,WSL MemTotal-MemAvailable fallback,0,19557409,1677,4,,
3709.904,30697.0,76211072,WSL MemTotal-MemAvailable fallback,0,19557409,1677,4,,
3710.941,30698.0,76215708,WSL MemTotal-MemAvailable fallback,0,19557409,1677,4,,
3711.978,30698.0,76225060,WSL MemTotal-MemAvailable fallback,0,19557409,1677,4,,
3713.013,30698.0,76213468,WSL MemTotal-MemAvailable fallback,0,19557409,1677,4,,
3714.046,30697.0,76218240,WSL MemTotal-MemAvailable fallback,0,19557409,1677,4,,
3715.078,30697.0,76216452,WSL MemTotal-MemAvailable fallback,0,19557409,1677,4,,
3716.111,30697.0,76211968,WSL MemTotal-MemAvailable fallback,0,19557409,1677,4,,
3717.144,30697.0,76214440,WSL MemTotal-MemAvailable fallback,0,19557409,1677,4,,
3718.181,30697.0,76215188,WSL MemTotal-MemAvailable fallback,0,19557409,1677,4,,
3719.215,30697.0,76216488,WSL MemTotal-MemAvailable fallback,0,19557409,1677,4,,
3720.25,30697.0,76218076,WSL MemTotal-MemAvailable fallback,0,19557409,1677,4,,
3721.284,30697.0,76212688,WSL MemTotal-MemAvailable fallback,0,19557409,1677,4,,
3722.325,30697.0,76214584,WSL MemTotal-MemAvailable fallback,0,19557409,1677,4,,
3723.358,30697.0,76215436,WSL MemTotal-MemAvailable fallback,0,19557409,1677,4,,
3724.391,30697.0,76214672,WSL MemTotal-MemAvailable fallback,0,19557409,1677,4,,
3725.424,30697.0,76211820,WSL MemTotal-MemAvailable fallback,0,19557409,1677,4,,
3726.466,30697.0,76211480,WSL MemTotal-MemAvailable fallback,0,19557409,1677,4,,
3727.509,30697.0,76208252,WSL MemTotal-MemAvailable fallback,0,19557409,1677,4,,
3728.543,30697.0,76211588,WSL MemTotal-MemAvailable fallback,0,19557409,1677,4,,
3729.576,30697.0,76211244,WSL MemTotal-MemAvailable fallback,0,19557409,1677,4,,
3730.609,30697.0,76214272,WSL MemTotal-MemAvailable fallback,0,19557409,1677,4,,
3731.641,30697.0,76214016,WSL MemTotal-MemAvailable fallback,0,19557409,1677,4,,
3732.675,30697.0,76211876,WSL MemTotal-MemAvailable fallback,0,19557409,1677,4,,
3733.713,30697.0,76216004,WSL MemTotal-MemAvailable fallback,0,19557409,1677,4,,
3734.748,30697.0,76203528,WSL MemTotal-MemAvailable fallback,0,19557409,1677,4,,
3735.782,30697.0,76207812,WSL MemTotal-MemAvailable fallback,0,19557409,1677,4,,
3736.817,30697.0,76210128,WSL MemTotal-MemAvailable fallback,0,19557409,1677,4,,
3737.851,30697.0,76211496,WSL MemTotal-MemAvailable fallback,0,19557409,1677,4,,
3738.886,30697.0,76212756,WSL MemTotal-MemAvailable fallback,0,19557409,1677,4,,
3739.918,30697.0,76211228,WSL MemTotal-MemAvailable fallback,0,19557409,1677,4,,
3740.957,30697.0,76218036,WSL MemTotal-MemAvailable fallback,0,19557409,1677,4,,
3741.99,30697.0,76221208,WSL MemTotal-MemAvailable fallback,0,19557409,1677,4,,
3743.023,30697.0,76220176,WSL MemTotal-MemAvailable fallback,0,19557409,1677,4,,
3744.058,30697.0,76222468,WSL MemTotal-MemAvailable fallback,0,19557409,1677,4,,
3745.091,30697.0,76214180,WSL MemTotal-MemAvailable fallback,0,19557409,1677,4,,
3746.124,30697.0,76218412,WSL MemTotal-MemAvailable fallback,0,19557409,1677,4,,
3747.162,30717.0,76215524,WSL MemTotal-MemAvailable fallback,0,19557409,1677,4,,
3748.197,30713.0,76217000,WSL MemTotal-MemAvailable fallback,0,19557409,1677,4,,
3749.232,30699.0,76212828,WSL MemTotal-MemAvailable fallback,0,19557409,1677,4,,
3750.267,30699.0,76212928,WSL MemTotal-MemAvailable fallback,0,19557409,1677,4,,
3751.3,30699.0,76213324,WSL MemTotal-MemAvailable fallback,0,19557409,1677,4,,
3752.335,30697.0,76217512,WSL MemTotal-MemAvailable fallback,0,19557409,1677,4,,
3753.37,30697.0,76211460,WSL MemTotal-MemAvailable fallback,0,19557409,1677,4,,
3754.403,30697.0,76214856,WSL MemTotal-MemAvailable fallback,0,19557409,1677,4,,
3755.437,30697.0,76221684,WSL MemTotal-MemAvailable fallback,0,19557409,1677,4,,
3756.49,30698.0,76205920,WSL MemTotal-MemAvailable fallback,0,19557409,1677,4,,
3757.53,30698.0,76203904,WSL MemTotal-MemAvailable fallback,0,19557409,1677,4,,
3758.563,30698.0,76203596,WSL MemTotal-MemAvailable fallback,0,19557409,1677,4,,
3759.595,30697.0,76201536,WSL MemTotal-MemAvailable fallback,0,19557409,1677,4,,
3760.628,30698.0,76203636,WSL MemTotal-MemAvailable fallback,0,19557409,1677,4,,
3761.661,30697.0,76204132,WSL MemTotal-MemAvailable fallback,0,19557409,1677,4,,
3762.695,30698.0,76201220,WSL MemTotal-MemAvailable fallback,0,19557409,1677,4,,
3763.732,30698.0,76203572,WSL MemTotal-MemAvailable fallback,0,19557409,1677,4,,
3764.77,30698.0,76206084,WSL MemTotal-MemAvailable fallback,0,19557409,1677,4,,
3765.803,30698.0,76199432,WSL MemTotal-MemAvailable fallback,0,19557409,1677,4,,
3766.837,30698.0,76199844,WSL MemTotal-MemAvailable fallback,0,19557409,1677,4,,
3767.87,30698.0,76202084,WSL MemTotal-MemAvailable fallback,0,19557409,1677,4,,
3768.904,30698.0,76197860,WSL MemTotal-MemAvailable fallback,0,19557409,1677,4,,
3769.936,30698.0,76206400,WSL MemTotal-MemAvailable fallback,0,19557409,1677,4,,
3770.974,30698.0,76222136,WSL MemTotal-MemAvailable fallback,0,19557409,1677,4,,
3772.007,30698.0,76218204,WSL MemTotal-MemAvailable fallback,0,19557409,1677,4,,
3773.039,30698.0,76217420,WSL MemTotal-MemAvailable fallback,0,19557409,1677,4,,
3774.074,30698.0,76221092,WSL MemTotal-MemAvailable fallback,0,19557409,1677,4,,
3775.106,30698.0,76219596,WSL MemTotal-MemAvailable fallback,0,19557409,1677,4,,
3776.139,30698.0,76221556,WSL MemTotal-MemAvailable fallback,0,19557409,1677,4,,
3777.179,30703.0,76222776,WSL MemTotal-MemAvailable fallback,0,19557409,1677,4,,
3778.213,30698.0,76211080,WSL MemTotal-MemAvailable fallback,0,19557409,1677,4,,
3779.247,30698.0,76209232,WSL MemTotal-MemAvailable fallback,0,19557409,1677,4,,
3780.282,30698.0,76207500,WSL MemTotal-MemAvailable fallback,0,19557409,1677,4,,
3781.315,30698.0,76203776,WSL MemTotal-MemAvailable fallback,0,19557409,1677,4,,
3782.351,30698.0,76206152,WSL MemTotal-MemAvailable fallback,0,19557409,1677,4,,
3783.385,30698.0,76205344,WSL MemTotal-MemAvailable fallback,0,19557409,1677,4,,
3784.419,30698.0,76207648,WSL MemTotal-MemAvailable fallback,0,19557409,1677,4,,
3785.454,30698.0,76196184,WSL MemTotal-MemAvailable fallback,0,19557409,1677,4,,
3786.503,30698.0,76198168,WSL MemTotal-MemAvailable fallback,0,19557409,1677,4,,
3787.544,30698.0,76195968,WSL MemTotal-MemAvailable fallback,0,19557409,1677,4,,
3788.578,30698.0,76200464,WSL MemTotal-MemAvailable fallback,0,19557409,1677,4,,
3789.612,30698.0,76190836,WSL MemTotal-MemAvailable fallback,0,19557409,1677,4,,
3790.646,30700.0,76196744,WSL MemTotal-MemAvailable fallback,0,19557409,1677,4,,
3791.679,30700.0,76197116,WSL MemTotal-MemAvailable fallback,0,19557409,1677,4,,
3792.712,30700.0,76194092,WSL MemTotal-MemAvailable fallback,0,19557409,1677,4,,
3793.75,30700.0,76192136,WSL MemTotal-MemAvailable fallback,0,19557409,1677,4,,
3794.785,30700.0,76193012,WSL MemTotal-MemAvailable fallback,0,19557409,1677,4,,
3795.818,30698.0,76196336,WSL MemTotal-MemAvailable fallback,0,19557409,1677,4,,
3796.861,30698.0,76201060,WSL MemTotal-MemAvailable fallback,0,19557409,1677,4,,
3797.895,30698.0,76200808,WSL MemTotal-MemAvailable fallback,0,19557409,1677,4,,
3798.929,30698.0,76201256,WSL MemTotal-MemAvailable fallback,0,19557409,1677,4,,
3799.963,30698.0,76193464,WSL MemTotal-MemAvailable fallback,0,19557409,1677,4,,
3800.996,30691.0,76194376,WSL MemTotal-MemAvailable fallback,0,19557409,1677,4,,
3802.029,30691.0,76209840,WSL MemTotal-MemAvailable fallback,0,19557409,1677,4,,
3803.062,30689.0,76193460,WSL MemTotal-MemAvailable fallback,0,19557409,1677,4,,
3804.096,30685.0,76192044,WSL MemTotal-MemAvailable fallback,0,19557409,1677,4,,
3805.13,30691.0,76192164,WSL MemTotal-MemAvailable fallback,0,19557409,1677,4,,
3806.163,30697.0,76208020,WSL MemTotal-MemAvailable fallback,0,19557409,1677,4,,
3807.196,30697.0,76224148,WSL MemTotal-MemAvailable fallback,0,19557409,1677,4,,
3808.229,30697.0,76240552,WSL MemTotal-MemAvailable fallback,0,19557409,1677,4,,
3809.263,30697.0,76248364,WSL MemTotal-MemAvailable fallback,0,19557409,1677,4,,
3810.297,30691.0,76243048,WSL MemTotal-MemAvailable fallback,0,19557409,1677,4,,
3811.331,30691.0,76236920,WSL MemTotal-MemAvailable fallback,0,19557409,1677,4,,
3812.364,30691.0,76231624,WSL MemTotal-MemAvailable fallback,0,19557409,1677,4,,
3813.397,30691.0,76229576,WSL MemTotal-MemAvailable fallback,0,19557409,1677,4,,
3814.43,30691.0,76215204,WSL MemTotal-MemAvailable fallback,0,19557409,1677,4,,
3815.464,30692.0,76213360,WSL MemTotal-MemAvailable fallback,0,19557409,1677,4,,
3816.507,30692.0,76208240,WSL MemTotal-MemAvailable fallback,0,19557409,1677,4,,
3817.566,30692.0,76213276,WSL MemTotal-MemAvailable fallback,0,19557409,1677,4,,
3818.627,30692.0,76166628,WSL MemTotal-MemAvailable fallback,0,19557409,1677,4,,
3819.684,30691.0,76144608,WSL MemTotal-MemAvailable fallback,0,19557409,1677,4,,
3820.723,30691.0,76144920,WSL MemTotal-MemAvailable fallback,0,19557409,1677,4,,
3821.762,30691.0,76143552,WSL MemTotal-MemAvailable fallback,0,19557409,1677,4,,
3822.797,30691.0,76144204,WSL MemTotal-MemAvailable fallback,0,19557409,1677,4,,
3823.831,30691.0,76136636,WSL MemTotal-MemAvailable fallback,0,19557409,1677,4,,
3824.867,30697.0,76272004,WSL MemTotal-MemAvailable fallback,0,19557409,1677,4,,
3825.906,30697.0,76133088,WSL MemTotal-MemAvailable fallback,0,19557409,1677,4,,
3826.953,30697.0,76197220,WSL MemTotal-MemAvailable fallback,0,19557409,1677,4,,
3827.998,30697.0,76129376,WSL MemTotal-MemAvailable fallback,0,19557409,1677,4,,
3829.034,30697.0,76131556,WSL MemTotal-MemAvailable fallback,0,19557409,1677,4,,
3830.077,30697.0,76130912,WSL MemTotal-MemAvailable fallback,0,19557409,1677,4,,
3831.117,30697.0,76140984,WSL MemTotal-MemAvailable fallback,0,19557409,1677,4,,
3832.152,30697.0,76136260,WSL MemTotal-MemAvailable fallback,0,19557409,1677,4,,
3833.19,30697.0,76137632,WSL MemTotal-MemAvailable fallback,0,19557409,1677,4,,
3834.225,30697.0,76136620,WSL MemTotal-MemAvailable fallback,0,19557409,1677,4,,
3835.259,30697.0,76144572,WSL MemTotal-MemAvailable fallback,0,19557409,1677,4,,
3836.296,30697.0,76141800,WSL MemTotal-MemAvailable fallback,0,19557409,1677,4,,
3837.331,30697.0,76140988,WSL MemTotal-MemAvailable fallback,0,19557409,1677,4,,
3838.367,30697.0,76276072,WSL MemTotal-MemAvailable fallback,0,19557409,1677,4,,
3839.402,30697.0,76146024,WSL MemTotal-MemAvailable fallback,0,19557409,1677,4,,
3840.439,30697.0,76142940,WSL MemTotal-MemAvailable fallback,0,19557409,1677,4,,
3841.482,30697.0,76143244,WSL MemTotal-MemAvailable fallback,0,19557409,1677,4,,
3842.522,30697.0,76144788,WSL MemTotal-MemAvailable fallback,0,19557409,1677,4,,
3843.557,30697.0,76144236,WSL MemTotal-MemAvailable fallback,0,19557409,1677,4,,
3844.592,30697.0,76133400,WSL MemTotal-MemAvailable fallback,0,19557409,1677,4,,
3845.627,30697.0,76133508,WSL MemTotal-MemAvailable fallback,0,19557409,1677,4,,
3846.67,30697.0,76138364,WSL MemTotal-MemAvailable fallback,0,19557409,1677,4,,
3847.715,30697.0,76138028,WSL MemTotal-MemAvailable fallback,0,19557409,1677,4,,
3848.751,30697.0,76137292,WSL MemTotal-MemAvailable fallback,0,19557409,1677,4,,
3849.785,30697.0,76142616,WSL MemTotal-MemAvailable fallback,0,19557409,1677,4,,
3850.818,30697.0,76141728,WSL MemTotal-MemAvailable fallback,0,19557409,1677,4,,
3851.852,30697.0,76141616,WSL MemTotal-MemAvailable fallback,0,19557409,1677,4,,
3852.887,30697.0,76142952,WSL MemTotal-MemAvailable fallback,0,19557409,1677,4,,
3853.928,30697.0,76143924,WSL MemTotal-MemAvailable fallback,0,19557409,1677,4,,
3854.964,30697.0,76147084,WSL MemTotal-MemAvailable fallback,0,19557409,1677,4,,
3856.008,30697.0,76145644,WSL MemTotal-MemAvailable fallback,0,19557409,1677,4,,
3857.057,30698.0,76136560,WSL MemTotal-MemAvailable fallback,0,19557409,1677,4,,
3858.093,30692.0,76135324,WSL MemTotal-MemAvailable fallback,0,19557409,1677,4,,
3859.134,30692.0,76152828,WSL MemTotal-MemAvailable fallback,0,19557409,1677,4,,
3860.192,30697.0,76154376,WSL MemTotal-MemAvailable fallback,0,19557409,1677,4,,
3861.239,30703.0,76152748,WSL MemTotal-MemAvailable fallback,0,19557409,1677,4,,
3862.274,30698.0,76150044,WSL MemTotal-MemAvailable fallback,0,19557409,1677,4,,
3863.31,30698.0,76146168,WSL MemTotal-MemAvailable fallback,0,19557409,1677,4,,
3864.346,30698.0,76148412,WSL MemTotal-MemAvailable fallback,0,19557409,1677,4,,
3865.38,30693.0,76149228,WSL MemTotal-MemAvailable fallback,0,19557409,1677,4,,
3866.416,30697.0,76156216,WSL MemTotal-MemAvailable fallback,0,19557409,1677,4,,
3867.454,30697.0,76158464,WSL MemTotal-MemAvailable fallback,0,19557409,1677,4,,
3868.489,30698.0,76158560,WSL MemTotal-MemAvailable fallback,0,19557409,1677,4,,
3869.528,30698.0,76160364,WSL MemTotal-MemAvailable fallback,0,19557409,1677,4,,
3870.563,30697.0,76159984,WSL MemTotal-MemAvailable fallback,0,19557409,1677,4,,
3871.597,30697.0,76153404,WSL MemTotal-MemAvailable fallback,0,19557409,1677,4,,
3872.632,30697.0,76152024,WSL MemTotal-MemAvailable fallback,0,19557409,1677,4,,
3873.666,30697.0,76152952,WSL MemTotal-MemAvailable fallback,0,19557409,1677,4,,
3874.7,30698.0,76150204,WSL MemTotal-MemAvailable fallback,0,19557409,1677,4,,
3875.734,30698.0,76152784,WSL MemTotal-MemAvailable fallback,0,19557409,1677,4,,
3876.77,30698.0,76155620,WSL MemTotal-MemAvailable fallback,0,19557409,1677,4,,
3877.814,30692.0,76149764,WSL MemTotal-MemAvailable fallback,0,19557409,1677,4,,
3878.848,30692.0,76148288,WSL MemTotal-MemAvailable fallback,0,19557409,1677,4,,
3879.882,30692.0,76150436,WSL MemTotal-MemAvailable fallback,0,19557409,1677,4,,
3880.916,30697.0,76154536,WSL MemTotal-MemAvailable fallback,0,19557409,1677,4,,
3881.952,30697.0,76154752,WSL MemTotal-MemAvailable fallback,0,19557409,1677,4,,
3882.987,30697.0,76158280,WSL MemTotal-MemAvailable fallback,0,19557409,1677,4,,
3884.021,30698.0,76155612,WSL MemTotal-MemAvailable fallback,0,19557409,1677,4,,
3885.059,30697.0,76155896,WSL MemTotal-MemAvailable fallback,0,19557409,1677,4,,
3886.094,30692.0,76145300,WSL MemTotal-MemAvailable fallback,0,19557409,1677,4,,
3887.127,30692.0,76145204,WSL MemTotal-MemAvailable fallback,0,19557409,1677,4,,
3888.168,30698.0,76146016,WSL MemTotal-MemAvailable fallback,0,19557409,1677,4,,
3889.203,30698.0,76146884,WSL MemTotal-MemAvailable fallback,0,19557409,1677,4,,
3890.238,30698.0,76147192,WSL MemTotal-MemAvailable fallback,0,19557409,1677,4,,
3891.28,30698.0,76148252,WSL MemTotal-MemAvailable fallback,0,19557410,1677,4,,
3892.313,30697.0,76150992,WSL MemTotal-MemAvailable fallback,0,19557410,1677,4,,
3893.35,30698.0,76150020,WSL MemTotal-MemAvailable fallback,0,19557410,1677,4,,
3894.382,30698.0,76147936,WSL MemTotal-MemAvailable fallback,0,19557410,1677,4,,
3895.416,30698.0,76152976,WSL MemTotal-MemAvailable fallback,0,19557410,1677,4,,
3896.451,30698.0,76153724,WSL MemTotal-MemAvailable fallback,0,19557410,1677,4,,
3897.484,30698.0,76151620,WSL MemTotal-MemAvailable fallback,0,19557410,1677,4,,
3898.518,30698.0,76152184,WSL MemTotal-MemAvailable fallback,0,19557410,1677,4,,
3899.553,30697.0,76152668,WSL MemTotal-MemAvailable fallback,0,19557410,1677,4,,
3900.587,30697.0,76152480,WSL MemTotal-MemAvailable fallback,0,19557410,1677,4,,
3901.621,30692.0,76150960,WSL MemTotal-MemAvailable fallback,0,19557410,1677,4,,
3902.657,30692.0,76147112,WSL MemTotal-MemAvailable fallback,0,19557410,1677,4,,
3903.69,30692.0,76149708,WSL MemTotal-MemAvailable fallback,0,19557410,1677,4,,
3904.725,30697.0,76151800,WSL MemTotal-MemAvailable fallback,0,19557410,1677,4,,
3905.767,30698.0,76152848,WSL MemTotal-MemAvailable fallback,0,19557410,1677,4,,
3906.802,30698.0,76154596,WSL MemTotal-MemAvailable fallback,0,19557410,1677,4,,
3907.85,30698.0,76151064,WSL MemTotal-MemAvailable fallback,0,19557410,1677,4,,
3908.885,30697.0,76150296,WSL MemTotal-MemAvailable fallback,0,19557410,1677,4,,
3909.918,30697.0,76152512,WSL MemTotal-MemAvailable fallback,0,19557410,1677,4,,
3910.953,30697.0,76166536,WSL MemTotal-MemAvailable fallback,0,19557410,1677,4,,
3911.985,30697.0,76149060,WSL MemTotal-MemAvailable fallback,0,19557410,1677,4,,
3913.019,30697.0,76153620,WSL MemTotal-MemAvailable fallback,0,19557410,1677,4,,
3914.054,30692.0,76153688,WSL MemTotal-MemAvailable fallback,0,19557410,1677,4,,
3915.088,30692.0,76150872,WSL MemTotal-MemAvailable fallback,0,19557410,1677,4,,
3916.122,30698.0,76155664,WSL MemTotal-MemAvailable fallback,0,19557410,1677,4,,
3917.156,30698.0,76154692,WSL MemTotal-MemAvailable fallback,0,19557410,1677,4,,
3918.19,30697.0,76156544,WSL MemTotal-MemAvailable fallback,0,19557410,1677,4,,
3919.223,30697.0,76143816,WSL MemTotal-MemAvailable fallback,0,19557410,1677,4,,
3920.258,30697.0,76148248,WSL MemTotal-MemAvailable fallback,0,19557410,1677,4,,
3921.296,30692.0,76152564,WSL MemTotal-MemAvailable fallback,0,19557410,1677,4,,
3922.332,30692.0,76147572,WSL MemTotal-MemAvailable fallback,0,19557410,1677,4,,
3923.364,30692.0,76151212,WSL MemTotal-MemAvailable fallback,0,19557410,1677,4,,
3924.399,30697.0,76152232,WSL MemTotal-MemAvailable fallback,0,19557410,1677,4,,
3925.432,30697.0,76154564,WSL MemTotal-MemAvailable fallback,0,19557410,1677,4,,
3926.466,30698.0,76150668,WSL MemTotal-MemAvailable fallback,0,19557410,1677,4,,
3927.499,30697.0,76154668,WSL MemTotal-MemAvailable fallback,0,19557410,1677,4,,
3928.533,30699.0,76151364,WSL MemTotal-MemAvailable fallback,0,19557410,1677,4,,
3929.567,30699.0,76154164,WSL MemTotal-MemAvailable fallback,0,19557410,1677,4,,
3930.602,30699.0,76152460,WSL MemTotal-MemAvailable fallback,0,19557410,1677,4,,
3931.635,30699.0,76147040,WSL MemTotal-MemAvailable fallback,0,19557410,1677,4,,
3932.669,30699.0,76153620,WSL MemTotal-MemAvailable fallback,0,19557410,1677,4,,
3933.703,30698.0,76148120,WSL MemTotal-MemAvailable fallback,0,19557410,1677,4,,
3934.738,30698.0,76171560,WSL MemTotal-MemAvailable fallback,0,19557410,1677,4,,
3935.771,30698.0,76160976,WSL MemTotal-MemAvailable fallback,0,19557410,1677,4,,
3936.818,30697.0,76153132,WSL MemTotal-MemAvailable fallback,0,19557410,1677,4,,
3937.859,30697.0,76154896,WSL MemTotal-MemAvailable fallback,0,19557410,1677,4,,
3938.893,30697.0,76156312,WSL MemTotal-MemAvailable fallback,0,19557410,1677,4,,
3939.927,30697.0,76158108,WSL MemTotal-MemAvailable fallback,0,19557410,1677,4,,
3940.961,30697.0,76157452,WSL MemTotal-MemAvailable fallback,0,19557410,1677,4,,
3941.995,30697.0,76157508,WSL MemTotal-MemAvailable fallback,0,19557410,1677,4,,
3943.033,30698.0,76153168,WSL MemTotal-MemAvailable fallback,0,19557410,1677,4,,
3944.069,30698.0,76155520,WSL MemTotal-MemAvailable fallback,0,19557410,1677,4,,
3945.106,30698.0,76159356,WSL MemTotal-MemAvailable fallback,0,19557410,1677,4,,
3946.142,30692.0,76160672,WSL MemTotal-MemAvailable fallback,0,19557410,1677,4,,
3947.178,30692.0,76162240,WSL MemTotal-MemAvailable fallback,0,19557410,1677,4,,
3948.212,30698.0,76160212,WSL MemTotal-MemAvailable fallback,0,19557410,1677,4,,
3949.246,30698.0,76157416,WSL MemTotal-MemAvailable fallback,0,19557410,1677,4,,
3950.281,30698.0,76152712,WSL MemTotal-MemAvailable fallback,0,19557410,1677,4,,
3951.318,30698.0,76155680,WSL MemTotal-MemAvailable fallback,0,19557410,1677,4,,
3952.353,30698.0,76156344,WSL MemTotal-MemAvailable fallback,0,19557410,1677,4,,
3953.387,30698.0,76155168,WSL MemTotal-MemAvailable fallback,0,19557410,1677,4,,
3954.425,30698.0,76155812,WSL MemTotal-MemAvailable fallback,0,19557410,1677,4,,
3955.457,30698.0,76149336,WSL MemTotal-MemAvailable fallback,0,19557410,1677,4,,
3956.493,30698.0,76157200,WSL MemTotal-MemAvailable fallback,0,19557410,1677,4,,
3957.526,30698.0,76155168,WSL MemTotal-MemAvailable fallback,0,19557410,1677,4,,
3958.562,30698.0,76152556,WSL MemTotal-MemAvailable fallback,0,19557410,1677,4,,
3959.597,30697.0,76154012,WSL MemTotal-MemAvailable fallback,0,19557410,1677,4,,
3960.631,30697.0,76156852,WSL MemTotal-MemAvailable fallback,0,19557410,1677,4,,
3961.665,30697.0,76156300,WSL MemTotal-MemAvailable fallback,0,19557410,1677,4,,
3962.704,30697.0,76159124,WSL MemTotal-MemAvailable fallback,0,19557410,1677,4,,
3963.737,30697.0,76160440,WSL MemTotal-MemAvailable fallback,0,19557410,1677,4,,
3964.771,30697.0,76156856,WSL MemTotal-MemAvailable fallback,0,19557410,1677,4,,
3965.806,30697.0,76150788,WSL MemTotal-MemAvailable fallback,0,19557410,1677,4,,
3966.841,30697.0,76153896,WSL MemTotal-MemAvailable fallback,0,19557410,1677,4,,
3967.886,30698.0,76155424,WSL MemTotal-MemAvailable fallback,0,19557410,1677,4,,
3968.92,30697.0,76156316,WSL MemTotal-MemAvailable fallback,0,19557410,1677,4,,
3969.955,30692.0,76160640,WSL MemTotal-MemAvailable fallback,0,19557410,1677,4,,
3970.99,30692.0,76159456,WSL MemTotal-MemAvailable fallback,0,19557410,1677,4,,
3972.025,30692.0,76154684,WSL MemTotal-MemAvailable fallback,0,19557410,1677,4,,
3973.059,30692.0,76151996,WSL MemTotal-MemAvailable fallback,0,19557410,1677,4,,
3974.094,30692.0,76151656,WSL MemTotal-MemAvailable fallback,0,19557410,1677,4,,
3975.129,30692.0,76153792,WSL MemTotal-MemAvailable fallback,0,19557410,1677,4,,
3976.164,30692.0,76154760,WSL MemTotal-MemAvailable fallback,0,19557410,1677,4,,
3977.2,30692.0,76152832,WSL MemTotal-MemAvailable fallback,0,19557410,1677,4,,
3978.235,30692.0,76154372,WSL MemTotal-MemAvailable fallback,0,19557410,1677,4,,
3979.269,30692.0,76150272,WSL MemTotal-MemAvailable fallback,0,19557410,1677,4,,
3980.306,30692.0,76154412,WSL MemTotal-MemAvailable fallback,0,19557410,1677,4,,
3981.343,30698.0,76156588,WSL MemTotal-MemAvailable fallback,0,19557410,1677,4,,
3982.377,30697.0,76158860,WSL MemTotal-MemAvailable fallback,0,19557410,1677,4,,
3983.414,30697.0,76158204,WSL MemTotal-MemAvailable fallback,0,19557410,1677,4,,
3984.449,30698.0,76156532,WSL MemTotal-MemAvailable fallback,0,19557410,1677,4,,
3985.482,30697.0,76156652,WSL MemTotal-MemAvailable fallback,0,19557410,1677,4,,
3986.518,30697.0,76153820,WSL MemTotal-MemAvailable fallback,0,19557410,1677,4,,
3987.554,30697.0,76147268,WSL MemTotal-MemAvailable fallback,0,19557410,1677,4,,
3988.591,30698.0,76152404,WSL MemTotal-MemAvailable fallback,0,19557410,1677,4,,
3989.624,30692.0,76140100,WSL MemTotal-MemAvailable fallback,0,19557410,1677,4,,
3990.661,30692.0,76139228,WSL MemTotal-MemAvailable fallback,0,19557410,1677,4,,
3991.695,30692.0,76147272,WSL MemTotal-MemAvailable fallback,0,19557410,1677,4,,
3992.735,30698.0,76149204,WSL MemTotal-MemAvailable fallback,0,19557410,1677,4,,
3993.772,30698.0,76149528,WSL MemTotal-MemAvailable fallback,0,19557410,1677,4,,
3994.807,30698.0,76145984,WSL MemTotal-MemAvailable fallback,0,19557410,1677,4,,
3995.841,30723.0,76148100,WSL MemTotal-MemAvailable fallback,0,19557410,1677,4,,
3996.88,30723.0,76149168,WSL MemTotal-MemAvailable fallback,0,19557410,1677,4,,
3997.925,30720.0,76147192,WSL MemTotal-MemAvailable fallback,0,19557410,1677,4,,
3998.957,30710.0,76144672,WSL MemTotal-MemAvailable fallback,0,19557410,1677,4,,
3999.994,30710.0,76146204,WSL MemTotal-MemAvailable fallback,0,19557410,1677,4,,
4001.029,30699.0,76149716,WSL MemTotal-MemAvailable fallback,0,19557410,1677,4,,
4002.064,30703.0,76150648,WSL MemTotal-MemAvailable fallback,0,19557410,1677,4,,
4003.101,30703.0,76147860,WSL MemTotal-MemAvailable fallback,0,19557410,1677,4,,
4004.138,30704.0,76151612,WSL MemTotal-MemAvailable fallback,0,19557410,1677,4,,
4005.173,30703.0,76154380,WSL MemTotal-MemAvailable fallback,0,19557410,1677,4,,
4006.208,30703.0,76165360,WSL MemTotal-MemAvailable fallback,0,19557410,1677,4,,
4007.241,30698.0,76157324,WSL MemTotal-MemAvailable fallback,0,19557410,1677,4,,
4008.278,30698.0,76157596,WSL MemTotal-MemAvailable fallback,0,19557410,1677,4,,
4009.313,30698.0,76146760,WSL MemTotal-MemAvailable fallback,0,19557410,1677,4,,
4010.354,30698.0,76147252,WSL MemTotal-MemAvailable fallback,0,19557410,1677,4,,
4011.39,30698.0,76148956,WSL MemTotal-MemAvailable fallback,0,19557410,1677,4,,
4012.423,30698.0,76145856,WSL MemTotal-MemAvailable fallback,0,19557410,1677,4,,
4013.456,30692.0,76146796,WSL MemTotal-MemAvailable fallback,0,19557410,1677,4,,
4014.489,30692.0,76148852,WSL MemTotal-MemAvailable fallback,0,19557410,1677,4,,
4015.522,30692.0,76152768,WSL MemTotal-MemAvailable fallback,0,19557410,1677,4,,
4016.562,30692.0,76149512,WSL MemTotal-MemAvailable fallback,0,19557410,1677,4,,
4017.608,30692.0,76153292,WSL MemTotal-MemAvailable fallback,0,19557410,1677,4,,
4018.642,30692.0,76145776,WSL MemTotal-MemAvailable fallback,0,19557410,1677,4,,
4019.678,30693.0,76154696,WSL MemTotal-MemAvailable fallback,0,19557410,1677,4,,
4020.711,30693.0,76156488,WSL MemTotal-MemAvailable fallback,0,19557410,1677,4,,
4021.745,30693.0,76154320,WSL MemTotal-MemAvailable fallback,0,19557410,1677,4,,
4022.78,30693.0,76147892,WSL MemTotal-MemAvailable fallback,0,19557410,1677,4,,
4023.815,30693.0,76150156,WSL MemTotal-MemAvailable fallback,0,19557410,1677,4,,
4024.85,30698.0,76155840,WSL MemTotal-MemAvailable fallback,0,19557410,1677,4,,
4025.886,30698.0,76153800,WSL MemTotal-MemAvailable fallback,0,19557410,1677,4,,
4026.924,30698.0,76158708,WSL MemTotal-MemAvailable fallback,0,19557410,1677,4,,
4027.969,30698.0,76154284,WSL MemTotal-MemAvailable fallback,0,19557410,1677,4,,
4029.003,30791.0,76155372,WSL MemTotal-MemAvailable fallback,0,19557410,1677,4,,
4030.036,30797.0,76157736,WSL MemTotal-MemAvailable fallback,0,19557410,1677,4,,
4031.07,30797.0,76156492,WSL MemTotal-MemAvailable fallback,0,19557410,1677,4,,
4032.109,30798.0,76160480,WSL MemTotal-MemAvailable fallback,0,19557410,1677,4,,
4033.142,30797.0,76158248,WSL MemTotal-MemAvailable fallback,0,19557410,1677,4,,
4034.175,30797.0,76158576,WSL MemTotal-MemAvailable fallback,0,19557410,1677,4,,
4035.208,30797.0,76151068,WSL MemTotal-MemAvailable fallback,0,19557410,1677,4,,
4036.241,30798.0,76154288,WSL MemTotal-MemAvailable fallback,0,19557410,1677,4,,
4037.275,30797.0,76150248,WSL MemTotal-MemAvailable fallback,0,19557410,1677,4,,
4038.308,30792.0,76152964,WSL MemTotal-MemAvailable fallback,0,19557410,1677,4,,
4039.341,30792.0,76158144,WSL MemTotal-MemAvailable fallback,0,19557410,1677,4,,
4040.374,30792.0,76158052,WSL MemTotal-MemAvailable fallback,0,19557410,1677,4,,
4041.416,30792.0,76156668,WSL MemTotal-MemAvailable fallback,0,19557410,1677,4,,
4042.448,30792.0,76153048,WSL MemTotal-MemAvailable fallback,0,19557410,1677,4,,
4043.481,30792.0,76156688,WSL MemTotal-MemAvailable fallback,0,19557410,1677,4,,
4044.515,30792.0,76148800,WSL MemTotal-MemAvailable fallback,0,19557410,1677,4,,
4045.548,30792.0,76149332,WSL MemTotal-MemAvailable fallback,0,19557410,1677,4,,
4046.582,30792.0,76160772,WSL MemTotal-MemAvailable fallback,0,19557410,1677,4,,
4047.615,30792.0,76162244,WSL MemTotal-MemAvailable fallback,0,19557410,1677,4,,
4048.65,30797.0,76163024,WSL MemTotal-MemAvailable fallback,0,19557410,1677,4,,
4049.684,30797.0,76163444,WSL MemTotal-MemAvailable fallback,0,19557410,1677,4,,
4050.717,30797.0,76162212,WSL MemTotal-MemAvailable fallback,0,19557410,1677,4,,
4051.75,30797.0,76162800,WSL MemTotal-MemAvailable fallback,0,19557410,1677,4,,
4052.783,30797.0,76164892,WSL MemTotal-MemAvailable fallback,0,19557410,1677,4,,
4053.817,30797.0,76166604,WSL MemTotal-MemAvailable fallback,0,19557410,1677,4,,
4054.853,30797.0,76162188,WSL MemTotal-MemAvailable fallback,0,19557410,1677,4,,
4055.887,30797.0,76163412,WSL MemTotal-MemAvailable fallback,0,19557410,1677,4,,
4056.928,30797.0,76165364,WSL MemTotal-MemAvailable fallback,0,19557410,1677,4,,
4057.966,30797.0,76165220,WSL MemTotal-MemAvailable fallback,0,19557410,1677,4,,
4058.999,30797.0,76168344,WSL MemTotal-MemAvailable fallback,0,19557410,1677,4,,
4060.033,30797.0,76169396,WSL MemTotal-MemAvailable fallback,0,19557410,1677,4,,
4061.066,30797.0,76184500,WSL MemTotal-MemAvailable fallback,0,19557410,1677,4,,
4062.107,30792.0,76174248,WSL MemTotal-MemAvailable fallback,0,19557410,1677,4,,
4063.143,30792.0,76160524,WSL MemTotal-MemAvailable fallback,0,19557410,1677,4,,
4064.177,30798.0,76159228,WSL MemTotal-MemAvailable fallback,0,19557410,1677,4,,
4065.209,30797.0,76175608,WSL MemTotal-MemAvailable fallback,0,19557410,1677,4,,
4066.243,30797.0,76157964,WSL MemTotal-MemAvailable fallback,0,19557410,1677,4,,
4067.277,30797.0,76159252,WSL MemTotal-MemAvailable fallback,0,19557410,1677,4,,
4068.31,30799.0,76183036,WSL MemTotal-MemAvailable fallback,0,19557410,1677,4,,
4069.344,30798.0,76190848,WSL MemTotal-MemAvailable fallback,0,19557410,1677,4,,
4070.378,30798.0,76189440,WSL MemTotal-MemAvailable fallback,0,19557410,1677,4,,
4071.414,30798.0,76182928,WSL MemTotal-MemAvailable fallback,0,19557410,1677,4,,
4072.448,30799.0,76182460,WSL MemTotal-MemAvailable fallback,0,19557410,1677,4,,
4073.482,30798.0,76182712,WSL MemTotal-MemAvailable fallback,0,19557410,1677,4,,
4074.515,30798.0,76166596,WSL MemTotal-MemAvailable fallback,0,19557410,1677,4,,
4075.548,30798.0,76181716,WSL MemTotal-MemAvailable fallback,0,19557410,1677,4,,
4076.581,30698.0,76179608,WSL MemTotal-MemAvailable fallback,0,19557410,1677,4,,
4077.615,30698.0,76175564,WSL MemTotal-MemAvailable fallback,0,19557410,1677,4,,
4078.649,30698.0,76174888,WSL MemTotal-MemAvailable fallback,0,19557410,1677,4,,
4079.684,30698.0,76172492,WSL MemTotal-MemAvailable fallback,0,19557410,1677,4,,
4080.722,30698.0,76168384,WSL MemTotal-MemAvailable fallback,0,19557410,1677,4,,
4081.761,30692.0,76169816,WSL MemTotal-MemAvailable fallback,0,19557410,1677,4,,
4082.794,30692.0,76162268,WSL MemTotal-MemAvailable fallback,0,19557410,1677,4,,
4083.829,30692.0,76156748,WSL MemTotal-MemAvailable fallback,0,19557410,1677,4,,
4084.863,30698.0,76156876,WSL MemTotal-MemAvailable fallback,0,19557410,1677,4,,
4085.898,30698.0,76153240,WSL MemTotal-MemAvailable fallback,0,19557410,1677,4,,
4086.934,30698.0,76153980,WSL MemTotal-MemAvailable fallback,0,19557410,1677,4,,
4087.977,30698.0,76150568,WSL MemTotal-MemAvailable fallback,0,19557410,1677,4,,
4089.011,30698.0,76153260,WSL MemTotal-MemAvailable fallback,0,19557410,1677,4,,
4090.045,30698.0,76152360,WSL MemTotal-MemAvailable fallback,0,19557410,1677,4,,
4091.078,30698.0,76155676,WSL MemTotal-MemAvailable fallback,0,19557410,1677,4,,
4092.113,30698.0,76154860,WSL MemTotal-MemAvailable fallback,0,19557410,1677,4,,
4093.153,30692.0,76157228,WSL MemTotal-MemAvailable fallback,0,19557410,1677,4,,
4094.186,30692.0,76151512,WSL MemTotal-MemAvailable fallback,0,19557410,1677,4,,
4095.222,30692.0,76154380,WSL MemTotal-MemAvailable fallback,0,19557410,1677,4,,
4096.256,30698.0,76150548,WSL MemTotal-MemAvailable fallback,0,19557410,1677,4,,
4097.289,30698.0,76152644,WSL MemTotal-MemAvailable fallback,0,19557410,1677,4,,
4098.33,30698.0,76148108,WSL MemTotal-MemAvailable fallback,0,19557410,1677,4,,
4099.364,30698.0,76152128,WSL MemTotal-MemAvailable fallback,0,19557410,1677,4,,
4100.398,30698.0,76152888,WSL MemTotal-MemAvailable fallback,0,19557410,1677,4,,
4101.433,30698.0,76149228,WSL MemTotal-MemAvailable fallback,0,19557410,1677,4,,
4102.467,30698.0,76144924,WSL MemTotal-MemAvailable fallback,0,19557410,1677,4,,
4103.5,30698.0,76147956,WSL MemTotal-MemAvailable fallback,0,19557410,1677,4,,
4104.534,30698.0,76145780,WSL MemTotal-MemAvailable fallback,0,19557410,1677,4,,
4105.568,30698.0,76150212,WSL MemTotal-MemAvailable fallback,0,19557410,1677,4,,
4106.602,30698.0,76145772,WSL MemTotal-MemAvailable fallback,0,19557410,1677,4,,
4107.636,30693.0,76137608,WSL MemTotal-MemAvailable fallback,0,19557410,1677,4,,
4108.672,30698.0,76141500,WSL MemTotal-MemAvailable fallback,0,19557410,1677,4,,
4109.709,30698.0,76142708,WSL MemTotal-MemAvailable fallback,0,19557410,1677,4,,
4110.742,30698.0,76141596,WSL MemTotal-MemAvailable fallback,0,19557410,1677,4,,
4111.78,30698.0,76147456,WSL MemTotal-MemAvailable fallback,0,19557410,1677,4,,
4112.816,30698.0,76147164,WSL MemTotal-MemAvailable fallback,0,19557410,1677,4,,
4113.85,30692.0,76147384,WSL MemTotal-MemAvailable fallback,0,19557410,1677,4,,
4114.884,30692.0,76141600,WSL MemTotal-MemAvailable fallback,0,19557410,1677,4,,
4115.923,30698.0,76139884,WSL MemTotal-MemAvailable fallback,0,19557410,1677,4,,
4116.962,30698.0,76138672,WSL MemTotal-MemAvailable fallback,0,19557410,1677,4,,
4118.006,30698.0,76146408,WSL MemTotal-MemAvailable fallback,0,19557410,1677,4,,
4119.043,30698.0,76151384,WSL MemTotal-MemAvailable fallback,0,19557410,1677,4,,
4120.077,30698.0,76158960,WSL MemTotal-MemAvailable fallback,0,19557410,1677,4,,
4121.11,30698.0,76153940,WSL MemTotal-MemAvailable fallback,0,19557410,1677,4,,
4122.146,30692.0,76153640,WSL MemTotal-MemAvailable fallback,0,19557410,1677,4,,
4123.18,30692.0,76168848,WSL MemTotal-MemAvailable fallback,0,19557410,1677,4,,
4124.215,30698.0,76175056,WSL MemTotal-MemAvailable fallback,0,19557410,1677,4,,
4125.25,30698.0,76173528,WSL MemTotal-MemAvailable fallback,0,19557410,1677,4,,
4126.284,30698.0,76159488,WSL MemTotal-MemAvailable fallback,0,19557410,1677,4,,
4127.318,30698.0,76166964,WSL MemTotal-MemAvailable fallback,0,19557410,1677,4,,
4128.358,30698.0,76169736,WSL MemTotal-MemAvailable fallback,0,19557410,1677,4,,
4129.392,30698.0,76184524,WSL MemTotal-MemAvailable fallback,0,19557410,1677,4,,
4130.425,30698.0,76170944,WSL MemTotal-MemAvailable fallback,0,19557410,1677,4,,
4131.464,30698.0,76174972,WSL MemTotal-MemAvailable fallback,0,19557410,1677,4,,
4132.499,30698.0,76189764,WSL MemTotal-MemAvailable fallback,0,19557410,1677,4,,
4133.541,30698.0,76197100,WSL MemTotal-MemAvailable fallback,0,19557410,1677,4,,
4134.575,30692.0,76185216,WSL MemTotal-MemAvailable fallback,0,19557410,1677,4,,
4135.621,30698.0,76181648,WSL MemTotal-MemAvailable fallback,0,19557410,1677,4,,
4136.655,30699.0,76173716,WSL MemTotal-MemAvailable fallback,0,19557410,1677,4,,
4137.69,30699.0,76190824,WSL MemTotal-MemAvailable fallback,0,19557410,1677,4,,
4138.725,30699.0,76177720,WSL MemTotal-MemAvailable fallback,0,19557410,1677,4,,
4139.766,30699.0,76171724,WSL MemTotal-MemAvailable fallback,0,19557410,1677,4,,
4140.803,30699.0,76187664,WSL MemTotal-MemAvailable fallback,0,19557410,1677,4,,
4141.844,30698.0,76194452,WSL MemTotal-MemAvailable fallback,0,19557410,1677,4,,
4142.902,30698.0,76183600,WSL MemTotal-MemAvailable fallback,0,19557410,1677,4,,
4143.939,30698.0,76177212,WSL MemTotal-MemAvailable fallback,0,19557410,1677,4,,
4144.975,30698.0,76175260,WSL MemTotal-MemAvailable fallback,0,19557410,1677,4,,
4146.008,30698.0,76161556,WSL MemTotal-MemAvailable fallback,0,19557410,1677,4,,
4147.046,30698.0,76177516,WSL MemTotal-MemAvailable fallback,0,19557410,1677,4,,
4148.086,30698.0,76170972,WSL MemTotal-MemAvailable fallback,0,19557410,1677,4,,
4149.12,30698.0,76163568,WSL MemTotal-MemAvailable fallback,0,19557410,1677,4,,
4150.158,30698.0,76163804,WSL MemTotal-MemAvailable fallback,0,19557410,1677,4,,
4151.191,30698.0,76166492,WSL MemTotal-MemAvailable fallback,0,19557410,1677,4,,
4152.227,30698.0,76169916,WSL MemTotal-MemAvailable fallback,0,19557410,1677,4,,
4153.262,30698.0,76170740,WSL MemTotal-MemAvailable fallback,0,19557410,1677,4,,
4154.296,30692.0,76167540,WSL MemTotal-MemAvailable fallback,0,19557410,1677,4,,
4155.331,30692.0,76169516,WSL MemTotal-MemAvailable fallback,0,19557410,1677,4,,
4156.365,30693.0,76170472,WSL MemTotal-MemAvailable fallback,0,19557410,1677,4,,
4157.4,30692.0,76171288,WSL MemTotal-MemAvailable fallback,0,19557410,1677,4,,
4158.434,30692.0,76168420,WSL MemTotal-MemAvailable fallback,0,19557410,1677,4,,
4159.468,30692.0,76164808,WSL MemTotal-MemAvailable fallback,0,19557410,1677,4,,
4160.503,30698.0,76161776,WSL MemTotal-MemAvailable fallback,0,19557410,1677,4,,
4161.547,30698.0,76165512,WSL MemTotal-MemAvailable fallback,0,19557410,1677,4,,
4162.581,30698.0,76159252,WSL MemTotal-MemAvailable fallback,0,19557410,1677,4,,
4163.615,30698.0,76165344,WSL MemTotal-MemAvailable fallback,0,19557410,1677,4,,
4164.65,30698.0,76163272,WSL MemTotal-MemAvailable fallback,0,19557410,1677,4,,
4165.683,30698.0,76161400,WSL MemTotal-MemAvailable fallback,0,19557410,1677,4,,
4166.717,30698.0,76154028,WSL MemTotal-MemAvailable fallback,0,19557410,1677,4,,
4167.751,30698.0,76161068,WSL MemTotal-MemAvailable fallback,0,19557410,1677,4,,
4168.786,30698.0,76160848,WSL MemTotal-MemAvailable fallback,0,19557410,1677,4,,
4169.819,30692.0,76157212,WSL MemTotal-MemAvailable fallback,0,19557410,1677,4,,
4170.854,30692.0,76159396,WSL MemTotal-MemAvailable fallback,0,19557410,1677,4,,
4171.887,30700.0,76163508,WSL MemTotal-MemAvailable fallback,0,19557410,1677,4,,
4172.922,30699.0,76161084,WSL MemTotal-MemAvailable fallback,0,19557410,1677,4,,
4173.962,30700.0,76159656,WSL MemTotal-MemAvailable fallback,0,19557410,1677,4,,
4174.996,30700.0,76164040,WSL MemTotal-MemAvailable fallback,0,19557410,1677,4,,
4176.035,30700.0,76160084,WSL MemTotal-MemAvailable fallback,0,19557410,1677,4,,
4177.077,30704.0,76162100,WSL MemTotal-MemAvailable fallback,0,19557410,1677,4,,
4178.118,30704.0,76162444,WSL MemTotal-MemAvailable fallback,0,19557410,1677,4,,
4179.152,30704.0,76161568,WSL MemTotal-MemAvailable fallback,0,19557410,1677,4,,
4180.186,30704.0,76158880,WSL MemTotal-MemAvailable fallback,0,19557410,1677,4,,
4181.219,30703.0,76158804,WSL MemTotal-MemAvailable fallback,0,19557410,1677,4,,
4182.252,30698.0,76161916,WSL MemTotal-MemAvailable fallback,0,19557410,1677,4,,
4183.29,30698.0,76179428,WSL MemTotal-MemAvailable fallback,0,19557410,1677,4,,
4184.325,30698.0,76181444,WSL MemTotal-MemAvailable fallback,0,19557410,1677,4,,
4185.361,30693.0,76196936,WSL MemTotal-MemAvailable fallback,0,19557410,1677,4,,
4186.395,30692.0,76182736,WSL MemTotal-MemAvailable fallback,0,19557410,1677,4,,
4187.432,30692.0,76182748,WSL MemTotal-MemAvailable fallback,0,19557410,1677,4,,
4188.466,30692.0,76164284,WSL MemTotal-MemAvailable fallback,0,19557410,1677,4,,
4189.505,30692.0,76172072,WSL MemTotal-MemAvailable fallback,0,19557410,1677,4,,
4190.54,30692.0,76161740,WSL MemTotal-MemAvailable fallback,0,19557410,1677,4,,
4191.578,30692.0,76175996,WSL MemTotal-MemAvailable fallback,0,19557410,1677,4,,
4192.612,30698.0,76179612,WSL MemTotal-MemAvailable fallback,0,19557410,1677,4,,
4193.645,30698.0,76161452,WSL MemTotal-MemAvailable fallback,0,19557410,1677,4,,
4194.685,30698.0,76163404,WSL MemTotal-MemAvailable fallback,0,19557410,1677,4,,
4195.719,30698.0,76163688,WSL MemTotal-MemAvailable fallback,0,19557410,1677,4,,
4196.759,30698.0,76162380,WSL MemTotal-MemAvailable fallback,0,19557410,1677,4,,
4197.793,30698.0,76160344,WSL MemTotal-MemAvailable fallback,0,19557410,1677,4,,
4198.827,30692.0,76164272,WSL MemTotal-MemAvailable fallback,0,19557410,1677,4,,
4199.862,30698.0,76165488,WSL MemTotal-MemAvailable fallback,0,19557410,1677,4,,
4200.896,30698.0,76160508,WSL MemTotal-MemAvailable fallback,0,19557410,1677,4,,
4201.931,30698.0,76164092,WSL MemTotal-MemAvailable fallback,0,19557410,1677,4,,
4202.965,30698.0,76187412,WSL MemTotal-MemAvailable fallback,0,19557410,1677,4,,
4203.999,30698.0,76170248,WSL MemTotal-MemAvailable fallback,0,19557410,1677,4,,
4205.035,30692.0,76174600,WSL MemTotal-MemAvailable fallback,0,19557410,1677,4,,
4206.1,30692.0,76173108,WSL MemTotal-MemAvailable fallback,0,19557410,1677,4,,
4207.134,30692.0,76166788,WSL MemTotal-MemAvailable fallback,0,19557410,1677,4,,
4208.177,30693.0,76168468,WSL MemTotal-MemAvailable fallback,0,19557410,1677,4,,
4209.21,30692.0,76183264,WSL MemTotal-MemAvailable fallback,0,19557410,1677,4,,
4210.243,30692.0,76198088,WSL MemTotal-MemAvailable fallback,0,19557410,1677,4,,
4211.289,30692.0,76198292,WSL MemTotal-MemAvailable fallback,0,19557410,1677,4,,
4212.347,30698.0,76195816,WSL MemTotal-MemAvailable fallback,0,19557410,1677,4,,
4213.381,30698.0,76210400,WSL MemTotal-MemAvailable fallback,0,19557410,1677,4,,
4214.414,30698.0,76192700,WSL MemTotal-MemAvailable fallback,0,19557410,1677,4,,
4215.448,30698.0,76196436,WSL MemTotal-MemAvailable fallback,0,19557410,1677,4,,
4216.483,30698.0,76197732,WSL MemTotal-MemAvailable fallback,0,19557410,1677,4,,
4217.516,30692.0,76184032,WSL MemTotal-MemAvailable fallback,0,19557410,1677,4,,
4218.559,30692.0,76182432,WSL MemTotal-MemAvailable fallback,0,19557410,1677,4,,
4219.593,30692.0,76181128,WSL MemTotal-MemAvailable fallback,0,19557410,1677,4,,
4220.629,30692.0,76178220,WSL MemTotal-MemAvailable fallback,0,19557410,1677,4,,
4221.674,30698.0,76162600,WSL MemTotal-MemAvailable fallback,0,19557410,1677,4,,
4222.707,30698.0,76178504,WSL MemTotal-MemAvailable fallback,0,19557410,1677,4,,
4223.746,30698.0,76186540,WSL MemTotal-MemAvailable fallback,0,19557410,1677,4,,
4224.781,30698.0,76183940,WSL MemTotal-MemAvailable fallback,0,19557410,1677,4,,
4225.814,30698.0,76181848,WSL MemTotal-MemAvailable fallback,0,19557410,1677,4,,
4226.848,30698.0,76178924,WSL MemTotal-MemAvailable fallback,0,19557410,1677,4,,
4227.885,30698.0,76181488,WSL MemTotal-MemAvailable fallback,0,19557410,1677,4,,
4228.924,30698.0,76180920,WSL MemTotal-MemAvailable fallback,0,19557410,1677,4,,
4229.958,30698.0,76180720,WSL MemTotal-MemAvailable fallback,0,19557410,1677,4,,
4230.996,30698.0,76181672,WSL MemTotal-MemAvailable fallback,0,19557410,1677,4,,
4232.033,30698.0,76178388,WSL MemTotal-MemAvailable fallback,0,19557410,1677,4,,
4233.068,30698.0,76167012,WSL MemTotal-MemAvailable fallback,0,19557410,1677,4,,
4234.107,30698.0,76170600,WSL MemTotal-MemAvailable fallback,0,19557410,1677,4,,
4235.14,30698.0,76171020,WSL MemTotal-MemAvailable fallback,0,19557410,1677,4,,
4236.178,30698.0,76177484,WSL MemTotal-MemAvailable fallback,0,19557410,1677,4,,
4237.212,30698.0,76164748,WSL MemTotal-MemAvailable fallback,0,19557410,1677,4,,
4238.247,30698.0,76169660,WSL MemTotal-MemAvailable fallback,0,19557410,1677,4,,
4239.28,30698.0,76177264,WSL MemTotal-MemAvailable fallback,0,19557410,1677,4,,
4240.317,30705.0,76175808,WSL MemTotal-MemAvailable fallback,0,19557410,1677,4,,
4241.35,30705.0,76170100,WSL MemTotal-MemAvailable fallback,0,19557410,1677,4,,
4242.383,30705.0,76168056,WSL MemTotal-MemAvailable fallback,0,19557410,1677,4,,
4243.419,30705.0,76164896,WSL MemTotal-MemAvailable fallback,0,19557410,1677,4,,
4244.453,30705.0,76164416,WSL MemTotal-MemAvailable fallback,0,19557410,1677,4,,
4245.487,30698.0,76167612,WSL MemTotal-MemAvailable fallback,0,19557410,1677,4,,
4246.529,30698.0,76161480,WSL MemTotal-MemAvailable fallback,0,19557410,1677,4,,
4247.563,30698.0,76164072,WSL MemTotal-MemAvailable fallback,0,19557410,1677,4,,
4248.599,30698.0,76173768,WSL MemTotal-MemAvailable fallback,0,19557410,1677,4,,
4249.634,30698.0,76174476,WSL MemTotal-MemAvailable fallback,0,19557410,1677,4,,
4250.668,30698.0,76177840,WSL MemTotal-MemAvailable fallback,0,19557410,1677,4,,
4251.716,30698.0,76175444,WSL MemTotal-MemAvailable fallback,0,19557410,1677,4,,
4252.752,30698.0,76173540,WSL MemTotal-MemAvailable fallback,0,19557410,1677,4,,
4253.789,30698.0,76174104,WSL MemTotal-MemAvailable fallback,0,19557410,1677,4,,
4254.823,30698.0,76171080,WSL MemTotal-MemAvailable fallback,0,19557410,1677,4,,
4255.857,30698.0,76161180,WSL MemTotal-MemAvailable fallback,0,19557410,1677,4,,
4256.891,30698.0,76156392,WSL MemTotal-MemAvailable fallback,0,19557410,1677,4,,
4257.926,30698.0,76158636,WSL MemTotal-MemAvailable fallback,0,19557410,1677,4,,
4258.969,30698.0,76155752,WSL MemTotal-MemAvailable fallback,0,19557410,1677,4,,
4260.004,30698.0,76155568,WSL MemTotal-MemAvailable fallback,0,19557410,1677,4,,
4261.038,30698.0,76155760,WSL MemTotal-MemAvailable fallback,0,19557410,1677,4,,
4262.073,30692.0,76154224,WSL MemTotal-MemAvailable fallback,0,19557410,1677,4,,
4263.108,30692.0,76169828,WSL MemTotal-MemAvailable fallback,0,19557410,1677,4,,
4264.142,30692.0,76185956,WSL MemTotal-MemAvailable fallback,0,19557410,1677,4,,
4265.177,30698.0,76203416,WSL MemTotal-MemAvailable fallback,0,19557410,1677,4,,
4266.219,30698.0,76216320,WSL MemTotal-MemAvailable fallback,0,19557410,1677,4,,
4267.253,30698.0,76216328,WSL MemTotal-MemAvailable fallback,0,19557410,1677,4,,
4268.296,30698.0,76208760,WSL MemTotal-MemAvailable fallback,0,19557410,1677,4,,
4269.333,30698.0,76222784,WSL MemTotal-MemAvailable fallback,0,19557410,1677,4,,
4270.369,30698.0,76219564,WSL MemTotal-MemAvailable fallback,0,19557410,1677,4,,
4271.402,30698.0,76218916,WSL MemTotal-MemAvailable fallback,0,19557410,1677,4,,
4272.446,30698.0,76212588,WSL MemTotal-MemAvailable fallback,0,19557410,1677,4,,
4273.482,30698.0,76211992,WSL MemTotal-MemAvailable fallback,0,19557410,1677,4,,
4274.516,30692.0,76211424,WSL MemTotal-MemAvailable fallback,0,19557410,1677,4,,
4275.555,30692.0,76207412,WSL MemTotal-MemAvailable fallback,0,19557410,1677,4,,
4276.589,30698.0,76204068,WSL MemTotal-MemAvailable fallback,0,19557410,1677,4,,
4277.625,30698.0,76202896,WSL MemTotal-MemAvailable fallback,0,19557410,1677,4,,
4278.659,30698.0,76183460,WSL MemTotal-MemAvailable fallback,0,19557410,1677,4,,
4279.694,30698.0,76179552,WSL MemTotal-MemAvailable fallback,0,19557410,1677,4,,
4280.728,30698.0,76192060,WSL MemTotal-MemAvailable fallback,0,19557410,1677,4,,
4281.766,30698.0,76192720,WSL MemTotal-MemAvailable fallback,0,19557410,1677,4,,
4282.8,30692.0,76185876,WSL MemTotal-MemAvailable fallback,0,19557410,1677,4,,
4283.833,30692.0,76172224,WSL MemTotal-MemAvailable fallback,0,19557410,1677,4,,
4284.867,30692.0,76171000,WSL MemTotal-MemAvailable fallback,0,19557410,1677,4,,
4285.903,30692.0,76169232,WSL MemTotal-MemAvailable fallback,0,19557410,1677,4,,
4286.937,30693.0,76169204,WSL MemTotal-MemAvailable fallback,0,19557410,1677,4,,
4287.972,30693.0,76165912,WSL MemTotal-MemAvailable fallback,0,19557410,1677,4,,
4289.008,30692.0,76167068,WSL MemTotal-MemAvailable fallback,0,19557410,1677,4,,
4290.045,30692.0,76163184,WSL MemTotal-MemAvailable fallback,0,19557410,1677,4,,
4291.079,30692.0,76165360,WSL MemTotal-MemAvailable fallback,0,19557410,1677,4,,
4292.113,30699.0,76160284,WSL MemTotal-MemAvailable fallback,0,19557410,1677,4,,
4293.151,30698.0,76163492,WSL MemTotal-MemAvailable fallback,0,19557410,1677,4,,
4294.184,30698.0,76159640,WSL MemTotal-MemAvailable fallback,0,19557410,1677,4,,
4295.218,30698.0,76160340,WSL MemTotal-MemAvailable fallback,0,19557410,1677,4,,
4296.268,30698.0,76157408,WSL MemTotal-MemAvailable fallback,0,19557410,1677,4,,
4297.306,30698.0,76160092,WSL MemTotal-MemAvailable fallback,0,19557410,1677,4,,
4298.341,30698.0,76164348,WSL MemTotal-MemAvailable fallback,0,19557410,1677,4,,
4299.379,30698.0,76172032,WSL MemTotal-MemAvailable fallback,0,19557410,1677,4,,
4300.412,30698.0,76178876,WSL MemTotal-MemAvailable fallback,0,19557410,1677,4,,
4301.447,30698.0,76182640,WSL MemTotal-MemAvailable fallback,0,19557410,1677,4,,
4302.481,30698.0,76177896,WSL MemTotal-MemAvailable fallback,0,19557410,1677,4,,
4303.516,30698.0,76175720,WSL MemTotal-MemAvailable fallback,0,19557410,1677,4,,
4304.549,30698.0,76164696,WSL MemTotal-MemAvailable fallback,0,19557410,1677,4,,
4305.584,30698.0,76162432,WSL MemTotal-MemAvailable fallback,0,19557410,1677,4,,
4306.62,30692.0,76161040,WSL MemTotal-MemAvailable fallback,0,19557410,1677,4,,
4307.655,30692.0,76161128,WSL MemTotal-MemAvailable fallback,0,19557410,1677,4,,
4308.69,30698.0,76158664,WSL MemTotal-MemAvailable fallback,0,19557410,1677,4,,
4309.725,30698.0,76143516,WSL MemTotal-MemAvailable fallback,0,19557410,1677,4,,
4310.762,30698.0,76149648,WSL MemTotal-MemAvailable fallback,0,19557410,1677,4,,
4311.805,30698.0,76142088,WSL MemTotal-MemAvailable fallback,0,19557410,1677,4,,
4312.84,30699.0,76146588,WSL MemTotal-MemAvailable fallback,0,19557410,1677,4,,
4313.876,30699.0,76151040,WSL MemTotal-MemAvailable fallback,0,19557410,1677,4,,
4314.909,30699.0,76146628,WSL MemTotal-MemAvailable fallback,0,19557410,1677,4,,
4315.946,30699.0,76143544,WSL MemTotal-MemAvailable fallback,0,19557410,1677,4,,
4316.98,30699.0,76146876,WSL MemTotal-MemAvailable fallback,0,19557410,1677,4,,
4318.016,30698.0,76148288,WSL MemTotal-MemAvailable fallback,0,19557410,1677,4,,
4319.049,30698.0,76146204,WSL MemTotal-MemAvailable fallback,0,19557410,1677,4,,
4320.084,30698.0,76150500,WSL MemTotal-MemAvailable fallback,0,19557410,1677,4,,
4321.117,30698.0,76141936,WSL MemTotal-MemAvailable fallback,0,19557410,1677,4,,
4322.152,30698.0,76144632,WSL MemTotal-MemAvailable fallback,0,19557410,1677,4,,
4323.186,30698.0,76141844,WSL MemTotal-MemAvailable fallback,0,19557410,1677,4,,
4324.22,30698.0,76143356,WSL MemTotal-MemAvailable fallback,0,19557410,1677,4,,
4325.255,30698.0,76141052,WSL MemTotal-MemAvailable fallback,0,19557410,1677,4,,
4326.303,30698.0,76143536,WSL MemTotal-MemAvailable fallback,0,19557410,1677,4,,
4327.34,30698.0,76147548,WSL MemTotal-MemAvailable fallback,0,19557410,1677,4,,
4328.374,30698.0,76144440,WSL MemTotal-MemAvailable fallback,0,19557410,1677,4,,
4329.408,30698.0,76142752,WSL MemTotal-MemAvailable fallback,0,19557410,1677,4,,
4330.445,30698.0,76147088,WSL MemTotal-MemAvailable fallback,0,19557410,1677,4,,
4331.479,30698.0,76148704,WSL MemTotal-MemAvailable fallback,0,19557410,1677,4,,
4332.513,30698.0,76149232,WSL MemTotal-MemAvailable fallback,0,19557410,1677,4,,
4333.552,30698.0,76146776,WSL MemTotal-MemAvailable fallback,0,19557410,1677,4,,
4334.586,30698.0,76137536,WSL MemTotal-MemAvailable fallback,0,19557410,1677,4,,
4335.623,30698.0,76141152,WSL MemTotal-MemAvailable fallback,0,19557410,1677,4,,
4336.658,30698.0,76138956,WSL MemTotal-MemAvailable fallback,0,19557410,1677,4,,
4337.692,30698.0,76141308,WSL MemTotal-MemAvailable fallback,0,19557410,1677,4,,
4338.726,30698.0,76140848,WSL MemTotal-MemAvailable fallback,0,19557410,1677,4,,
4339.761,30698.0,76143192,WSL MemTotal-MemAvailable fallback,0,19557410,1677,4,,
4340.796,30698.0,76144868,WSL MemTotal-MemAvailable fallback,0,19557410,1677,4,,
4341.835,30698.0,76139232,WSL MemTotal-MemAvailable fallback,0,19557410,1677,4,,
4342.869,30698.0,76145004,WSL MemTotal-MemAvailable fallback,0,19557410,1677,4,,
4343.904,30698.0,76161132,WSL MemTotal-MemAvailable fallback,0,19557410,1677,4,,
4344.938,30698.0,76156680,WSL MemTotal-MemAvailable fallback,0,19557410,1677,4,,
4345.972,30692.0,76150896,WSL MemTotal-MemAvailable fallback,0,19557410,1677,4,,
4347.008,30692.0,76156592,WSL MemTotal-MemAvailable fallback,0,19557410,1677,4,,
4348.043,30692.0,76159700,WSL MemTotal-MemAvailable fallback,0,19557410,1677,4,,
4349.077,30692.0,76157116,WSL MemTotal-MemAvailable fallback,0,19557410,1677,4,,
4350.111,30692.0,76154376,WSL MemTotal-MemAvailable fallback,0,19557410,1677,4,,
4351.148,30692.0,76152948,WSL MemTotal-MemAvailable fallback,0,19557410,1677,4,,
4352.181,30698.0,76149604,WSL MemTotal-MemAvailable fallback,0,19557410,1677,4,,
4353.217,30698.0,76149784,WSL MemTotal-MemAvailable fallback,0,19557410,1677,4,,
4354.25,30698.0,76149400,WSL MemTotal-MemAvailable fallback,0,19557410,1677,4,,
4355.283,30698.0,76146608,WSL MemTotal-MemAvailable fallback,0,19557410,1677,4,,
4356.328,30698.0,76146572,WSL MemTotal-MemAvailable fallback,0,19557410,1677,4,,
4357.364,30698.0,76149724,WSL MemTotal-MemAvailable fallback,0,19557410,1677,4,,
4358.397,30698.0,76150688,WSL MemTotal-MemAvailable fallback,0,19557410,1677,4,,
4359.43,30698.0,76158484,WSL MemTotal-MemAvailable fallback,0,19557410,1677,4,,
4360.465,30698.0,76156128,WSL MemTotal-MemAvailable fallback,0,19557410,1677,4,,
4361.5,30698.0,76155528,WSL MemTotal-MemAvailable fallback,0,19557410,1677,4,,
4362.538,30698.0,76149480,WSL MemTotal-MemAvailable fallback,0,19557410,1677,4,,
4363.573,30698.0,76151676,WSL MemTotal-MemAvailable fallback,0,19557410,1677,4,,
4364.609,30698.0,76141340,WSL MemTotal-MemAvailable fallback,0,19557410,1677,4,,
4365.643,30698.0,76143400,WSL MemTotal-MemAvailable fallback,0,19557410,1677,4,,
4366.677,30698.0,76145884,WSL MemTotal-MemAvailable fallback,0,19557410,1677,4,,
4367.713,30698.0,76150444,WSL MemTotal-MemAvailable fallback,0,19557410,1677,4,,
4368.75,30698.0,76150524,WSL MemTotal-MemAvailable fallback,0,19557410,1677,4,,
4369.782,30698.0,76148088,WSL MemTotal-MemAvailable fallback,0,19557410,1677,4,,
4370.818,30698.0,76152724,WSL MemTotal-MemAvailable fallback,0,19557410,1677,4,,
4371.867,30698.0,76154000,WSL MemTotal-MemAvailable fallback,0,19557410,1677,4,,
4372.9,30698.0,76153568,WSL MemTotal-MemAvailable fallback,0,19557410,1677,4,,
4373.938,30698.0,76152260,WSL MemTotal-MemAvailable fallback,0,19557410,1677,4,,
4374.972,30698.0,76154024,WSL MemTotal-MemAvailable fallback,0,19557410,1677,4,,
4376.007,30698.0,76151360,WSL MemTotal-MemAvailable fallback,0,19557410,1677,4,,
4377.041,30698.0,76149416,WSL MemTotal-MemAvailable fallback,0,19557410,1677,4,,
4378.075,30698.0,76151996,WSL MemTotal-MemAvailable fallback,0,19557410,1677,4,,
4379.109,30698.0,76141900,WSL MemTotal-MemAvailable fallback,0,19557410,1677,4,,
4380.145,30698.0,76149116,WSL MemTotal-MemAvailable fallback,0,19557410,1677,4,,
4381.179,30704.0,76147372,WSL MemTotal-MemAvailable fallback,0,19557410,1677,4,,
4382.215,30704.0,76144532,WSL MemTotal-MemAvailable fallback,0,19557410,1677,4,,
4383.249,30705.0,76145428,WSL MemTotal-MemAvailable fallback,0,19557410,1677,4,,
4384.286,30705.0,76147584,WSL MemTotal-MemAvailable fallback,0,19557410,1677,4,,
4385.319,30704.0,76146776,WSL MemTotal-MemAvailable fallback,0,19557410,1677,4,,
4386.37,30704.0,76147820,WSL MemTotal-MemAvailable fallback,0,19557410,1677,4,,
4387.403,30704.0,76150344,WSL MemTotal-MemAvailable fallback,0,19557410,1677,4,,
4388.437,30704.0,76148672,WSL MemTotal-MemAvailable fallback,0,19557410,1677,4,,
4389.471,30704.0,76132068,WSL MemTotal-MemAvailable fallback,0,19557410,1677,4,,
4390.506,30698.0,76131928,WSL MemTotal-MemAvailable fallback,0,19557410,1677,4,,
4391.54,30698.0,76136268,WSL MemTotal-MemAvailable fallback,0,19557410,1677,4,,
4392.574,30698.0,76134068,WSL MemTotal-MemAvailable fallback,0,19557410,1677,4,,
4393.607,30698.0,76137768,WSL MemTotal-MemAvailable fallback,0,19557410,1677,4,,
4394.641,30698.0,76134108,WSL MemTotal-MemAvailable fallback,0,19557410,1677,4,,
4395.677,30698.0,76136272,WSL MemTotal-MemAvailable fallback,0,19557410,1677,4,,
4396.712,30698.0,76134608,WSL MemTotal-MemAvailable fallback,0,19557410,1677,4,,
4397.751,30698.0,76137456,WSL MemTotal-MemAvailable fallback,0,19557410,1677,4,,
4398.785,30698.0,76154996,WSL MemTotal-MemAvailable fallback,0,19557410,1677,4,,
4399.82,30698.0,76159280,WSL MemTotal-MemAvailable fallback,0,19557410,1677,4,,
4400.854,30698.0,76163212,WSL MemTotal-MemAvailable fallback,0,19557410,1677,4,,
4401.888,30698.0,76171484,WSL MemTotal-MemAvailable fallback,0,19557410,1677,4,,
4402.923,30698.0,76168204,WSL MemTotal-MemAvailable fallback,0,19557410,1677,4,,
4403.959,30698.0,76171700,WSL MemTotal-MemAvailable fallback,0,19557410,1677,4,,
4404.993,30698.0,76167108,WSL MemTotal-MemAvailable fallback,0,19557410,1677,4,,
4406.026,30698.0,76160536,WSL MemTotal-MemAvailable fallback,0,19557410,1677,4,,
4407.062,30698.0,76162124,WSL MemTotal-MemAvailable fallback,0,19557410,1677,4,,
4408.096,30698.0,76159356,WSL MemTotal-MemAvailable fallback,0,19557410,1677,4,,
4409.131,30698.0,76164376,WSL MemTotal-MemAvailable fallback,0,19557410,1677,4,,
4410.165,30698.0,76165040,WSL MemTotal-MemAvailable fallback,0,19557410,1677,4,,
4411.201,30698.0,76165316,WSL MemTotal-MemAvailable fallback,0,19557410,1677,4,,
4412.235,30698.0,76159240,WSL MemTotal-MemAvailable fallback,0,19557410,1677,4,,
4413.269,30698.0,76162128,WSL MemTotal-MemAvailable fallback,0,19557410,1677,4,,
4414.303,30698.0,76155964,WSL MemTotal-MemAvailable fallback,0,19557410,1677,4,,
4415.336,30698.0,76157708,WSL MemTotal-MemAvailable fallback,0,19557410,1677,4,,
4416.386,30698.0,76159900,WSL MemTotal-MemAvailable fallback,0,19557410,1677,4,,
4417.421,30698.0,76174984,WSL MemTotal-MemAvailable fallback,0,19557410,1677,4,,
4418.454,30698.0,76187452,WSL MemTotal-MemAvailable fallback,0,19557410,1677,4,,
4419.487,30698.0,76171288,WSL MemTotal-MemAvailable fallback,0,19557410,1677,4,,
4420.522,30698.0,76173400,WSL MemTotal-MemAvailable fallback,0,19557410,1677,4,,
4421.56,30698.0,76174616,WSL MemTotal-MemAvailable fallback,0,19557410,1677,4,,
4422.595,30698.0,76179656,WSL MemTotal-MemAvailable fallback,0,19557410,1677,4,,
4423.63,30698.0,76173168,WSL MemTotal-MemAvailable fallback,0,19557410,1677,4,,
4424.666,30698.0,76168660,WSL MemTotal-MemAvailable fallback,0,19557410,1677,4,,
4425.702,30698.0,76169576,WSL MemTotal-MemAvailable fallback,0,19557410,1677,4,,
4426.737,30698.0,76164704,WSL MemTotal-MemAvailable fallback,0,19557410,1677,4,,
4427.771,30698.0,76163408,WSL MemTotal-MemAvailable fallback,0,19557410,1677,4,,
4428.807,30698.0,76157600,WSL MemTotal-MemAvailable fallback,0,19557410,1677,4,,
4429.842,30698.0,76151068,WSL MemTotal-MemAvailable fallback,0,19557410,1677,4,,
4430.877,30698.0,76145584,WSL MemTotal-MemAvailable fallback,0,19557410,1677,4,,
4431.911,30698.0,76145632,WSL MemTotal-MemAvailable fallback,0,19557410,1677,4,,
4432.945,30698.0,76150812,WSL MemTotal-MemAvailable fallback,0,19557410,1677,4,,
4433.978,30698.0,76152380,WSL MemTotal-MemAvailable fallback,0,19557410,1677,4,,
4435.013,30698.0,76149996,WSL MemTotal-MemAvailable fallback,0,19557410,1677,4,,
4436.049,30698.0,76135216,WSL MemTotal-MemAvailable fallback,0,19557410,1677,4,,
4437.082,30698.0,76138508,WSL MemTotal-MemAvailable fallback,0,19557410,1677,4,,
4438.114,30698.0,76133216,WSL MemTotal-MemAvailable fallback,0,19557410,1677,4,,
4439.152,30698.0,76136808,WSL MemTotal-MemAvailable fallback,0,19557410,1677,4,,
4440.186,30698.0,76136840,WSL MemTotal-MemAvailable fallback,0,19557410,1677,4,,
4441.223,30698.0,76130764,WSL MemTotal-MemAvailable fallback,0,19557410,1677,4,,
4442.257,30698.0,76133292,WSL MemTotal-MemAvailable fallback,0,19557410,1677,4,,
4443.292,30698.0,76137368,WSL MemTotal-MemAvailable fallback,0,19557410,1677,4,,
4444.329,30698.0,76138676,WSL MemTotal-MemAvailable fallback,0,19557410,1677,4,,
4445.362,30698.0,76137584,WSL MemTotal-MemAvailable fallback,0,19557410,1677,4,,
4446.404,30698.0,76136120,WSL MemTotal-MemAvailable fallback,0,19557410,1677,4,,
4447.442,30698.0,76143520,WSL MemTotal-MemAvailable fallback,0,19557410,1677,4,,
4448.478,30698.0,76139800,WSL MemTotal-MemAvailable fallback,0,19557410,1677,4,,
4449.511,30698.0,76134760,WSL MemTotal-MemAvailable fallback,0,19557410,1677,4,,
4450.546,30698.0,76143600,WSL MemTotal-MemAvailable fallback,0,19557410,1677,4,,
4451.581,30698.0,76148056,WSL MemTotal-MemAvailable fallback,0,19557410,1677,4,,
4452.615,30698.0,76145812,WSL MemTotal-MemAvailable fallback,0,19557410,1677,4,,
4453.651,30698.0,76144748,WSL MemTotal-MemAvailable fallback,0,19557410,1677,4,,
4454.686,30698.0,76148712,WSL MemTotal-MemAvailable fallback,0,19557410,1677,4,,
4455.721,30699.0,76147112,WSL MemTotal-MemAvailable fallback,0,19557410,1677,4,,
4456.759,30699.0,76144984,WSL MemTotal-MemAvailable fallback,0,19557410,1677,4,,
4457.794,30699.0,76148492,WSL MemTotal-MemAvailable fallback,0,19557410,1677,4,,
4458.829,30699.0,76151584,WSL MemTotal-MemAvailable fallback,0,19557410,1677,4,,
4459.862,30699.0,76158256,WSL MemTotal-MemAvailable fallback,0,19557410,1677,4,,
4460.896,30703.0,76154408,WSL MemTotal-MemAvailable fallback,0,19557410,1677,4,,
4461.933,30703.0,76147912,WSL MemTotal-MemAvailable fallback,0,19557410,1677,4,,
4462.966,30703.0,76151692,WSL MemTotal-MemAvailable fallback,0,19557410,1677,4,,
4464.001,30703.0,76146584,WSL MemTotal-MemAvailable fallback,0,19557410,1677,4,,
4465.036,30703.0,76146052,WSL MemTotal-MemAvailable fallback,0,19557410,1677,4,,
4466.072,30698.0,76143216,WSL MemTotal-MemAvailable fallback,0,19557410,1677,4,,
4467.105,30698.0,76146520,WSL MemTotal-MemAvailable fallback,0,19557410,1677,4,,
4468.141,30698.0,76147400,WSL MemTotal-MemAvailable fallback,0,19557410,1677,4,,
4469.176,30698.0,76136268,WSL MemTotal-MemAvailable fallback,0,19557410,1677,4,,
4470.211,30698.0,76138564,WSL MemTotal-MemAvailable fallback,0,19557410,1677,4,,
4471.244,30698.0,76143128,WSL MemTotal-MemAvailable fallback,0,19557410,1677,4,,
4472.278,30698.0,76144680,WSL MemTotal-MemAvailable fallback,0,19557410,1677,4,,
4473.314,30698.0,76144860,WSL MemTotal-MemAvailable fallback,0,19557410,1677,4,,
4474.35,30698.0,76142300,WSL MemTotal-MemAvailable fallback,0,19557410,1677,4,,
4475.383,30698.0,76146668,WSL MemTotal-MemAvailable fallback,0,19557410,1677,4,,
4476.428,30698.0,76146540,WSL MemTotal-MemAvailable fallback,0,19557410,1677,4,,
4477.463,30698.0,76146076,WSL MemTotal-MemAvailable fallback,0,19557410,1677,4,,
4478.495,30698.0,76135632,WSL MemTotal-MemAvailable fallback,0,19557410,1677,4,,
4479.529,30698.0,76140936,WSL MemTotal-MemAvailable fallback,0,19557410,1677,4,,
4480.563,30698.0,76137092,WSL MemTotal-MemAvailable fallback,0,19557410,1677,4,,
4481.598,30698.0,76140608,WSL MemTotal-MemAvailable fallback,0,19557410,1677,4,,
4482.633,30698.0,76141484,WSL MemTotal-MemAvailable fallback,0,19557410,1677,4,,
4483.668,30698.0,76144104,WSL MemTotal-MemAvailable fallback,0,19557410,1677,4,,
4484.704,30698.0,76142976,WSL MemTotal-MemAvailable fallback,0,19557410,1677,4,,
4485.74,30698.0,76156236,WSL MemTotal-MemAvailable fallback,0,19557410,1677,4,,
4486.774,30698.0,76154864,WSL MemTotal-MemAvailable fallback,0,19557410,1677,4,,
4487.809,30698.0,76159356,WSL MemTotal-MemAvailable fallback,0,19557410,1677,4,,
4488.844,30698.0,76155920,WSL MemTotal-MemAvailable fallback,0,19557410,1677,4,,
4489.877,30698.0,76153548,WSL MemTotal-MemAvailable fallback,0,19557410,1677,4,,
4490.911,30698.0,76155700,WSL MemTotal-MemAvailable fallback,0,19557410,1677,4,,
4491.95,30698.0,76145920,WSL MemTotal-MemAvailable fallback,0,19557410,1677,4,,
4492.984,30698.0,76148028,WSL MemTotal-MemAvailable fallback,0,19557410,1677,4,,
4494.017,30698.0,76144208,WSL MemTotal-MemAvailable fallback,0,19557410,1677,4,,
4495.051,30698.0,76145536,WSL MemTotal-MemAvailable fallback,0,19557410,1677,4,,
4496.088,30698.0,76140692,WSL MemTotal-MemAvailable fallback,0,19557410,1677,4,,
4497.122,30698.0,76141564,WSL MemTotal-MemAvailable fallback,0,19557410,1677,4,,
4498.164,30698.0,76130712,WSL MemTotal-MemAvailable fallback,0,19557410,1677,4,,
4499.201,30698.0,76137408,WSL MemTotal-MemAvailable fallback,0,19557410,1677,4,,
4500.238,30698.0,76140388,WSL MemTotal-MemAvailable fallback,0,19557410,1677,4,,
4501.273,30698.0,76139376,WSL MemTotal-MemAvailable fallback,0,19557410,1677,4,,
4502.308,30698.0,76135980,WSL MemTotal-MemAvailable fallback,0,19557410,1677,4,,
4503.346,30698.0,76132120,WSL MemTotal-MemAvailable fallback,0,19557410,1677,4,,
4504.38,30698.0,76135480,WSL MemTotal-MemAvailable fallback,0,19557410,1677,4,,
4505.415,30698.0,76134208,WSL MemTotal-MemAvailable fallback,0,19557410,1677,4,,
4506.461,30698.0,76130944,WSL MemTotal-MemAvailable fallback,0,19557410,1677,4,,
4507.506,30698.0,76135384,WSL MemTotal-MemAvailable fallback,0,19557410,1677,4,,
4508.54,30698.0,76137292,WSL MemTotal-MemAvailable fallback,0,19557410,1677,4,,
4509.573,30698.0,76131416,WSL MemTotal-MemAvailable fallback,0,19557410,1677,4,,
4510.606,30698.0,76134476,WSL MemTotal-MemAvailable fallback,0,19557410,1677,4,,
4511.64,30698.0,76134384,WSL MemTotal-MemAvailable fallback,0,19557410,1677,4,,
4512.674,30698.0,76133152,WSL MemTotal-MemAvailable fallback,0,19557410,1677,4,,
4513.708,30698.0,76136696,WSL MemTotal-MemAvailable fallback,0,19557410,1677,4,,
4514.746,30698.0,76138068,WSL MemTotal-MemAvailable fallback,0,19557410,1677,4,,
4515.779,30698.0,76127284,WSL MemTotal-MemAvailable fallback,0,19557410,1677,4,,
4516.814,30698.0,76128376,WSL MemTotal-MemAvailable fallback,0,19557410,1677,4,,
4517.849,30698.0,76131316,WSL MemTotal-MemAvailable fallback,0,19557410,1677,4,,
4518.883,30698.0,76132576,WSL MemTotal-MemAvailable fallback,0,19557410,1677,4,,
4519.917,30698.0,76133440,WSL MemTotal-MemAvailable fallback,0,19557410,1677,4,,
4520.959,30699.0,76133356,WSL MemTotal-MemAvailable fallback,0,19557410,1677,4,,
4521.993,30699.0,76139276,WSL MemTotal-MemAvailable fallback,0,19557410,1677,4,,
4523.029,30699.0,76138996,WSL MemTotal-MemAvailable fallback,0,19557410,1677,4,,
4524.062,30700.0,76143404,WSL MemTotal-MemAvailable fallback,0,19557410,1677,4,,
4525.097,30699.0,76142720,WSL MemTotal-MemAvailable fallback,0,19557410,1677,4,,
4526.131,30698.0,76132772,WSL MemTotal-MemAvailable fallback,0,19557410,1677,4,,
4527.165,30698.0,76135496,WSL MemTotal-MemAvailable fallback,0,19557410,1677,4,,
4528.198,30698.0,76145380,WSL MemTotal-MemAvailable fallback,0,19557410,1677,4,,
4529.232,30698.0,76145372,WSL MemTotal-MemAvailable fallback,0,19557410,1677,4,,
4530.265,30698.0,76146096,WSL MemTotal-MemAvailable fallback,0,19557410,1677,4,,
4531.299,30698.0,76147668,WSL MemTotal-MemAvailable fallback,0,19557410,1677,4,,
4532.335,30698.0,76147912,WSL MemTotal-MemAvailable fallback,0,19557410,1677,4,,
4533.371,30698.0,76146588,WSL MemTotal-MemAvailable fallback,0,19557410,1677,4,,
4534.404,30698.0,76148952,WSL MemTotal-MemAvailable fallback,0,19557410,1677,4,,
4535.438,30698.0,76148068,WSL MemTotal-MemAvailable fallback,0,19557410,1677,4,,
4536.481,30698.0,76137964,WSL MemTotal-MemAvailable fallback,0,19557410,1677,4,,
4537.534,30698.0,76144308,WSL MemTotal-MemAvailable fallback,0,19557410,1677,4,,
4538.567,30698.0,76141352,WSL MemTotal-MemAvailable fallback,0,19557410,1677,4,,
4539.599,30698.0,76140536,WSL MemTotal-MemAvailable fallback,0,19557410,1677,4,,
4540.637,30698.0,76144968,WSL MemTotal-MemAvailable fallback,0,19557410,1677,4,,
4541.669,30692.0,76141992,WSL MemTotal-MemAvailable fallback,0,19557410,1677,4,,
4542.703,30692.0,76140064,WSL MemTotal-MemAvailable fallback,0,19557410,1677,4,,
4543.74,30692.0,76143260,WSL MemTotal-MemAvailable fallback,0,19557410,1677,4,,
4544.776,30692.0,76142552,WSL MemTotal-MemAvailable fallback,0,19557410,1677,4,,
4545.809,30692.0,76146520,WSL MemTotal-MemAvailable fallback,0,19557410,1677,4,,
4546.844,30692.0,76146780,WSL MemTotal-MemAvailable fallback,0,19557410,1677,4,,
4547.878,30693.0,76149128,WSL MemTotal-MemAvailable fallback,0,19557410,1677,4,,
4548.912,30692.0,76136744,WSL MemTotal-MemAvailable fallback,0,19557410,1677,4,,
4549.948,30692.0,76138292,WSL MemTotal-MemAvailable fallback,0,19557410,1677,4,,
4550.986,30692.0,76134764,WSL MemTotal-MemAvailable fallback,0,19557410,1677,4,,
4552.021,30692.0,76136500,WSL MemTotal-MemAvailable fallback,0,19557410,1677,4,,
4553.054,30692.0,76152360,WSL MemTotal-MemAvailable fallback,0,19557410,1677,4,,
4554.089,30692.0,76150572,WSL MemTotal-MemAvailable fallback,0,19557410,1677,4,,
4555.123,30692.0,76144932,WSL MemTotal-MemAvailable fallback,0,19557410,1677,4,,
4556.157,30692.0,76148800,WSL MemTotal-MemAvailable fallback,0,19557410,1677,4,,
4557.19,30692.0,76146380,WSL MemTotal-MemAvailable fallback,0,19557410,1677,4,,
4558.225,30692.0,76146032,WSL MemTotal-MemAvailable fallback,0,19557410,1677,4,,
4559.261,30692.0,76138924,WSL MemTotal-MemAvailable fallback,0,19557410,1677,4,,
4560.296,30698.0,76133068,WSL MemTotal-MemAvailable fallback,0,19557410,1677,4,,
4561.329,30698.0,76139232,WSL MemTotal-MemAvailable fallback,0,19557410,1677,4,,
4562.363,30698.0,76138240,WSL MemTotal-MemAvailable fallback,0,19557410,1677,4,,
4563.399,30698.0,76140836,WSL MemTotal-MemAvailable fallback,0,19557410,1677,4,,
4564.433,30698.0,76139056,WSL MemTotal-MemAvailable fallback,0,19557410,1677,4,,
4565.468,30698.0,76144860,WSL MemTotal-MemAvailable fallback,0,19557410,1677,4,,
4566.526,30698.0,76142252,WSL MemTotal-MemAvailable fallback,0,19557410,1677,4,,
4567.577,30698.0,76132248,WSL MemTotal-MemAvailable fallback,0,19557410,1677,4,,
4568.611,30698.0,76135036,WSL MemTotal-MemAvailable fallback,0,19557410,1677,4,,
4569.645,30698.0,76142476,WSL MemTotal-MemAvailable fallback,0,19557410,1677,4,,
4570.678,30698.0,76144912,WSL MemTotal-MemAvailable fallback,0,19557410,1677,4,,
4571.712,30698.0,76143820,WSL MemTotal-MemAvailable fallback,0,19557410,1677,4,,
4572.76,30698.0,76145504,WSL MemTotal-MemAvailable fallback,0,19557410,1677,4,,
4573.797,30698.0,76147384,WSL MemTotal-MemAvailable fallback,0,19557410,1677,4,,
4574.832,30698.0,76140808,WSL MemTotal-MemAvailable fallback,0,19557410,1677,4,,
4575.865,30698.0,76135676,WSL MemTotal-MemAvailable fallback,0,19557410,1677,4,,
4576.9,30698.0,76141108,WSL MemTotal-MemAvailable fallback,0,19557410,1677,4,,
4577.934,30698.0,76135416,WSL MemTotal-MemAvailable fallback,0,19557410,1677,4,,
4578.969,30698.0,76126088,WSL MemTotal-MemAvailable fallback,0,19557410,1677,4,,
4580.005,30698.0,76131148,WSL MemTotal-MemAvailable fallback,0,19557410,1677,4,,
4581.041,30698.0,76122364,WSL MemTotal-MemAvailable fallback,0,19557410,1677,4,,
4582.074,30698.0,76129436,WSL MemTotal-MemAvailable fallback,0,19557410,1677,4,,
4583.106,30698.0,76129596,WSL MemTotal-MemAvailable fallback,0,19557410,1677,4,,
4584.143,30698.0,76129748,WSL MemTotal-MemAvailable fallback,0,19557410,1677,4,,
4585.177,30698.0,76128648,WSL MemTotal-MemAvailable fallback,0,19557410,1677,4,,
4586.211,30698.0,76132864,WSL MemTotal-MemAvailable fallback,0,19557410,1677,4,,
4587.244,30698.0,76130756,WSL MemTotal-MemAvailable fallback,0,19557410,1677,4,,
4588.278,30698.0,76131652,WSL MemTotal-MemAvailable fallback,0,19557410,1677,4,,
4589.314,30698.0,76131248,WSL MemTotal-MemAvailable fallback,0,19557410,1677,4,,
4590.348,30699.0,76132632,WSL MemTotal-MemAvailable fallback,0,19557410,1677,4,,
4591.383,30699.0,76134316,WSL MemTotal-MemAvailable fallback,0,19557410,1677,4,,
4592.417,30699.0,76134576,WSL MemTotal-MemAvailable fallback,0,19557410,1677,4,,
4593.451,30699.0,76124488,WSL MemTotal-MemAvailable fallback,0,19557410,1677,4,,
4594.484,30699.0,76130900,WSL MemTotal-MemAvailable fallback,0,19557410,1677,4,,
4595.518,30698.0,76131704,WSL MemTotal-MemAvailable fallback,0,19557410,1677,4,,
4596.571,30698.0,76125760,WSL MemTotal-MemAvailable fallback,0,19557410,1677,4,,
4597.628,30698.0,76122712,WSL MemTotal-MemAvailable fallback,0,19557410,1677,4,,
4598.661,30698.0,76126172,WSL MemTotal-MemAvailable fallback,0,19557410,1677,4,,
4599.694,30698.0,76122484,WSL MemTotal-MemAvailable fallback,0,19557410,1677,4,,
4600.728,30698.0,76117932,WSL MemTotal-MemAvailable fallback,0,19557410,1677,4,,
4601.762,30698.0,76123020,WSL MemTotal-MemAvailable fallback,0,19557410,1677,4,,
4602.798,30698.0,76126912,WSL MemTotal-MemAvailable fallback,0,19557410,1677,4,,
4603.834,30698.0,76124400,WSL MemTotal-MemAvailable fallback,0,19557410,1677,4,,
4604.87,30698.0,76129184,WSL MemTotal-MemAvailable fallback,0,19557410,1677,4,,
4605.903,30698.0,76136692,WSL MemTotal-MemAvailable fallback,0,19557410,1677,4,,
4606.937,30698.0,76136048,WSL MemTotal-MemAvailable fallback,0,19557410,1677,4,,
4607.971,30698.0,76117544,WSL MemTotal-MemAvailable fallback,0,19557410,1677,4,,
4609.008,30698.0,76123460,WSL MemTotal-MemAvailable fallback,0,19557410,1677,4,,
4610.042,30698.0,76118332,WSL MemTotal-MemAvailable fallback,0,19557410,1677,4,,
4611.082,30698.0,76120136,WSL MemTotal-MemAvailable fallback,0,19557410,1677,4,,
4612.121,30698.0,76124812,WSL MemTotal-MemAvailable fallback,0,19557410,1677,4,,
4613.155,30698.0,76121552,WSL MemTotal-MemAvailable fallback,0,19557410,1677,4,,
4614.189,30698.0,76125780,WSL MemTotal-MemAvailable fallback,0,19557410,1677,4,,
4615.222,30698.0,76123308,WSL MemTotal-MemAvailable fallback,0,19557410,1677,4,,
4616.256,30698.0,76127116,WSL MemTotal-MemAvailable fallback,0,19557410,1677,4,,
4617.29,30698.0,76117288,WSL MemTotal-MemAvailable fallback,0,19557410,1677,4,,
4618.324,30698.0,76117592,WSL MemTotal-MemAvailable fallback,0,19557410,1677,4,,
4619.367,30698.0,76121568,WSL MemTotal-MemAvailable fallback,0,19557410,1677,4,,
4620.403,30698.0,76124476,WSL MemTotal-MemAvailable fallback,0,19557410,1677,4,,
4621.438,30698.0,76122904,WSL MemTotal-MemAvailable fallback,0,19557410,1677,4,,
4622.472,30698.0,76119184,WSL MemTotal-MemAvailable fallback,0,19557410,1677,4,,
4623.505,30698.0,76122096,WSL MemTotal-MemAvailable fallback,0,19557410,1677,4,,
4624.54,30698.0,76120200,WSL MemTotal-MemAvailable fallback,0,19557410,1677,4,,
4625.572,30698.0,76123012,WSL MemTotal-MemAvailable fallback,0,19557410,1677,4,,
4626.615,30698.0,76120896,WSL MemTotal-MemAvailable fallback,0,19557411,1677,4,,
4627.665,30698.0,76133500,WSL MemTotal-MemAvailable fallback,0,19557411,1677,4,,
4628.699,30698.0,76130972,WSL MemTotal-MemAvailable fallback,0,19557411,1677,4,,
4629.732,30698.0,76125180,WSL MemTotal-MemAvailable fallback,0,19557411,1677,4,,
4630.765,30698.0,76130904,WSL MemTotal-MemAvailable fallback,0,19557411,1677,4,,
4631.799,30698.0,76129296,WSL MemTotal-MemAvailable fallback,0,19557411,1677,4,,
4632.836,30698.0,76132236,WSL MemTotal-MemAvailable fallback,0,19557411,1677,4,,
4633.871,30698.0,76132596,WSL MemTotal-MemAvailable fallback,0,19557411,1677,4,,
4634.906,30698.0,76139820,WSL MemTotal-MemAvailable fallback,0,19557411,1677,4,,
4635.946,30698.0,76131684,WSL MemTotal-MemAvailable fallback,0,19557411,1677,4,,
4636.985,30698.0,76131556,WSL MemTotal-MemAvailable fallback,0,19557411,1677,4,,
4638.019,30698.0,76129988,WSL MemTotal-MemAvailable fallback,0,19557411,1677,4,,
4639.053,30698.0,76125444,WSL MemTotal-MemAvailable fallback,0,19557411,1677,4,,
4640.088,30698.0,76129124,WSL MemTotal-MemAvailable fallback,0,19557411,1677,4,,
4641.124,30698.0,76132368,WSL MemTotal-MemAvailable fallback,0,19557411,1677,4,,
4642.157,30698.0,76132824,WSL MemTotal-MemAvailable fallback,0,19557411,1677,4,,
4643.191,30698.0,76132836,WSL MemTotal-MemAvailable fallback,0,19557411,1677,4,,
4644.225,30698.0,76130440,WSL MemTotal-MemAvailable fallback,0,19557411,1677,4,,
4645.258,30698.0,76137036,WSL MemTotal-MemAvailable fallback,0,19557411,1677,4,,
4646.292,30698.0,76135108,WSL MemTotal-MemAvailable fallback,0,19557411,1677,4,,
4647.327,30698.0,76140140,WSL MemTotal-MemAvailable fallback,0,19557411,1677,4,,
4648.364,30698.0,76142668,WSL MemTotal-MemAvailable fallback,0,19557411,1677,4,,
4649.398,30698.0,76136720,WSL MemTotal-MemAvailable fallback,0,19557411,1677,4,,
4650.432,30698.0,76152360,WSL MemTotal-MemAvailable fallback,0,19557411,1677,4,,
4651.467,30698.0,76168236,WSL MemTotal-MemAvailable fallback,0,19557411,1677,4,,
4652.502,30698.0,76164984,WSL MemTotal-MemAvailable fallback,0,19557411,1677,4,,
4653.538,30698.0,76160304,WSL MemTotal-MemAvailable fallback,0,19557411,1677,4,,
4654.572,30698.0,76157876,WSL MemTotal-MemAvailable fallback,0,19557411,1677,4,,
4655.608,30698.0,76155340,WSL MemTotal-MemAvailable fallback,0,19557411,1677,4,,
4656.666,30704.0,76144204,WSL MemTotal-MemAvailable fallback,0,19557411,1677,4,,
4657.71,30703.0,76139964,WSL MemTotal-MemAvailable fallback,0,19557411,1677,4,,
4658.744,30703.0,76138852,WSL MemTotal-MemAvailable fallback,0,19557411,1677,4,,
4659.785,30703.0,76143832,WSL MemTotal-MemAvailable fallback,0,19557411,1677,4,,
4660.82,30704.0,76140420,WSL MemTotal-MemAvailable fallback,0,19557411,1677,4,,
4661.854,30698.0,76141496,WSL MemTotal-MemAvailable fallback,0,19557411,1677,4,,
4662.888,30698.0,76139004,WSL MemTotal-MemAvailable fallback,0,19557411,1677,4,,
4663.923,30698.0,76138496,WSL MemTotal-MemAvailable fallback,0,19557411,1677,4,,
4664.963,30698.0,76142908,WSL MemTotal-MemAvailable fallback,0,19557411,1677,4,,
4666.001,30698.0,76142820,WSL MemTotal-MemAvailable fallback,0,19557411,1677,4,,
4667.035,30698.0,76139796,WSL MemTotal-MemAvailable fallback,0,19557411,1677,4,,
4668.069,30715.0,76135200,WSL MemTotal-MemAvailable fallback,0,19557411,1677,4,,
4669.101,30715.0,76151468,WSL MemTotal-MemAvailable fallback,0,19557411,1677,4,,
4670.135,30715.0,76138616,WSL MemTotal-MemAvailable fallback,0,19557411,1677,4,,
4671.181,30715.0,76137196,WSL MemTotal-MemAvailable fallback,0,19557411,1677,4,,
4672.214,30715.0,76134512,WSL MemTotal-MemAvailable fallback,0,19557411,1677,4,,
4673.249,30715.0,76138780,WSL MemTotal-MemAvailable fallback,0,19557411,1677,4,,
4674.284,30715.0,76134444,WSL MemTotal-MemAvailable fallback,0,19557411,1677,4,,
4675.318,30715.0,76136728,WSL MemTotal-MemAvailable fallback,0,19557411,1677,4,,
4676.359,30715.0,76134696,WSL MemTotal-MemAvailable fallback,0,19557411,1677,4,,
4677.392,30715.0,76136572,WSL MemTotal-MemAvailable fallback,0,19557411,1677,4,,
4678.425,30715.0,76140756,WSL MemTotal-MemAvailable fallback,0,19557411,1677,4,,
4679.46,30715.0,76138604,WSL MemTotal-MemAvailable fallback,0,19557411,1677,4,,
4680.495,30715.0,76143896,WSL MemTotal-MemAvailable fallback,0,19557411,1677,4,,
4681.528,30715.0,76130724,WSL MemTotal-MemAvailable fallback,0,19557411,1677,4,,
4682.563,30715.0,76136916,WSL MemTotal-MemAvailable fallback,0,19557411,1677,4,,
4683.602,30715.0,76198824,WSL MemTotal-MemAvailable fallback,0,19557411,1677,4,,
4684.638,30715.0,76206876,WSL MemTotal-MemAvailable fallback,0,19557411,1677,4,,
4685.672,30715.0,76223128,WSL MemTotal-MemAvailable fallback,0,19557411,1677,4,,
4686.709,30715.0,76229432,WSL MemTotal-MemAvailable fallback,0,19557411,1677,4,,
4687.754,30715.0,76250428,WSL MemTotal-MemAvailable fallback,0,19557411,1677,4,,
4688.796,30715.0,76323100,WSL MemTotal-MemAvailable fallback,0,19557411,1677,4,,
4689.839,30715.0,76338792,WSL MemTotal-MemAvailable fallback,0,19557411,1677,4,,
4690.875,30715.0,76353132,WSL MemTotal-MemAvailable fallback,0,19557411,1677,4,,
4691.922,30715.0,76354088,WSL MemTotal-MemAvailable fallback,0,19557411,1677,4,,
4692.969,30715.0,76357244,WSL MemTotal-MemAvailable fallback,0,19557411,1677,4,,
4694.004,30715.0,76339844,WSL MemTotal-MemAvailable fallback,0,19557411,1677,4,,
4695.044,30715.0,76329884,WSL MemTotal-MemAvailable fallback,0,19557411,1677,4,,
4696.081,30715.0,76326136,WSL MemTotal-MemAvailable fallback,0,19557411,1677,4,,
4697.116,30715.0,76270672,WSL MemTotal-MemAvailable fallback,0,19557411,1677,4,,
4698.156,30715.0,76275232,WSL MemTotal-MemAvailable fallback,0,19557411,1677,4,,
4699.191,30715.0,76272356,WSL MemTotal-MemAvailable fallback,0,19557411,1677,4,,
4700.225,30715.0,76272244,WSL MemTotal-MemAvailable fallback,0,19557411,1677,4,,
4701.271,30715.0,76260492,WSL MemTotal-MemAvailable fallback,0,19557411,1677,4,,
4702.305,30715.0,76244644,WSL MemTotal-MemAvailable fallback,0,19557411,1677,4,,
4703.34,30715.0,76241716,WSL MemTotal-MemAvailable fallback,0,19557411,1677,4,,
4704.374,30715.0,76242696,WSL MemTotal-MemAvailable fallback,0,19557411,1677,4,,
4705.409,30715.0,76228996,WSL MemTotal-MemAvailable fallback,0,19557411,1677,4,,
4706.443,30715.0,76226412,WSL MemTotal-MemAvailable fallback,0,19557411,1677,4,,
4707.478,30715.0,76227592,WSL MemTotal-MemAvailable fallback,0,19557411,1677,4,,
4708.514,30715.0,76227680,WSL MemTotal-MemAvailable fallback,0,19557411,1677,4,,
4709.555,30715.0,76219508,WSL MemTotal-MemAvailable fallback,0,19557411,1677,4,,
4710.589,30715.0,76214556,WSL MemTotal-MemAvailable fallback,0,19557411,1677,4,,
4711.623,30715.0,76218484,WSL MemTotal-MemAvailable fallback,0,19557411,1677,4,,
4712.658,30715.0,76218800,WSL MemTotal-MemAvailable fallback,0,19557411,1677,4,,
4713.693,30715.0,76219268,WSL MemTotal-MemAvailable fallback,0,19557411,1677,4,,
4714.727,30715.0,76212736,WSL MemTotal-MemAvailable fallback,0,19557411,1677,4,,
4715.766,30715.0,76209436,WSL MemTotal-MemAvailable fallback,0,19557411,1677,4,,
4716.812,30715.0,76194308,WSL MemTotal-MemAvailable fallback,0,19557411,1677,4,,
4717.865,30715.0,76183728,WSL MemTotal-MemAvailable fallback,0,19557411,1677,4,,
4718.897,30715.0,76188372,WSL MemTotal-MemAvailable fallback,0,19557411,1677,4,,
4719.93,30715.0,76172620,WSL MemTotal-MemAvailable fallback,0,19557411,1677,4,,
4720.964,30715.0,76169768,WSL MemTotal-MemAvailable fallback,0,19557411,1677,4,,
4722.0,30715.0,76167052,WSL MemTotal-MemAvailable fallback,0,19557411,1677,4,,
4723.033,30715.0,76169604,WSL MemTotal-MemAvailable fallback,0,19557411,1677,4,,
4724.067,30715.0,76169284,WSL MemTotal-MemAvailable fallback,0,19557411,1677,4,,
4725.103,30715.0,76162924,WSL MemTotal-MemAvailable fallback,0,19557411,1677,4,,
4726.137,30715.0,76152292,WSL MemTotal-MemAvailable fallback,0,19557411,1677,4,,
4727.171,30715.0,76155484,WSL MemTotal-MemAvailable fallback,0,19557411,1677,4,,
4728.206,30715.0,76158188,WSL MemTotal-MemAvailable fallback,0,19557411,1677,4,,
4729.246,30715.0,76159936,WSL MemTotal-MemAvailable fallback,0,19557411,1677,4,,
4730.284,30715.0,76159852,WSL MemTotal-MemAvailable fallback,0,19557411,1677,4,,
4731.327,30715.0,76166128,WSL MemTotal-MemAvailable fallback,0,19557411,1677,4,,
4732.36,30715.0,76170128,WSL MemTotal-MemAvailable fallback,0,19557411,1677,4,,
4733.396,30715.0,76168212,WSL MemTotal-MemAvailable fallback,0,19557411,1677,4,,
4734.43,30716.0,76165192,WSL MemTotal-MemAvailable fallback,0,19557411,1677,4,,
4735.465,30715.0,76168020,WSL MemTotal-MemAvailable fallback,0,19557411,1677,4,,
4736.5,30716.0,76164508,WSL MemTotal-MemAvailable fallback,0,19557411,1677,4,,
4737.539,30715.0,76166216,WSL MemTotal-MemAvailable fallback,0,19557411,1677,4,,
4738.574,30710.0,76169880,WSL MemTotal-MemAvailable fallback,0,19557411,1677,4,,
4739.608,30703.0,76166556,WSL MemTotal-MemAvailable fallback,0,19557411,1677,4,,
4740.644,30703.0,76166032,WSL MemTotal-MemAvailable fallback,0,19557411,1677,4,,
4741.679,30703.0,76168692,WSL MemTotal-MemAvailable fallback,0,19557411,1677,4,,
4742.714,30703.0,76167844,WSL MemTotal-MemAvailable fallback,0,19557411,1677,4,,
4743.748,30703.0,76167856,WSL MemTotal-MemAvailable fallback,0,19557411,1677,4,,
4744.783,30703.0,76166652,WSL MemTotal-MemAvailable fallback,0,19557411,1677,4,,
4745.817,30703.0,76157808,WSL MemTotal-MemAvailable fallback,0,19557411,1677,4,,
4746.87,30703.0,76160652,WSL MemTotal-MemAvailable fallback,0,19557411,1677,4,,
4747.932,30703.0,76156888,WSL MemTotal-MemAvailable fallback,0,19557411,1677,4,,
4748.965,30703.0,76160260,WSL MemTotal-MemAvailable fallback,0,19557411,1677,4,,
4750.0,30703.0,76156144,WSL MemTotal-MemAvailable fallback,0,19557411,1677,4,,
4751.036,30703.0,76159772,WSL MemTotal-MemAvailable fallback,0,19557411,1677,4,,
4752.069,30703.0,76162360,WSL MemTotal-MemAvailable fallback,0,19557411,1677,4,,
4753.103,30703.0,76161260,WSL MemTotal-MemAvailable fallback,0,19557411,1677,4,,
4754.139,30697.0,76159412,WSL MemTotal-MemAvailable fallback,0,19557411,1677,4,,
4755.173,30697.0,76161960,WSL MemTotal-MemAvailable fallback,0,19557411,1677,4,,
4756.209,30703.0,76149556,WSL MemTotal-MemAvailable fallback,0,19557411,1677,4,,
4757.245,30703.0,76149752,WSL MemTotal-MemAvailable fallback,0,19557411,1677,4,,
4758.283,30703.0,76145336,WSL MemTotal-MemAvailable fallback,0,19557411,1677,4,,
4759.319,30703.0,76146452,WSL MemTotal-MemAvailable fallback,0,19557411,1677,4,,
4760.354,30703.0,76151204,WSL MemTotal-MemAvailable fallback,0,19557411,1677,4,,
4761.393,30703.0,76152992,WSL MemTotal-MemAvailable fallback,0,19557411,1677,4,,
4762.428,30703.0,76153680,WSL MemTotal-MemAvailable fallback,0,19557411,1677,4,,
4763.461,30703.0,76153288,WSL MemTotal-MemAvailable fallback,0,19557411,1677,4,,
4764.494,30703.0,76156788,WSL MemTotal-MemAvailable fallback,0,19557411,1677,4,,
4765.528,30697.0,76158324,WSL MemTotal-MemAvailable fallback,0,19557411,1677,4,,
4766.562,30697.0,76159588,WSL MemTotal-MemAvailable fallback,0,19557411,1677,4,,
4767.596,30698.0,76155080,WSL MemTotal-MemAvailable fallback,0,19557411,1677,4,,
4768.633,30703.0,76158152,WSL MemTotal-MemAvailable fallback,0,19557411,1677,4,,
4769.667,30703.0,76148232,WSL MemTotal-MemAvailable fallback,0,19557411,1677,4,,
4770.7,30703.0,76154716,WSL MemTotal-MemAvailable fallback,0,19557411,1677,4,,
4771.742,30703.0,76163112,WSL MemTotal-MemAvailable fallback,0,19557411,1677,4,,
4772.777,30703.0,76162492,WSL MemTotal-MemAvailable fallback,0,19557411,1677,4,,
4773.813,30703.0,76157984,WSL MemTotal-MemAvailable fallback,0,19557411,1677,4,,
4774.847,30703.0,76161036,WSL MemTotal-MemAvailable fallback,0,19557411,1677,4,,
4775.883,30703.0,76163592,WSL MemTotal-MemAvailable fallback,0,19557411,1677,4,,
4776.927,30703.0,76164596,WSL MemTotal-MemAvailable fallback,0,19557411,1677,4,,
4777.966,30703.0,76170816,WSL MemTotal-MemAvailable fallback,0,19557411,1677,4,,
4779.0,30703.0,76173172,WSL MemTotal-MemAvailable fallback,0,19557411,1677,4,,
4780.034,30703.0,76169792,WSL MemTotal-MemAvailable fallback,0,19557411,1677,4,,
4781.069,30703.0,76173156,WSL MemTotal-MemAvailable fallback,0,19557411,1677,4,,
4782.103,30697.0,76161284,WSL MemTotal-MemAvailable fallback,0,19557411,1677,4,,
4783.137,30697.0,76165488,WSL MemTotal-MemAvailable fallback,0,19557411,1677,4,,
4784.172,30698.0,76165912,WSL MemTotal-MemAvailable fallback,0,19557411,1677,4,,
4785.207,30703.0,76169312,WSL MemTotal-MemAvailable fallback,0,19557411,1677,4,,
4786.243,30703.0,76169596,WSL MemTotal-MemAvailable fallback,0,19557411,1677,4,,
4787.278,30703.0,76165372,WSL MemTotal-MemAvailable fallback,0,19557411,1677,4,,
4788.314,30703.0,76170124,WSL MemTotal-MemAvailable fallback,0,19557411,1677,4,,
4789.348,30703.0,76168108,WSL MemTotal-MemAvailable fallback,0,19557411,1677,4,,
4790.382,30703.0,76170420,WSL MemTotal-MemAvailable fallback,0,19557411,1677,4,,
4791.418,30703.0,76160596,WSL MemTotal-MemAvailable fallback,0,19557411,1677,4,,
4792.452,30703.0,76156664,WSL MemTotal-MemAvailable fallback,0,19557411,1677,4,,
4793.486,30703.0,76160300,WSL MemTotal-MemAvailable fallback,0,19557411,1677,4,,
4794.521,30703.0,76159220,WSL MemTotal-MemAvailable fallback,0,19557411,1677,4,,
4795.554,30703.0,76160844,WSL MemTotal-MemAvailable fallback,0,19557411,1677,4,,
4796.589,30703.0,76159780,WSL MemTotal-MemAvailable fallback,0,19557411,1677,4,,
4797.623,30698.0,76161680,WSL MemTotal-MemAvailable fallback,0,19557411,1677,4,,
4798.658,30698.0,76160000,WSL MemTotal-MemAvailable fallback,0,19557411,1677,4,,
4799.691,30698.0,76175520,WSL MemTotal-MemAvailable fallback,0,19557411,1677,4,,
4800.726,30703.0,76173352,WSL MemTotal-MemAvailable fallback,0,19557411,1677,4,,
4801.761,30703.0,76160684,WSL MemTotal-MemAvailable fallback,0,19557411,1677,4,,
4802.796,30703.0,76163344,WSL MemTotal-MemAvailable fallback,0,19557411,1677,4,,
4803.833,30703.0,76162612,WSL MemTotal-MemAvailable fallback,0,19557411,1677,4,,
4804.867,30703.0,76157488,WSL MemTotal-MemAvailable fallback,0,19557411,1677,4,,
4805.904,30704.0,76165468,WSL MemTotal-MemAvailable fallback,0,19557411,1677,4,,
4806.946,30704.0,76156592,WSL MemTotal-MemAvailable fallback,0,19557411,1677,4,,
4807.993,30704.0,76157168,WSL MemTotal-MemAvailable fallback,0,19557411,1677,4,,
4809.03,30704.0,76157452,WSL MemTotal-MemAvailable fallback,0,19557411,1677,4,,
4810.065,30704.0,76160464,WSL MemTotal-MemAvailable fallback,0,19557411,1677,4,,
4811.101,30704.0,76156708,WSL MemTotal-MemAvailable fallback,0,19557411,1677,4,,
4812.136,30703.0,76164408,WSL MemTotal-MemAvailable fallback,0,19557411,1677,4,,
4813.171,30703.0,76166896,WSL MemTotal-MemAvailable fallback,0,19557411,1677,4,,
4814.206,30703.0,76158968,WSL MemTotal-MemAvailable fallback,0,19557411,1677,4,,
4815.241,30703.0,76160444,WSL MemTotal-MemAvailable fallback,0,19557411,1677,4,,
4816.276,30698.0,76158400,WSL MemTotal-MemAvailable fallback,0,19557411,1677,4,,
4817.313,30697.0,76160196,WSL MemTotal-MemAvailable fallback,0,19557411,1677,4,,
4818.348,30697.0,76157960,WSL MemTotal-MemAvailable fallback,0,19557411,1677,4,,
4819.383,30697.0,76161512,WSL MemTotal-MemAvailable fallback,0,19557411,1677,4,,
4820.42,30703.0,76160820,WSL MemTotal-MemAvailable fallback,0,19557411,1677,4,,
4821.457,30703.0,76156784,WSL MemTotal-MemAvailable fallback,0,19557411,1677,4,,
4822.491,30703.0,76161124,WSL MemTotal-MemAvailable fallback,0,19557411,1677,4,,
4823.526,30703.0,76159148,WSL MemTotal-MemAvailable fallback,0,19557411,1677,4,,
4824.562,30703.0,76153856,WSL MemTotal-MemAvailable fallback,0,19557411,1677,4,,
4825.597,30703.0,76169436,WSL MemTotal-MemAvailable fallback,0,19557411,1677,4,,
4826.63,30703.0,76158908,WSL MemTotal-MemAvailable fallback,0,19557411,1677,4,,
4827.665,30703.0,76157768,WSL MemTotal-MemAvailable fallback,0,19557411,1677,4,,
4828.7,30703.0,76152240,WSL MemTotal-MemAvailable fallback,0,19557411,1677,4,,
4829.737,30697.0,76160772,WSL MemTotal-MemAvailable fallback,0,19557411,1677,4,,
4830.771,30697.0,76157556,WSL MemTotal-MemAvailable fallback,0,19557411,1677,4,,
4831.807,30697.0,76160452,WSL MemTotal-MemAvailable fallback,0,19557411,1677,4,,
4832.841,30703.0,76158940,WSL MemTotal-MemAvailable fallback,0,19557411,1677,4,,
4833.875,30703.0,76162396,WSL MemTotal-MemAvailable fallback,0,19557411,1677,4,,
4834.91,30703.0,76167000,WSL MemTotal-MemAvailable fallback,0,19557411,1677,4,,
4835.949,30703.0,76167272,WSL MemTotal-MemAvailable fallback,0,19557411,1677,4,,
4836.984,30703.0,76167484,WSL MemTotal-MemAvailable fallback,0,19557411,1677,4,,
4838.024,30703.0,76174940,WSL MemTotal-MemAvailable fallback,0,19557411,1677,4,,
4839.059,30704.0,76173436,WSL MemTotal-MemAvailable fallback,0,19557411,1677,4,,
4840.093,30704.0,76161624,WSL MemTotal-MemAvailable fallback,0,19557411,1677,4,,
4841.126,30704.0,76159240,WSL MemTotal-MemAvailable fallback,0,19557411,1677,4,,
4842.16,30699.0,76161724,WSL MemTotal-MemAvailable fallback,0,19557411,1677,4,,
4843.198,30698.0,76159384,WSL MemTotal-MemAvailable fallback,0,19557411,1677,4,,
4844.239,30704.0,76157960,WSL MemTotal-MemAvailable fallback,0,19557411,1677,4,,
4845.273,30703.0,76158748,WSL MemTotal-MemAvailable fallback,0,19557411,1677,4,,
4846.308,30703.0,76155524,WSL MemTotal-MemAvailable fallback,0,19557411,1677,4,,
4847.345,30703.0,76158912,WSL MemTotal-MemAvailable fallback,0,19557411,1677,4,,
4848.382,30703.0,76160320,WSL MemTotal-MemAvailable fallback,0,19557411,1677,4,,
4849.416,30703.0,76159568,WSL MemTotal-MemAvailable fallback,0,19557411,1677,4,,
4850.452,30697.0,76150132,WSL MemTotal-MemAvailable fallback,0,19557411,1677,4,,
4851.489,30697.0,76156404,WSL MemTotal-MemAvailable fallback,0,19557411,1677,4,,
4852.522,30703.0,76149764,WSL MemTotal-MemAvailable fallback,0,19557411,1677,4,,
4853.558,30703.0,76146212,WSL MemTotal-MemAvailable fallback,0,19557411,1677,4,,
4854.593,30703.0,76150136,WSL MemTotal-MemAvailable fallback,0,19557411,1677,4,,
4855.629,30703.0,76149080,WSL MemTotal-MemAvailable fallback,0,19557411,1677,4,,
4856.664,30703.0,76149696,WSL MemTotal-MemAvailable fallback,0,19557411,1677,4,,
4857.698,30703.0,76149640,WSL MemTotal-MemAvailable fallback,0,19557411,1677,4,,
4858.733,30698.0,76148816,WSL MemTotal-MemAvailable fallback,0,19557411,1677,4,,
4859.767,30698.0,76153200,WSL MemTotal-MemAvailable fallback,0,19557411,1677,4,,
4860.801,30703.0,76145096,WSL MemTotal-MemAvailable fallback,0,19557411,1677,4,,
4861.836,30703.0,76146420,WSL MemTotal-MemAvailable fallback,0,19557411,1677,4,,
4862.873,30703.0,76148184,WSL MemTotal-MemAvailable fallback,0,19557411,1677,4,,
4863.908,30703.0,76143028,WSL MemTotal-MemAvailable fallback,0,19557411,1677,4,,
4864.949,30698.0,76150292,WSL MemTotal-MemAvailable fallback,0,19557411,1677,4,,
4865.983,30698.0,76149876,WSL MemTotal-MemAvailable fallback,0,19557411,1677,4,,
4867.02,30698.0,76149512,WSL MemTotal-MemAvailable fallback,0,19557411,1677,4,,
4868.068,30703.0,76156008,WSL MemTotal-MemAvailable fallback,0,19557411,1677,4,,
4869.101,30703.0,76160644,WSL MemTotal-MemAvailable fallback,0,19557411,1677,4,,
4870.134,30703.0,76165564,WSL MemTotal-MemAvailable fallback,0,19557411,1677,4,,
4871.167,30703.0,76173016,WSL MemTotal-MemAvailable fallback,0,19557411,1677,4,,
4872.201,30703.0,76163076,WSL MemTotal-MemAvailable fallback,0,19557411,1677,4,,
4873.237,30703.0,76177044,WSL MemTotal-MemAvailable fallback,0,19557411,1677,4,,
4874.272,30703.0,76159204,WSL MemTotal-MemAvailable fallback,0,19557411,1677,4,,
4875.305,30703.0,76169176,WSL MemTotal-MemAvailable fallback,0,19557411,1677,4,,
4876.339,30703.0,76164556,WSL MemTotal-MemAvailable fallback,0,19557411,1677,4,,
4877.372,30703.0,76172620,WSL MemTotal-MemAvailable fallback,0,19557411,1677,4,,
4878.408,30698.0,76170384,WSL MemTotal-MemAvailable fallback,0,19557411,1677,4,,
4879.452,30697.0,76162208,WSL MemTotal-MemAvailable fallback,0,19557411,1677,4,,
4880.487,30703.0,76166156,WSL MemTotal-MemAvailable fallback,0,19557411,1677,4,,
4881.524,30703.0,76167024,WSL MemTotal-MemAvailable fallback,0,19557411,1677,4,,
4882.557,30703.0,76166212,WSL MemTotal-MemAvailable fallback,0,19557411,1677,4,,
4883.593,30703.0,76168228,WSL MemTotal-MemAvailable fallback,0,19557411,1677,4,,
4884.629,30703.0,76162528,WSL MemTotal-MemAvailable fallback,0,19557411,1677,4,,
4885.663,30697.0,76170044,WSL MemTotal-MemAvailable fallback,0,19557411,1677,4,,
4886.697,30697.0,76169256,WSL MemTotal-MemAvailable fallback,0,19557411,1677,4,,
4887.731,30697.0,76169992,WSL MemTotal-MemAvailable fallback,0,19557411,1677,4,,
4888.764,30698.0,76168936,WSL MemTotal-MemAvailable fallback,0,19557411,1677,4,,
4889.798,30697.0,76168324,WSL MemTotal-MemAvailable fallback,0,19557411,1677,4,,
4890.833,30697.0,76178308,WSL MemTotal-MemAvailable fallback,0,19557411,1677,4,,
4891.868,30697.0,76173304,WSL MemTotal-MemAvailable fallback,0,19557411,1677,4,,
4892.904,30703.0,76172444,WSL MemTotal-MemAvailable fallback,0,19557411,1677,4,,
4893.943,30703.0,76176464,WSL MemTotal-MemAvailable fallback,0,19557411,1677,4,,
4894.977,30703.0,76178972,WSL MemTotal-MemAvailable fallback,0,19557411,1677,4,,
4896.013,30703.0,76177024,WSL MemTotal-MemAvailable fallback,0,19557411,1677,4,,
4897.052,30703.0,76164020,WSL MemTotal-MemAvailable fallback,0,19557411,1677,4,,
4898.09,30703.0,76152320,WSL MemTotal-MemAvailable fallback,0,19557411,1677,4,,
4899.123,30703.0,76160576,WSL MemTotal-MemAvailable fallback,0,19557411,1677,4,,
4900.158,30703.0,76157500,WSL MemTotal-MemAvailable fallback,0,19557411,1677,4,,
4901.194,30703.0,76158300,WSL MemTotal-MemAvailable fallback,0,19557411,1677,4,,
4902.228,30703.0,76159640,WSL MemTotal-MemAvailable fallback,0,19557411,1677,4,,
4903.263,30703.0,76167396,WSL MemTotal-MemAvailable fallback,0,19557411,1677,4,,
4904.3,30703.0,76172656,WSL MemTotal-MemAvailable fallback,0,19557411,1677,4,,
4905.336,30703.0,76175232,WSL MemTotal-MemAvailable fallback,0,19557411,1677,4,,
4906.377,30703.0,76170916,WSL MemTotal-MemAvailable fallback,0,19557411,1677,4,,
4907.412,30703.0,76169500,WSL MemTotal-MemAvailable fallback,0,19557411,1677,4,,
4908.446,30703.0,76173604,WSL MemTotal-MemAvailable fallback,0,19557411,1677,4,,
4909.484,30704.0,76172060,WSL MemTotal-MemAvailable fallback,0,19557411,1677,4,,
4910.519,30704.0,76180156,WSL MemTotal-MemAvailable fallback,0,19557411,1677,4,,
4911.557,30704.0,76174764,WSL MemTotal-MemAvailable fallback,0,19557411,1677,4,,
4912.59,30704.0,76173428,WSL MemTotal-MemAvailable fallback,0,19557411,1677,4,,
4913.629,30698.0,76173140,WSL MemTotal-MemAvailable fallback,0,19557411,1677,4,,
4914.663,30698.0,76175828,WSL MemTotal-MemAvailable fallback,0,19557411,1677,4,,
4915.697,30703.0,76175264,WSL MemTotal-MemAvailable fallback,0,19557411,1677,4,,
4916.734,30703.0,76171756,WSL MemTotal-MemAvailable fallback,0,19557411,1677,4,,
4917.767,30703.0,76176268,WSL MemTotal-MemAvailable fallback,0,19557411,1677,4,,
4918.801,30703.0,76176184,WSL MemTotal-MemAvailable fallback,0,19557411,1677,4,,
4919.836,30703.0,76178108,WSL MemTotal-MemAvailable fallback,0,19557411,1677,4,,
4920.871,30703.0,76174032,WSL MemTotal-MemAvailable fallback,0,19557411,1677,4,,
4921.909,30703.0,76177176,WSL MemTotal-MemAvailable fallback,0,19557411,1677,4,,
4922.95,30703.0,76169724,WSL MemTotal-MemAvailable fallback,0,19557411,1677,4,,
4923.985,30703.0,76172612,WSL MemTotal-MemAvailable fallback,0,19557411,1677,4,,
4925.02,30703.0,76178960,WSL MemTotal-MemAvailable fallback,0,19557411,1677,4,,
4926.091,30703.0,76176412,WSL MemTotal-MemAvailable fallback,0,19557411,1677,4,,
4927.137,30703.0,76177056,WSL MemTotal-MemAvailable fallback,0,19557411,1677,4,,
4928.175,30703.0,76181120,WSL MemTotal-MemAvailable fallback,0,19557411,1677,4,,
4929.21,30703.0,76184612,WSL MemTotal-MemAvailable fallback,0,19557411,1677,4,,
4930.244,30703.0,76191164,WSL MemTotal-MemAvailable fallback,0,19557411,1677,4,,
4931.28,30703.0,76187776,WSL MemTotal-MemAvailable fallback,0,19557411,1677,4,,
4932.314,30703.0,76186808,WSL MemTotal-MemAvailable fallback,0,19557411,1677,4,,
4933.353,30703.0,76188192,WSL MemTotal-MemAvailable fallback,0,19557411,1677,4,,
4934.39,30703.0,76185232,WSL MemTotal-MemAvailable fallback,0,19557411,1677,4,,
4935.424,30703.0,76192424,WSL MemTotal-MemAvailable fallback,0,19557411,1677,4,,
4936.458,30703.0,76192676,WSL MemTotal-MemAvailable fallback,0,19557411,1677,4,,
4937.492,30698.0,76179952,WSL MemTotal-MemAvailable fallback,0,19557411,1677,4,,
4938.527,30698.0,76179536,WSL MemTotal-MemAvailable fallback,0,19557411,1677,4,,
4939.56,30698.0,76182288,WSL MemTotal-MemAvailable fallback,0,19557411,1677,4,,
4940.595,30704.0,76183392,WSL MemTotal-MemAvailable fallback,0,19557411,1677,4,,
4941.641,30704.0,76174336,WSL MemTotal-MemAvailable fallback,0,19557411,1677,4,,
4942.678,30704.0,76181848,WSL MemTotal-MemAvailable fallback,0,19557411,1677,4,,
4943.712,30704.0,76172492,WSL MemTotal-MemAvailable fallback,0,19557411,1677,4,,
4944.747,30703.0,76170064,WSL MemTotal-MemAvailable fallback,0,19557411,1677,4,,
4945.781,30703.0,76171332,WSL MemTotal-MemAvailable fallback,0,19557411,1677,4,,
4946.816,30703.0,76174408,WSL MemTotal-MemAvailable fallback,0,19557411,1677,4,,
4947.851,30704.0,76174540,WSL MemTotal-MemAvailable fallback,0,19557411,1677,4,,
4948.89,30703.0,76177996,WSL MemTotal-MemAvailable fallback,0,19557411,1677,4,,
4949.924,30703.0,76179656,WSL MemTotal-MemAvailable fallback,0,19557411,1677,4,,
4950.963,30703.0,76195608,WSL MemTotal-MemAvailable fallback,0,19557411,1677,4,,
4951.996,30704.0,76203420,WSL MemTotal-MemAvailable fallback,0,19557411,1677,4,,
4953.03,30698.0,76220804,WSL MemTotal-MemAvailable fallback,0,19557411,1677,4,,
4954.064,30698.0,76214724,WSL MemTotal-MemAvailable fallback,0,19557411,1677,4,,
4955.098,30698.0,76207464,WSL MemTotal-MemAvailable fallback,0,19557411,1677,4,,
4956.16,30698.0,76200532,WSL MemTotal-MemAvailable fallback,0,19557411,1677,4,,
4957.197,30698.0,76198768,WSL MemTotal-MemAvailable fallback,0,19557411,1677,4,,
4958.236,30698.0,76202136,WSL MemTotal-MemAvailable fallback,0,19557411,1677,4,,
4959.27,30698.0,76204496,WSL MemTotal-MemAvailable fallback,0,19557411,1677,4,,
4960.305,30698.0,76212752,WSL MemTotal-MemAvailable fallback,0,19557411,1677,4,,
4961.337,30703.0,76213584,WSL MemTotal-MemAvailable fallback,0,19557411,1677,4,,
4962.371,30703.0,76212124,WSL MemTotal-MemAvailable fallback,0,19557411,1677,4,,
4963.405,30703.0,76207240,WSL MemTotal-MemAvailable fallback,0,19557411,1677,4,,
4964.443,30703.0,76203364,WSL MemTotal-MemAvailable fallback,0,19557411,1677,4,,
4965.476,30703.0,76199796,WSL MemTotal-MemAvailable fallback,0,19557411,1677,4,,
4966.51,30703.0,76199656,WSL MemTotal-MemAvailable fallback,0,19557411,1677,4,,
4967.55,30703.0,76205540,WSL MemTotal-MemAvailable fallback,0,19557411,1677,4,,
4968.584,30703.0,76208008,WSL MemTotal-MemAvailable fallback,0,19557411,1677,4,,
4969.619,30703.0,76210800,WSL MemTotal-MemAvailable fallback,0,19557411,1677,4,,
4970.658,30702.0,76203780,WSL MemTotal-MemAvailable fallback,0,19557411,1677,4,,
4971.702,30697.0,76221040,WSL MemTotal-MemAvailable fallback,0,19557411,1677,4,,
4972.735,30697.0,76214124,WSL MemTotal-MemAvailable fallback,0,19557411,1677,4,,
4973.768,30697.0,76214888,WSL MemTotal-MemAvailable fallback,0,19557411,1677,4,,
4974.803,30697.0,76215452,WSL MemTotal-MemAvailable fallback,0,19557411,1677,4,,
4975.837,30703.0,76209396,WSL MemTotal-MemAvailable fallback,0,19557411,1677,4,,
4976.872,30703.0,76204116,WSL MemTotal-MemAvailable fallback,0,19557411,1677,4,,
4977.906,30703.0,76201660,WSL MemTotal-MemAvailable fallback,0,19557411,1677,4,,
4978.945,30703.0,76213844,WSL MemTotal-MemAvailable fallback,0,19557411,1677,4,,
4979.979,30703.0,76206944,WSL MemTotal-MemAvailable fallback,0,19557411,1677,4,,
4981.014,30703.0,76224272,WSL MemTotal-MemAvailable fallback,0,19557411,1677,4,,
4982.048,30703.0,76219408,WSL MemTotal-MemAvailable fallback,0,19557411,1677,4,,
4983.085,30703.0,76209500,WSL MemTotal-MemAvailable fallback,0,19557411,1677,4,,
4984.122,30703.0,76197320,WSL MemTotal-MemAvailable fallback,0,19557411,1677,4,,
4985.163,30703.0,76191788,WSL MemTotal-MemAvailable fallback,0,19557411,1677,4,,
4986.215,30703.0,76207280,WSL MemTotal-MemAvailable fallback,0,19557411,1677,4,,
4987.25,30704.0,76201112,WSL MemTotal-MemAvailable fallback,0,19557411,1677,4,,
4988.286,30704.0,76198560,WSL MemTotal-MemAvailable fallback,0,19557411,1677,4,,
4989.32,30703.0,76191236,WSL MemTotal-MemAvailable fallback,0,19557411,1677,4,,
4990.354,30703.0,76188316,WSL MemTotal-MemAvailable fallback,0,19557411,1677,4,,
4991.388,30703.0,76184668,WSL MemTotal-MemAvailable fallback,0,19557411,1677,4,,
4992.423,30703.0,76179264,WSL MemTotal-MemAvailable fallback,0,19557411,1677,4,,
4993.457,30703.0,76165576,WSL MemTotal-MemAvailable fallback,0,19557411,1677,4,,
4994.491,30703.0,76165180,WSL MemTotal-MemAvailable fallback,0,19557411,1677,4,,
4995.526,30703.0,76165676,WSL MemTotal-MemAvailable fallback,0,19557411,1677,4,,
4996.56,30703.0,76161596,WSL MemTotal-MemAvailable fallback,0,19557411,1677,4,,
4997.594,30703.0,76161192,WSL MemTotal-MemAvailable fallback,0,19557411,1677,4,,
4998.628,30703.0,76163844,WSL MemTotal-MemAvailable fallback,0,19557411,1677,4,,
4999.662,30704.0,76157512,WSL MemTotal-MemAvailable fallback,0,19557411,1677,4,,
5000.697,30704.0,76158552,WSL MemTotal-MemAvailable fallback,0,19557411,1677,4,,
5001.74,30703.0,76158136,WSL MemTotal-MemAvailable fallback,0,19557411,1677,4,,
5002.773,30703.0,76160300,WSL MemTotal-MemAvailable fallback,0,19557411,1677,4,,
5003.806,30703.0,76150452,WSL MemTotal-MemAvailable fallback,0,19557411,1677,4,,
5004.84,30703.0,76152576,WSL MemTotal-MemAvailable fallback,0,19557411,1677,4,,
5005.874,30703.0,76154404,WSL MemTotal-MemAvailable fallback,0,19557411,1677,4,,
5006.909,30703.0,76151044,WSL MemTotal-MemAvailable fallback,0,19557411,1677,4,,
5007.95,30704.0,76166408,WSL MemTotal-MemAvailable fallback,0,19557411,1677,4,,
5008.991,30703.0,76165332,WSL MemTotal-MemAvailable fallback,0,19557411,1677,4,,
5010.026,30704.0,76159976,WSL MemTotal-MemAvailable fallback,0,19557411,1677,4,,
5011.061,30704.0,76161556,WSL MemTotal-MemAvailable fallback,0,19557411,1677,4,,
5012.094,30704.0,76153972,WSL MemTotal-MemAvailable fallback,0,19557411,1677,4,,
5013.129,30704.0,76150464,WSL MemTotal-MemAvailable fallback,0,19557411,1677,4,,
5014.163,30703.0,76149236,WSL MemTotal-MemAvailable fallback,0,19557411,1677,4,,
5015.198,30703.0,76149264,WSL MemTotal-MemAvailable fallback,0,19557411,1677,4,,
5016.242,30703.0,76145416,WSL MemTotal-MemAvailable fallback,0,19557411,1677,4,,
5017.279,30703.0,76144736,WSL MemTotal-MemAvailable fallback,0,19557411,1677,4,,
5018.313,30703.0,76148424,WSL MemTotal-MemAvailable fallback,0,19557411,1677,4,,
5019.347,30703.0,76148640,WSL MemTotal-MemAvailable fallback,0,19557411,1677,4,,
5020.381,30703.0,76151752,WSL MemTotal-MemAvailable fallback,0,19557411,1677,4,,
5021.416,30703.0,76159280,WSL MemTotal-MemAvailable fallback,0,19557411,1677,4,,
5022.451,30703.0,76161296,WSL MemTotal-MemAvailable fallback,0,19557411,1677,4,,
5023.486,30703.0,76158216,WSL MemTotal-MemAvailable fallback,0,19557411,1677,4,,
5024.52,30703.0,76162408,WSL MemTotal-MemAvailable fallback,0,19557411,1677,4,,
5025.555,30703.0,76164264,WSL MemTotal-MemAvailable fallback,0,19557411,1677,4,,
5026.59,30703.0,76162688,WSL MemTotal-MemAvailable fallback,0,19557411,1677,4,,
5027.624,30703.0,76159568,WSL MemTotal-MemAvailable fallback,0,19557411,1677,4,,
5028.659,30703.0,76163840,WSL MemTotal-MemAvailable fallback,0,19557411,1677,4,,
5029.692,30703.0,76152736,WSL MemTotal-MemAvailable fallback,0,19557411,1677,4,,
5030.727,30703.0,76152092,WSL MemTotal-MemAvailable fallback,0,19557411,1677,4,,
5031.772,30703.0,76155356,WSL MemTotal-MemAvailable fallback,0,19557411,1677,4,,
5031.875,30703.0,76155568,WSL MemTotal-MemAvailable fallback,0,19557411,1677,4,,
